n,N,N_label,standard_paper_grid,seed,flow_theta_kl,gaussian_theta_kl
100,100,N=n,1,0,8.179093218392893,6.709790983467643
100,100,N=n,1,1,8.326078886046693,9.374296779655277
100,100,N=n,1,2,8.672413079302897,9.561149774577778
100,100,N=n,1,3,7.248364421791499,6.335249510293076
100,100,N=n,1,4,11.520234630661085,7.263915653090845
100,100,N=n,1,5,9.094400123698028,7.485406433648997
100,100,N=n,1,6,10.65496874716986,10.668628035553532
100,100,N=n,1,7,12.068895612139409,6.2311230385878185
100,100,N=n,1,8,11.45664477164336,10.72563953383759
100,100,N=n,1,9,8.992253451745622,5.811701181402244
100,100,N=n,1,10,9.06316530132105,9.715970919679563
100,100,N=n,1,11,10.493870275981894,11.009614407802424
100,100,N=n,1,12,10.327903728957088,13.515086295233846
100,100,N=n,1,13,7.354407709257246,6.211569995947907
100,100,N=n,1,14,10.90367990311364,10.51082472911153
100,100,N=n,1,15,7.769268420950405,8.619897013004222
100,100,N=n,1,16,10.113334698053592,11.126690023163087
100,100,N=n,1,17,10.361942289693456,8.997164517393564
100,100,N=n,1,18,8.96461620261895,8.023348823173551
100,100,N=n,1,19,11.498503026833957,9.704503371709212
100,100,N=n,1,20,9.914273012167596,6.99361544462888
100,100,N=n,1,21,10.698715712561096,5.705622641708165
100,100,N=n,1,22,9.09348980136662,7.9044096271470226
100,100,N=n,1,23,9.411964158280528,9.60798258625357
100,100,N=n,1,24,9.312242481812548,9.454917939302552
100,100,N=n,1,25,10.6838007070523,8.54026771830072
100,100,N=n,1,26,9.116477788203476,6.304591054046567
100,100,N=n,1,27,10.007987604176288,10.826976872990668
100,100,N=n,1,28,8.998594852845562,9.993032599477482
100,100,N=n,1,29,8.328742522465777,10.269171459875594
100,100,N=n,1,30,7.266783953428308,6.604279439094014
100,100,N=n,1,31,10.638036053135467,11.708617773467392
100,100,N=n,1,32,6.2859641574681975,10.456491568189255
100,100,N=n,1,33,8.653239449269702,8.482403459358927
100,100,N=n,1,34,9.386237318054722,9.892958455772591
100,100,N=n,1,35,8.905570020625513,7.705720346282205
100,100,N=n,1,36,8.651415760351078,7.972702660378832
100,100,N=n,1,37,9.23424336825594,9.096733347396418
100,100,N=n,1,38,10.765651425787189,10.398305917695032
100,100,N=n,1,39,7.998171594286001,11.785385726661069
100,100,N=n,1,40,9.2820835771558,8.064782000354743
100,100,N=n,1,41,8.87626613647688,11.588963972843612
100,100,N=n,1,42,10.384033278833666,12.247668304152237
100,100,N=n,1,43,11.048762958406652,11.32770218212266
100,100,N=n,1,44,9.347355941570994,8.646783016525688
100,100,N=n,1,45,8.734497311906997,9.920443913251813
100,100,N=n,1,46,12.07629307403268,12.626692223017224
100,100,N=n,1,47,7.251107930217317,11.09995141104874
100,100,N=n,1,48,8.82392465286017,9.130936899416623
100,100,N=n,1,49,10.708339612984544,11.342348374209152
100,100,N=n,1,50,9.081823981589745,7.73746740909383
100,100,N=n,1,51,12.730732824210724,9.88252304958806
100,100,N=n,1,52,9.106333773305552,9.64693759968183
100,100,N=n,1,53,12.292877137150828,6.387639452283387
100,100,N=n,1,54,9.553029499344545,11.240087984035489
100,100,N=n,1,55,8.648970777024003,8.316283403728224
100,100,N=n,1,56,9.33972153197873,8.761175059138042
100,100,N=n,1,57,12.117185510870472,7.661257265483089
100,100,N=n,1,58,11.380138936164142,10.626325066043552
100,100,N=n,1,59,11.700691673547892,11.239155387365544
100,100,N=n,1,60,9.747112232201314,10.343261726038874
100,100,N=n,1,61,10.14894673459127,8.141072360796699
100,100,N=n,1,62,9.961757715212109,10.99579998987726
100,100,N=n,1,63,8.43826177112092,11.176203169884928
100,100,N=n,1,64,9.623855857902566,7.933796585133928
100,100,N=n,1,65,9.581252430198434,10.350622534388156
100,100,N=n,1,66,11.11950572581698,6.932485148532781
100,100,N=n,1,67,9.523230946928813,6.825902973931999
100,100,N=n,1,68,8.751397287034928,5.837513207323388
100,100,N=n,1,69,11.091529917353627,10.360204526238968
100,100,N=n,1,70,11.126456149413098,8.360248859251104
100,100,N=n,1,71,10.49309820387252,10.701523358061946
100,100,N=n,1,72,9.121744065374331,11.47912751529081
100,100,N=n,1,73,10.53116601335427,7.525171549784918
100,100,N=n,1,74,9.960520468513618,11.931797728869345
100,100,N=n,1,75,11.58073486021433,9.878304248795414
100,100,N=n,1,76,9.875474036187113,7.579734483389552
100,100,N=n,1,77,11.13760580553631,7.901720655986364
100,100,N=n,1,78,8.594446512705721,10.170478412611883
100,100,N=n,1,79,9.481502279538573,9.426584945647225
100,100,N=n,1,80,10.208903267804123,8.717845404800883
100,100,N=n,1,81,10.838873609454508,11.78549646225904
100,100,N=n,1,82,11.565975417502864,6.9514539989367465
100,100,N=n,1,83,8.45168132785333,12.480085130126636
100,100,N=n,1,84,12.372899221371398,12.517111407386292
100,100,N=n,1,85,7.426541009675607,11.541687381749298
100,100,N=n,1,86,8.589692589610468,12.060849101172217
100,100,N=n,1,87,8.265734278176577,9.43798427382057
100,100,N=n,1,88,12.57473548648188,6.394712763730889
100,100,N=n,1,89,7.715757633912606,10.975147024308662
100,100,N=n,1,90,9.962845149857625,7.243098052568712
100,100,N=n,1,91,10.756088521094956,10.301782107349586
100,100,N=n,1,92,11.537094201479452,11.728126780386257
100,100,N=n,1,93,10.885904392607088,12.354160633438113
100,100,N=n,1,94,9.172400146875876,8.871195133491739
100,100,N=n,1,95,11.236698202174342,7.2467387836230435
100,100,N=n,1,96,8.538017794811934,11.481477192227995
100,100,N=n,1,97,10.644536022709191,7.735853847347171
100,100,N=n,1,98,9.568439022015871,11.322377582568388
100,100,N=n,1,99,10.555201103413404,7.482064879992943
100,100,N=n,1,100,10.549007324657644,8.431668093065166
100,460,N=n log(n),1,0,7.315881486592849,6.970013561904399
100,460,N=n log(n),1,1,7.741953521262079,7.125114642529062
100,460,N=n log(n),1,2,9.153480555022018,7.409767382522674
100,460,N=n log(n),1,3,6.7916526047158,6.501266565760289
100,460,N=n log(n),1,4,10.232573394773718,5.980984557774588
100,460,N=n log(n),1,5,10.083281917061624,4.585407412578723
100,460,N=n log(n),1,6,6.443236563791459,6.134513941374049
100,460,N=n log(n),1,7,8.037719559375285,7.654537186851457
100,460,N=n log(n),1,8,9.948514520749317,6.282841693382635
100,460,N=n log(n),1,9,6.980316527299392,9.567384880316569
100,460,N=n log(n),1,10,7.552094147980797,5.427605470544384
100,460,N=n log(n),1,11,7.972066678891218,5.943121927141703
100,460,N=n log(n),1,12,9.032780535017064,10.134428525296
100,460,N=n log(n),1,13,5.653212590490266,6.09896995692404
100,460,N=n log(n),1,14,6.788560736333198,5.775934864200419
100,460,N=n log(n),1,15,6.066237089065358,6.481289641783314
100,460,N=n log(n),1,16,5.701651412673075,5.685440591290026
100,460,N=n log(n),1,17,8.733180162858764,8.018479915360437
100,460,N=n log(n),1,18,6.687864628287565,7.700243531368043
100,460,N=n log(n),1,19,10.668439737536795,6.563121432582457
100,460,N=n log(n),1,20,10.1643027090271,7.727595403090543
100,460,N=n log(n),1,21,7.208688971583292,6.338381057987523
100,460,N=n log(n),1,22,9.093375845928342,10.19822417862162
100,460,N=n log(n),1,23,8.14419501185757,6.505427478748832
100,460,N=n log(n),1,24,9.318720343148488,5.196324929269591
100,460,N=n log(n),1,25,8.022728512053211,5.590190423187546
100,460,N=n log(n),1,26,7.394967928386379,6.22265237697569
100,460,N=n log(n),1,27,7.010694718088538,7.609349691561578
100,460,N=n log(n),1,28,7.446977758881555,7.224108385362563
100,460,N=n log(n),1,29,9.65323829887916,7.895074051844904
100,460,N=n log(n),1,30,7.209682521305881,5.7283613079490605
100,460,N=n log(n),1,31,8.520530293363482,7.12084490884441
100,460,N=n log(n),1,32,5.0160243101787,6.385268722237952
100,460,N=n log(n),1,33,9.34983200549123,4.692649081953324
100,460,N=n log(n),1,34,7.564136550285889,7.017203490248904
100,460,N=n log(n),1,35,9.128289684475362,6.094507232969554
100,460,N=n log(n),1,36,6.566093760890413,4.49929011582946
100,460,N=n log(n),1,37,10.178853732716304,8.335538213564455
100,460,N=n log(n),1,38,8.124910769220362,6.082542133208768
100,460,N=n log(n),1,39,9.347740039001454,11.379227692692291
100,460,N=n log(n),1,40,9.697944130936373,6.960583198896208
100,460,N=n log(n),1,41,9.063078307663623,6.045753002535675
100,460,N=n log(n),1,42,8.121518356417448,8.13703168805185
100,460,N=n log(n),1,43,7.941563388172828,10.43449879321947
100,460,N=n log(n),1,44,5.855755611658051,7.4107531263537325
100,460,N=n log(n),1,45,9.266322554709625,9.816083371401756
100,460,N=n log(n),1,46,9.06036289528406,8.341720661366232
100,460,N=n log(n),1,47,6.354736814799633,6.938153635907611
100,460,N=n log(n),1,48,7.511239791721891,6.461344721303332
100,460,N=n log(n),1,49,9.364136620175396,8.552881892745035
100,460,N=n log(n),1,50,7.46044796579077,8.922838694875287
100,460,N=n log(n),1,51,8.591272991641832,5.890104165203348
100,460,N=n log(n),1,52,8.966365831707485,9.596887793484012
100,460,N=n log(n),1,53,9.774841543274375,5.828426338228926
100,460,N=n log(n),1,54,8.90336830549665,7.435133121582275
100,460,N=n log(n),1,55,7.78092403529602,6.398174610904458
100,460,N=n log(n),1,56,8.137868219534285,9.31448127710439
100,460,N=n log(n),1,57,7.471899069522651,5.559045911106008
100,460,N=n log(n),1,58,9.552424639759046,7.450746188583715
100,460,N=n log(n),1,59,8.498350937349652,7.0773024957746875
100,460,N=n log(n),1,60,7.658482890824432,5.569340768685625
100,460,N=n log(n),1,61,8.466770283840775,5.841184034204163
100,460,N=n log(n),1,62,8.64781231140434,8.169193338742344
100,460,N=n log(n),1,63,4.962724405423048,7.521997488415618
100,460,N=n log(n),1,64,6.734422835918754,6.64374945440768
100,460,N=n log(n),1,65,7.780783728546188,6.221350858545895
100,460,N=n log(n),1,66,9.078144533857255,5.760205475077936
100,460,N=n log(n),1,67,8.996210994351946,9.200957919303464
100,460,N=n log(n),1,68,6.905041197711016,8.006424624744257
100,460,N=n log(n),1,69,9.211547749545655,5.423153939171932
100,460,N=n log(n),1,70,7.571661470146931,5.757482757475662
100,460,N=n log(n),1,71,7.849659382667516,5.076944108047268
100,460,N=n log(n),1,72,7.222259754487319,6.504717788106721
100,460,N=n log(n),1,73,7.468452198698078,6.369234811079952
100,460,N=n log(n),1,74,10.26640204946877,6.601360051777702
100,460,N=n log(n),1,75,9.596865128595107,8.803347544438129
100,460,N=n log(n),1,76,9.340497418946192,5.759360463904931
100,460,N=n log(n),1,77,8.688939327260933,6.283898384744941
100,460,N=n log(n),1,78,9.50823646087822,5.794962768677797
100,460,N=n log(n),1,79,8.536909984237802,4.562185905870399
100,460,N=n log(n),1,80,10.949274792389325,5.693883556498782
100,460,N=n log(n),1,81,8.275248123369057,10.314158104085235
100,460,N=n log(n),1,82,8.714076289806082,7.43222646547227
100,460,N=n log(n),1,83,8.994027448148966,11.373082198534364
100,460,N=n log(n),1,84,10.97153686639689,7.705782016015803
100,460,N=n log(n),1,85,6.764040711987172,6.979522236972305
100,460,N=n log(n),1,86,8.135826709186556,11.0413580874703
100,460,N=n log(n),1,87,7.60083386233115,9.09163901932822
100,460,N=n log(n),1,88,9.974518991525,8.57376738054314
100,460,N=n log(n),1,89,7.838866938672195,6.053471626777344
100,460,N=n log(n),1,90,7.409779745617995,6.2564562560397015
100,460,N=n log(n),1,91,7.827785508099823,8.503959345014435
100,460,N=n log(n),1,92,7.608810924761495,11.43956863978677
100,460,N=n log(n),1,93,11.69666273023626,10.857491480484049
100,460,N=n log(n),1,94,7.475634835347357,8.525161643293263
100,460,N=n log(n),1,95,7.5188290260688975,7.394959523111785
100,460,N=n log(n),1,96,7.525666511582965,8.04028942161997
100,460,N=n log(n),1,97,9.1124673255155,7.86958671697907
100,460,N=n log(n),1,98,7.014027834976949,6.87242864878289
100,460,N=n log(n),1,99,8.11443331905431,10.044809920015815
100,460,N=n log(n),1,100,8.57901148354945,7.731290866391669
100,1000,N=n^(3/2),1,0,6.303309337942644,6.818476641715397
100,1000,N=n^(3/2),1,1,5.422487817494876,6.10319974886677
100,1000,N=n^(3/2),1,2,6.6226439310849905,7.262616186783516
100,1000,N=n^(3/2),1,3,5.329053976466674,5.361971327251363
100,1000,N=n^(3/2),1,4,5.379917341024436,5.193094427676732
100,1000,N=n^(3/2),1,5,6.726586240779905,4.640922456456769
100,1000,N=n^(3/2),1,6,6.363426620283625,4.925909539542434
100,1000,N=n^(3/2),1,7,5.922270816409722,7.212942062127848
100,1000,N=n^(3/2),1,8,6.049249661196064,6.181407149296966
100,1000,N=n^(3/2),1,9,6.8092362551429115,6.520100263788639
100,1000,N=n^(3/2),1,10,6.328631549125357,6.014691711436013
100,1000,N=n^(3/2),1,11,8.25775332424368,5.7613098346189435
100,1000,N=n^(3/2),1,12,6.733454263958254,6.1832539063905765
100,1000,N=n^(3/2),1,13,5.330600259163304,5.575107349380012
100,1000,N=n^(3/2),1,14,6.703339152803123,5.344059934902596
100,1000,N=n^(3/2),1,15,5.540284011581992,6.517909626235773
100,1000,N=n^(3/2),1,16,5.16405411542135,5.757775943954342
100,1000,N=n^(3/2),1,17,7.107567757887893,4.695953626418778
100,1000,N=n^(3/2),1,18,5.639851304275312,6.094246885129787
100,1000,N=n^(3/2),1,19,9.181252077466882,7.131659122870424
100,1000,N=n^(3/2),1,20,6.582046853473692,6.49177014607864
100,1000,N=n^(3/2),1,21,7.693738935236045,10.085013938649888
100,1000,N=n^(3/2),1,22,7.482195689784143,7.343665114472224
100,1000,N=n^(3/2),1,23,5.983317637498268,5.2482050003402385
100,1000,N=n^(3/2),1,24,8.671412727858751,5.269017431885319
100,1000,N=n^(3/2),1,25,6.121948677003702,5.8559951296690835
100,1000,N=n^(3/2),1,26,5.9866844014701845,6.546855674614933
100,1000,N=n^(3/2),1,27,7.731331120620924,6.735569455363488
100,1000,N=n^(3/2),1,28,7.444214179236913,6.082485849773425
100,1000,N=n^(3/2),1,29,8.036965771552453,6.148712064733883
100,1000,N=n^(3/2),1,30,8.1697883429031,5.260372939078606
100,1000,N=n^(3/2),1,31,6.1947703155365605,6.1038793580620805
100,1000,N=n^(3/2),1,32,4.67297962797066,5.851183573966194
100,1000,N=n^(3/2),1,33,6.63352004724091,4.963307487074304
100,1000,N=n^(3/2),1,34,6.993739108641657,6.3830073266390395
100,1000,N=n^(3/2),1,35,9.195646219165496,9.14650311459928
100,1000,N=n^(3/2),1,36,6.077061833553221,4.282123365887799
100,1000,N=n^(3/2),1,37,8.038493111089986,6.582709160074144
100,1000,N=n^(3/2),1,38,6.61781754434277,10.417130354756267
100,1000,N=n^(3/2),1,39,9.736548742639544,5.715640985774001
100,1000,N=n^(3/2),1,40,6.56157921812329,5.381928829724564
100,1000,N=n^(3/2),1,41,8.72652118110381,7.900138050877198
100,1000,N=n^(3/2),1,42,6.3223334383359635,5.335942122625766
100,1000,N=n^(3/2),1,43,6.627168171477875,6.265353635472962
100,1000,N=n^(3/2),1,44,5.83941563111293,6.6326300896166615
100,1000,N=n^(3/2),1,45,7.455812431587935,7.42421491630154
100,1000,N=n^(3/2),1,46,6.872805299945971,6.366620405527099
100,1000,N=n^(3/2),1,47,4.566842201800269,6.292074849926144
100,1000,N=n^(3/2),1,48,7.332390405662629,6.68542993092496
100,1000,N=n^(3/2),1,49,6.967673126608262,8.69612130163631
100,1000,N=n^(3/2),1,50,5.569186769418729,6.426819319629432
100,1000,N=n^(3/2),1,51,6.892840033850114,4.6665617435439355
100,1000,N=n^(3/2),1,52,6.52416798000686,6.343349021337103
100,1000,N=n^(3/2),1,53,8.113158650825612,5.817133612831357
100,1000,N=n^(3/2),1,54,6.714758679725477,10.13834891817354
100,1000,N=n^(3/2),1,55,7.857976803618358,6.036976358663587
100,1000,N=n^(3/2),1,56,7.232716342326541,6.529864161228423
100,1000,N=n^(3/2),1,57,6.241822734235289,5.766071274447111
100,1000,N=n^(3/2),1,58,7.673842622948951,7.363409425081413
100,1000,N=n^(3/2),1,59,8.346427325553151,6.749553610037228
100,1000,N=n^(3/2),1,60,7.212649746932467,6.605162902684282
100,1000,N=n^(3/2),1,61,5.8359703008326855,6.240644454201345
100,1000,N=n^(3/2),1,62,9.598280946846357,6.318424044857315
100,1000,N=n^(3/2),1,63,4.378379025278368,5.561570043817844
100,1000,N=n^(3/2),1,64,6.017910811431917,6.803718022839678
100,1000,N=n^(3/2),1,65,6.277569960609247,5.948023989484749
100,1000,N=n^(3/2),1,66,8.566131973817933,5.761247585591554
100,1000,N=n^(3/2),1,67,7.615733905786357,7.532664168076969
100,1000,N=n^(3/2),1,68,7.436650573503515,6.166865445109253
100,1000,N=n^(3/2),1,69,6.676306463289721,5.612896599425175
100,1000,N=n^(3/2),1,70,6.840241595793332,5.664266933677239
100,1000,N=n^(3/2),1,71,6.127541674646421,5.251792088830244
100,1000,N=n^(3/2),1,72,7.582094986019427,5.581657267957733
100,1000,N=n^(3/2),1,73,8.19223073593834,5.04635028387634
100,1000,N=n^(3/2),1,74,7.466362986161364,5.929920781600278
100,1000,N=n^(3/2),1,75,7.882798689316242,4.7369366678425795
100,1000,N=n^(3/2),1,76,8.478661350205781,6.442490014234459
100,1000,N=n^(3/2),1,77,8.067961614955065,5.366875370538893
100,1000,N=n^(3/2),1,78,8.063344765900979,5.828912245551231
100,1000,N=n^(3/2),1,79,6.774207803504228,4.887042542493336
100,1000,N=n^(3/2),1,80,6.609505134287192,5.095817105352459
100,1000,N=n^(3/2),1,81,6.371883901960964,7.266504926749043
100,1000,N=n^(3/2),1,82,6.8123376116826115,6.778845326605253
100,1000,N=n^(3/2),1,83,9.15783306017524,7.567077496252079
100,1000,N=n^(3/2),1,84,9.768993832464837,6.303113765243296
100,1000,N=n^(3/2),1,85,5.087999520804653,6.896000022113681
100,1000,N=n^(3/2),1,86,7.889810909108918,7.197296758353159
100,1000,N=n^(3/2),1,87,6.34590305834408,6.373126695463885
100,1000,N=n^(3/2),1,88,6.594787153808532,5.009808621762884
100,1000,N=n^(3/2),1,89,6.52658585444454,5.555811157393195
100,1000,N=n^(3/2),1,90,5.190812902004583,6.1940887128130475
100,1000,N=n^(3/2),1,91,6.3929354811199595,5.928081859952999
100,1000,N=n^(3/2),1,92,7.000853216259781,5.806745026545349
100,1000,N=n^(3/2),1,93,8.870126474723872,5.538152039632506
100,1000,N=n^(3/2),1,94,5.463755468597908,5.460276584371902
100,1000,N=n^(3/2),1,95,6.1517549643155105,10.988247120749628
100,1000,N=n^(3/2),1,96,5.538248995145989,7.298002835154819
100,1000,N=n^(3/2),1,97,8.358726931777637,6.415485668813062
100,1000,N=n^(3/2),1,98,6.594800241099485,5.75192542747702
100,1000,N=n^(3/2),1,99,6.876798302923569,6.532350783954282
100,1000,N=n^(3/2),1,100,7.85377198859121,6.221975867139489
100,10000,N=n^2,1,0,4.972799721747972,4.784845817179296
100,10000,N=n^2,1,1,3.3360864801084933,4.035050427270146
100,10000,N=n^2,1,2,4.582954415972067,4.411303399445207
100,10000,N=n^2,1,3,4.101300311823698,5.349538161936854
100,10000,N=n^2,1,4,3.9183453083180817,2.999242248008868
100,10000,N=n^2,1,5,4.910471364377509,2.7461005588607454
100,10000,N=n^2,1,6,5.122265882415574,3.057993166427415
100,10000,N=n^2,1,7,4.579486483574591,4.632383643796662
100,10000,N=n^2,1,8,3.5040284110296853,4.45409407037282
100,10000,N=n^2,1,9,3.845874627345597,5.097604540977283
100,10000,N=n^2,1,10,3.578576462471221,4.074297521836822
100,10000,N=n^2,1,11,4.971794438291943,3.3585250124761092
100,10000,N=n^2,1,12,4.816541247050238,4.482792061507431
100,10000,N=n^2,1,13,4.152835770895723,4.093436723229255
100,10000,N=n^2,1,14,4.331124359244815,3.449047902459182
100,10000,N=n^2,1,15,3.4339933700030048,3.8501945455590865
100,10000,N=n^2,1,16,4.255469494937275,3.885741630620114
100,10000,N=n^2,1,17,5.215038600264246,3.3639962978658686
100,10000,N=n^2,1,18,4.066922515155805,4.518938835107181
100,10000,N=n^2,1,19,5.040156756697117,4.513107624374485
100,10000,N=n^2,1,20,4.222372399978188,3.973175192399387
100,10000,N=n^2,1,21,4.178208115159615,3.9481398407021873
100,10000,N=n^2,1,22,4.971348539730328,5.313843629445824
100,10000,N=n^2,1,23,3.432788080863268,3.0208387918885893
100,10000,N=n^2,1,24,4.01442779731546,2.9369250539822804
100,10000,N=n^2,1,25,3.358585337921802,3.901523049459888
100,10000,N=n^2,1,26,3.4732878434909935,5.450548637643002
100,10000,N=n^2,1,27,4.12321450147763,4.4070096168950785
100,10000,N=n^2,1,28,4.0962908145156485,6.164127803928582
100,10000,N=n^2,1,29,4.214510552813456,3.914227999397536
100,10000,N=n^2,1,30,3.2236899292373917,3.4672606144948297
100,10000,N=n^2,1,31,4.66061376440311,4.611082834805077
100,10000,N=n^2,1,32,2.469789381152827,3.7317491459844687
100,10000,N=n^2,1,33,3.914895319702378,2.7675966890838173
100,10000,N=n^2,1,34,4.204806139439321,5.040124774749442
100,10000,N=n^2,1,35,5.9510042263663365,3.377456487884648
100,10000,N=n^2,1,36,5.046481079464703,2.92785755196635
100,10000,N=n^2,1,37,5.36956757859197,5.900890532265299
100,10000,N=n^2,1,38,3.4598023263222424,4.563644821774906
100,10000,N=n^2,1,39,4.930419255499198,3.9781471362402945
100,10000,N=n^2,1,40,4.736915295789451,4.550280385858666
100,10000,N=n^2,1,41,5.888571884762866,4.3281655377978225
100,10000,N=n^2,1,42,4.471920048311011,4.305577017186172
100,10000,N=n^2,1,43,5.859842238957662,4.262499407223299
100,10000,N=n^2,1,44,4.738557476132348,4.8302138888609045
100,10000,N=n^2,1,45,4.361278036565195,5.6300941438481
100,10000,N=n^2,1,46,3.5516111154298153,4.1230099700308
100,10000,N=n^2,1,47,3.0441833817704835,5.10528616162105
100,10000,N=n^2,1,48,3.859690575062913,4.194609879410954
100,10000,N=n^2,1,49,5.688397150660869,4.032844281949561
100,10000,N=n^2,1,50,4.43915112937006,4.241714065792907
100,10000,N=n^2,1,51,3.465981476033834,3.0952044453690246
100,10000,N=n^2,1,52,3.4899383973591944,4.1712269840071965
100,10000,N=n^2,1,53,6.662294139161447,3.672851682008503
100,10000,N=n^2,1,54,4.152077405541934,5.152782091634746
100,10000,N=n^2,1,55,4.792465862108156,3.854580672901088
100,10000,N=n^2,1,56,5.585826780760166,4.212102712657935
100,10000,N=n^2,1,57,4.163109255140721,3.460287459938055
100,10000,N=n^2,1,58,4.0828401266484455,4.386191839171871
100,10000,N=n^2,1,59,4.722810281520148,3.987163226915728
100,10000,N=n^2,1,60,4.144307857832629,3.463330720359072
100,10000,N=n^2,1,61,5.497922380956616,4.548119675939255
100,10000,N=n^2,1,62,5.343205397586051,5.250045831754863
100,10000,N=n^2,1,63,5.2212858810378036,4.545740397973006
100,10000,N=n^2,1,64,3.865180487900727,4.231645895691914
100,10000,N=n^2,1,65,4.299529192066964,3.801508691267593
100,10000,N=n^2,1,66,4.054766773592946,3.090565812263264
100,10000,N=n^2,1,67,4.7629937539367555,6.370410742497244
100,10000,N=n^2,1,68,4.2014067856463475,3.281173559499634
100,10000,N=n^2,1,69,4.289220017367186,3.4934197820330426
100,10000,N=n^2,1,70,5.09828507505019,3.4547779970713344
100,10000,N=n^2,1,71,4.084536974518844,3.838781160195014
100,10000,N=n^2,1,72,4.705135758150151,5.049631236300751
100,10000,N=n^2,1,73,4.199042235471912,3.5301272320694905
100,10000,N=n^2,1,74,5.905160453147917,3.918412475788048
100,10000,N=n^2,1,75,5.192525538819804,3.9113432615488617
100,10000,N=n^2,1,76,4.245738099403011,4.566176296018883
100,10000,N=n^2,1,77,7.1062974945117405,3.461828644130565
100,10000,N=n^2,1,78,7.624273971908078,4.234528983918567
100,10000,N=n^2,1,79,4.167106630514348,3.575631326454991
100,10000,N=n^2,1,80,5.097845442191917,3.759015152994095
100,10000,N=n^2,1,81,4.3928187793050055,4.456780767606188
100,10000,N=n^2,1,82,4.05773809428958,3.9871701211695822
100,10000,N=n^2,1,83,4.949492346133698,5.064511657032062
100,10000,N=n^2,1,84,3.849587933609652,3.6179464011463978
100,10000,N=n^2,1,85,4.472887950127981,4.521574098935176
100,10000,N=n^2,1,86,3.791745845450748,4.571992035963809
100,10000,N=n^2,1,87,5.195818859711618,4.6473415632395465
100,10000,N=n^2,1,88,3.8991067782054185,2.8463585094972257
100,10000,N=n^2,1,89,4.719551562362156,4.052825861206242
100,10000,N=n^2,1,90,4.510446689662974,3.731306838978951
100,10000,N=n^2,1,91,6.185908661805844,4.785832882914308
100,10000,N=n^2,1,92,4.3303402733080585,4.064034849873137
100,10000,N=n^2,1,93,5.635113827662994,4.253732261549212
100,10000,N=n^2,1,94,3.5652491009253273,3.879514027250566
100,10000,N=n^2,1,95,5.559072149868637,3.5494536704593513
100,10000,N=n^2,1,96,3.633082326018134,5.078046118761655
100,10000,N=n^2,1,97,5.3175921046458186,4.957386118882469
100,10000,N=n^2,1,98,3.924112916669285,4.051622002484298
100,10000,N=n^2,1,99,5.595604099032402,4.120520973421997
100,10000,N=n^2,1,100,4.504441176503043,4.444809054895038
500,500,N=n,1,0,8.978846661069564,8.879784209005155
500,500,N=n,1,1,7.495205729085941,11.720390861604926
500,500,N=n,1,2,11.55171764234178,8.566390035397767
500,500,N=n,1,3,8.692194553747052,7.986909328120868
500,500,N=n,1,4,9.918577071674598,7.65019421462717
500,500,N=n,1,5,8.819447367416167,9.960547535501076
500,500,N=n,1,6,8.706687243908528,8.146963319146659
500,500,N=n,1,7,9.493726671546083,7.641457092026481
500,500,N=n,1,8,10.122625728686293,8.562538125109509
500,500,N=n,1,9,7.332519923472597,7.305386032074115
500,500,N=n,1,10,9.948085281260344,9.151175207004677
500,500,N=n,1,11,7.264369818791351,9.407766939037502
500,500,N=n,1,12,11.974054999533822,10.170636341704336
500,500,N=n,1,13,8.975426202323762,9.276228770166972
500,500,N=n,1,14,9.35450652732754,8.017282041528023
500,500,N=n,1,15,11.911755371677456,8.766576095052747
500,500,N=n,1,16,9.449766774237624,11.35289617149223
500,500,N=n,1,17,9.914427307549945,7.621943003074681
500,500,N=n,1,18,7.458502973242385,8.28676771171026
500,500,N=n,1,19,7.910991365817629,8.567459211231784
500,500,N=n,1,20,7.754708264052018,7.918643770860926
500,500,N=n,1,21,9.156661125393772,8.470147892623292
500,500,N=n,1,22,7.852323365126526,7.742880322193107
500,500,N=n,1,23,10.15665318593974,8.968208080635494
500,500,N=n,1,24,11.48584737446934,7.838699999089432
500,500,N=n,1,25,8.668626873834942,8.209887550341739
500,500,N=n,1,26,10.733893944955527,8.698903790360887
500,500,N=n,1,27,11.60134809737886,7.288482615442656
500,500,N=n,1,28,11.159622096348212,6.992572090239236
500,500,N=n,1,29,8.201895971550302,8.261339978549735
500,500,N=n,1,30,10.642973810606462,8.792457075543357
500,500,N=n,1,31,6.975481862554598,8.102641506287538
500,500,N=n,1,32,8.722576018348402,8.72455833065361
500,500,N=n,1,33,9.995327176989765,8.460729023907566
500,500,N=n,1,34,11.372904192762327,7.589576437284786
500,500,N=n,1,35,8.485705373435557,7.572583119649058
500,500,N=n,1,36,8.81268708153025,7.114171911219646
500,500,N=n,1,37,10.734602007426153,8.444312353588503
500,500,N=n,1,38,8.44000378016245,7.570714693050668
500,500,N=n,1,39,7.510401423474353,8.319877234653474
500,500,N=n,1,40,8.710365974070646,6.617344452899266
500,500,N=n,1,41,13.379009092134089,9.314236831990508
500,500,N=n,1,42,8.892841110747959,8.153344927377818
500,500,N=n,1,43,8.083837848923856,7.588205165019912
500,500,N=n,1,44,9.642250815696876,6.982007447075096
500,500,N=n,1,45,11.06925757429528,8.220512362000136
500,500,N=n,1,46,13.851987460967068,8.667293101473867
500,500,N=n,1,47,9.931286916732873,8.345445311434151
500,500,N=n,1,48,8.209504853303521,8.083861486377948
500,500,N=n,1,49,10.819799942682124,8.142973770085657
500,500,N=n,1,50,8.482145426580095,10.478999210805938
500,500,N=n,1,51,11.222964952287132,9.021086704419677
500,500,N=n,1,52,11.62444365114405,9.17577322109542
500,500,N=n,1,53,7.822424895206131,9.794440205033403
500,500,N=n,1,54,8.046743848922663,8.083624598001865
500,500,N=n,1,55,10.764967435155,10.129730944695574
500,500,N=n,1,56,9.037870064949956,11.373798931606794
500,500,N=n,1,57,7.701261551295711,8.469489353734298
500,500,N=n,1,58,7.325032882176174,7.129961337950685
500,500,N=n,1,59,8.430625249599881,6.911700579536898
500,500,N=n,1,60,7.442221349633095,6.885760009063817
500,500,N=n,1,61,8.345869326510961,8.281120116779523
500,500,N=n,1,62,9.410013437481126,10.204963585042565
500,500,N=n,1,63,9.560212066752005,8.16626009496303
500,500,N=n,1,64,10.986402824290668,9.15581644655454
500,500,N=n,1,65,11.712981102755284,8.25812488496215
500,500,N=n,1,66,9.48564078907339,8.487986286579526
500,500,N=n,1,67,7.620405447400085,8.771268040932826
500,500,N=n,1,68,7.427266081410116,9.15727485889919
500,500,N=n,1,69,9.064589282261396,8.969573243238106
500,500,N=n,1,70,7.979146046130427,7.651846335129121
500,500,N=n,1,71,7.021822685272942,8.271041689159006
500,500,N=n,1,72,10.33139673413147,8.115630038645298
500,500,N=n,1,73,9.84608472527217,14.756578913353511
500,500,N=n,1,74,6.833436563400827,9.043519827528083
500,500,N=n,1,75,9.328084842947272,8.632392062924167
500,500,N=n,1,76,11.671684438812193,7.815970614002155
500,500,N=n,1,77,9.040819601501235,8.623375190914325
500,500,N=n,1,78,8.904834313737974,10.041938125684066
500,500,N=n,1,79,11.701652575439294,8.327475604793467
500,500,N=n,1,80,9.193355949177334,8.058143595575972
500,500,N=n,1,81,7.901744901974911,13.208363678829896
500,500,N=n,1,82,10.338926781175552,10.532191754650402
500,500,N=n,1,83,8.82297782354779,9.694573654743344
500,500,N=n,1,84,11.096044058581835,8.085207912975324
500,500,N=n,1,85,8.501686329075536,8.639989397811329
500,500,N=n,1,86,11.452127734200454,7.835613317630977
500,500,N=n,1,87,8.74072205422269,7.545424666992247
500,500,N=n,1,88,11.1094935238689,9.014053812117956
500,500,N=n,1,89,8.94934462075949,9.652810800688297
500,500,N=n,1,90,8.82287925559984,8.210618883501217
500,500,N=n,1,91,11.228570007179169,9.007604368483786
500,500,N=n,1,92,8.051382681951953,8.167814983059758
500,500,N=n,1,93,8.314543506837465,12.51211842662219
500,500,N=n,1,94,9.493497461429795,7.327829750931569
500,500,N=n,1,95,10.798147920896389,11.636120032202845
500,500,N=n,1,96,10.18185646331954,7.8555372319885315
500,500,N=n,1,97,9.82108890710709,7.4163585651993955
500,500,N=n,1,98,8.814519963185068,8.504178041117873
500,500,N=n,1,99,8.566477410776836,7.818603043379327
500,500,N=n,1,100,11.181091325037446,8.732930265995016
500,3107,N=n log(n),1,0,4.94023463326316,7.362203559065586
500,3107,N=n log(n),1,1,7.291945295525443,8.323057685650367
500,3107,N=n log(n),1,2,7.248092247198672,6.6440101963437925
500,3107,N=n log(n),1,3,7.253130270035775,7.278289257751306
500,3107,N=n log(n),1,4,5.857767199805613,6.575664109965268
500,3107,N=n log(n),1,5,5.5464951914386065,7.287657490918132
500,3107,N=n log(n),1,6,5.128559079944811,5.64479435167213
500,3107,N=n log(n),1,7,6.191746132751304,6.717156918507891
500,3107,N=n log(n),1,8,5.5117802608417,6.571221807003142
500,3107,N=n log(n),1,9,6.185112262414932,6.810761951934582
500,3107,N=n log(n),1,10,7.727759904000213,9.050921272827392
500,3107,N=n log(n),1,11,5.889678651043434,6.768161818137973
500,3107,N=n log(n),1,12,6.975718403178156,6.063072707818284
500,3107,N=n log(n),1,13,4.361453526699979,5.880660631529396
500,3107,N=n log(n),1,14,5.957563129290093,6.9734940163061365
500,3107,N=n log(n),1,15,5.987950772314523,7.019343702602184
500,3107,N=n log(n),1,16,6.718788154720249,6.971075699761753
500,3107,N=n log(n),1,17,5.865564328895242,7.913176838631723
500,3107,N=n log(n),1,18,7.173970213893965,7.02463010713693
500,3107,N=n log(n),1,19,6.793879024277436,6.714047729929311
500,3107,N=n log(n),1,20,8.075098794242816,6.582873034921394
500,3107,N=n log(n),1,21,6.9204232406611865,7.123109842906858
500,3107,N=n log(n),1,22,6.580299694776327,7.460471522991756
500,3107,N=n log(n),1,23,6.580350882222775,6.760357326077439
500,3107,N=n log(n),1,24,5.879272476748452,6.016477539005565
500,3107,N=n log(n),1,25,6.414514735509994,6.477671766930347
500,3107,N=n log(n),1,26,6.84683559799027,7.574506100992133
500,3107,N=n log(n),1,27,5.990210474331884,7.691540152730493
500,3107,N=n log(n),1,28,6.132359120434767,7.0840293295607974
500,3107,N=n log(n),1,29,6.122669726051412,6.117741279238831
500,3107,N=n log(n),1,30,6.877862827992063,7.138262753271495
500,3107,N=n log(n),1,31,6.149119763308404,7.773715741468248
500,3107,N=n log(n),1,32,6.734877794534566,7.135899142616502
500,3107,N=n log(n),1,33,5.844891620700915,6.998123805578059
500,3107,N=n log(n),1,34,7.743830647001544,6.7850172955986325
500,3107,N=n log(n),1,35,7.3996285546194285,7.788744785137514
500,3107,N=n log(n),1,36,5.54533258888894,6.964808969723463
500,3107,N=n log(n),1,37,6.617848405091829,6.76183320249781
500,3107,N=n log(n),1,38,5.571818643604797,5.685251857551479
500,3107,N=n log(n),1,39,6.212570435548483,6.764732311448476
500,3107,N=n log(n),1,40,6.751579837958135,7.976394397585996
500,3107,N=n log(n),1,41,10.641794248657243,7.113425950521855
500,3107,N=n log(n),1,42,5.304330730130801,7.022884809174587
500,3107,N=n log(n),1,43,7.513660753680739,6.665095293797811
500,3107,N=n log(n),1,44,7.738836458192136,7.124680105875213
500,3107,N=n log(n),1,45,6.177574158057883,6.52941467712646
500,3107,N=n log(n),1,46,4.922747381934595,6.2595463939785185
500,3107,N=n log(n),1,47,7.470380993101957,7.395642475293607
500,3107,N=n log(n),1,48,5.947111530341623,6.575498346413994
500,3107,N=n log(n),1,49,5.946603767275688,6.587422242245062
500,3107,N=n log(n),1,50,7.21977273873906,9.614235786778998
500,3107,N=n log(n),1,51,6.163315616862024,8.702307063350164
500,3107,N=n log(n),1,52,5.152006367039608,6.1455712636981215
500,3107,N=n log(n),1,53,5.8129303321138,6.8934537605085024
500,3107,N=n log(n),1,54,7.59746647207198,6.97338389478144
500,3107,N=n log(n),1,55,6.466972692414462,7.049770618520315
500,3107,N=n log(n),1,56,5.815459067103549,8.56014220211079
500,3107,N=n log(n),1,57,6.7379409860894794,7.237432882014185
500,3107,N=n log(n),1,58,6.69390849110922,7.392581854751008
500,3107,N=n log(n),1,59,5.963265741776351,6.293531636525695
500,3107,N=n log(n),1,60,7.23215999609718,7.075889517628084
500,3107,N=n log(n),1,61,8.688237707422164,8.29102109166002
500,3107,N=n log(n),1,62,8.116678006955539,7.493125178916589
500,3107,N=n log(n),1,63,5.707887663176666,7.880905213694124
500,3107,N=n log(n),1,64,6.767017250218394,7.1941952342457895
500,3107,N=n log(n),1,65,6.583769635253301,7.449160737918601
500,3107,N=n log(n),1,66,6.12109082575532,6.829402180084212
500,3107,N=n log(n),1,67,6.389933139059193,8.426548368515578
500,3107,N=n log(n),1,68,8.545473990069455,7.535538580369331
500,3107,N=n log(n),1,69,7.311357397983706,8.163126313353875
500,3107,N=n log(n),1,70,5.21779776347982,5.9812230737078105
500,3107,N=n log(n),1,71,7.528980181432109,7.102862203696471
500,3107,N=n log(n),1,72,5.677490570875592,8.05734044318574
500,3107,N=n log(n),1,73,6.098120168451984,8.382347160899354
500,3107,N=n log(n),1,74,5.647701285514412,6.783854636647507
500,3107,N=n log(n),1,75,6.4821632615155265,6.1675906559992155
500,3107,N=n log(n),1,76,7.041874614582174,7.536516275587445
500,3107,N=n log(n),1,77,6.025368057615776,6.646491124106398
500,3107,N=n log(n),1,78,8.271465075673387,7.81698208920764
500,3107,N=n log(n),1,79,6.766648356268731,8.283934157873722
500,3107,N=n log(n),1,80,5.606970910669071,8.404761098085377
500,3107,N=n log(n),1,81,7.028419906563631,6.972666761357129
500,3107,N=n log(n),1,82,5.666029830259516,5.834526564923786
500,3107,N=n log(n),1,83,4.725376199465651,6.7247974179521
500,3107,N=n log(n),1,84,6.846191982303798,6.488721340330245
500,3107,N=n log(n),1,85,6.33830598782312,8.067554624185815
500,3107,N=n log(n),1,86,6.259476270305252,8.944571585706083
500,3107,N=n log(n),1,87,6.315506203784276,8.102996877205754
500,3107,N=n log(n),1,88,7.632123947564173,7.239172580686682
500,3107,N=n log(n),1,89,6.042296985383856,8.91835734791421
500,3107,N=n log(n),1,90,6.462320155415038,7.928955028207844
500,3107,N=n log(n),1,91,5.530085800110019,8.304347179242644
500,3107,N=n log(n),1,92,6.798687681466077,6.974184773961436
500,3107,N=n log(n),1,93,5.108863792409487,7.098531947602341
500,3107,N=n log(n),1,94,5.963294090228644,7.650526829229374
500,3107,N=n log(n),1,95,5.36704721867298,7.063113398055271
500,3107,N=n log(n),1,96,7.216696198152096,6.464289739294403
500,3107,N=n log(n),1,97,4.718342419955613,6.829874981433459
500,3107,N=n log(n),1,98,7.013562929703267,6.424185849290581
500,3107,N=n log(n),1,99,7.815576312561532,7.278178500908222
500,3107,N=n log(n),1,100,6.999979739551177,6.7666860830740445
500,11180,N=n^(3/2),1,0,4.771120616063696,3.996379255054835
500,11180,N=n^(3/2),1,1,3.9207274775341103,6.992311349459889
500,11180,N=n^(3/2),1,2,3.8371462072841167,4.710470566862467
500,11180,N=n^(3/2),1,3,4.772985434136688,5.033498003220042
500,11180,N=n^(3/2),1,4,5.63160531347624,4.6067362114263615
500,11180,N=n^(3/2),1,5,4.417373857806828,5.025332202145687
500,11180,N=n^(3/2),1,6,3.177099495393857,4.46605500307152
500,11180,N=n^(3/2),1,7,4.043869506490472,4.754497051434742
500,11180,N=n^(3/2),1,8,3.9571398672928977,4.134587832542756
500,11180,N=n^(3/2),1,9,3.8582939246033487,4.751502759811165
500,11180,N=n^(3/2),1,10,6.178631980043879,4.578172654758304
500,11180,N=n^(3/2),1,11,4.845462643915938,4.447243159270487
500,11180,N=n^(3/2),1,12,5.947797035218777,4.7097534917535535
500,11180,N=n^(3/2),1,13,3.431870095739946,4.553111207252772
500,11180,N=n^(3/2),1,14,5.282350531091008,4.673396129940338
500,11180,N=n^(3/2),1,15,4.4888552221759515,4.24306690808974
500,11180,N=n^(3/2),1,16,4.585302495182405,4.9118907284180295
500,11180,N=n^(3/2),1,17,3.900925568269372,5.376917821727517
500,11180,N=n^(3/2),1,18,5.567518517262787,5.171690694917977
500,11180,N=n^(3/2),1,19,4.596942550708637,5.282226283235701
500,11180,N=n^(3/2),1,20,5.1138660156868525,4.085069243512169
500,11180,N=n^(3/2),1,21,4.3365386839256415,4.009215326544542
500,11180,N=n^(3/2),1,22,4.9606878886752215,4.489169908359863
500,11180,N=n^(3/2),1,23,4.114693972331985,4.352553240913885
500,11180,N=n^(3/2),1,24,4.235986760683161,3.950611188394898
500,11180,N=n^(3/2),1,25,4.202116879585899,3.467484515944561
500,11180,N=n^(3/2),1,26,4.9912553850065,5.3432026208878565
500,11180,N=n^(3/2),1,27,4.078851174535194,4.487811021852881
500,11180,N=n^(3/2),1,28,5.762051567612545,4.751234617768192
500,11180,N=n^(3/2),1,29,4.6529314029868765,4.17579561247745
500,11180,N=n^(3/2),1,30,4.832331534274176,3.8335323354992856
500,11180,N=n^(3/2),1,31,3.9504456614616,4.745418000236337
500,11180,N=n^(3/2),1,32,4.543364139660908,5.301073096433243
500,11180,N=n^(3/2),1,33,4.523963890058722,4.749571240298154
500,11180,N=n^(3/2),1,34,4.370867734632822,4.039955142588281
500,11180,N=n^(3/2),1,35,5.827023551163804,4.730108353477896
500,11180,N=n^(3/2),1,36,3.6701183318911137,5.093217821639013
500,11180,N=n^(3/2),1,37,4.442388530527234,4.3845523057456575
500,11180,N=n^(3/2),1,38,5.279725729337334,4.575048036431079
500,11180,N=n^(3/2),1,39,4.211143181721821,4.122921261053403
500,11180,N=n^(3/2),1,40,5.011439504379465,4.9803144666509995
500,11180,N=n^(3/2),1,41,9.465835023381969,4.185381772664788
500,11180,N=n^(3/2),1,42,3.848081703220178,4.7590133138115975
500,11180,N=n^(3/2),1,43,4.239476148281259,4.332267725749232
500,11180,N=n^(3/2),1,44,3.5837756082895247,4.564762161338211
500,11180,N=n^(3/2),1,45,4.384249239485701,4.539048248041407
500,11180,N=n^(3/2),1,46,4.395169943483712,3.807482452622689
500,11180,N=n^(3/2),1,47,4.371071221066937,4.159550759011288
500,11180,N=n^(3/2),1,48,5.1318533975840275,4.830241068604076
500,11180,N=n^(3/2),1,49,4.836300853741377,4.661657715849923
500,11180,N=n^(3/2),1,50,5.031705775573482,4.542595187509896
500,11180,N=n^(3/2),1,51,3.895404708320016,4.788630544376681
500,11180,N=n^(3/2),1,52,4.040015236326017,4.063376085945241
500,11180,N=n^(3/2),1,53,4.4822471422636925,4.2981434483183145
500,11180,N=n^(3/2),1,54,5.599378497824468,4.323487915709835
500,11180,N=n^(3/2),1,55,4.7060176615116065,4.9739589670112085
500,11180,N=n^(3/2),1,56,3.4716423549572375,4.152969352701255
500,11180,N=n^(3/2),1,57,3.746950441104451,4.256717194241921
500,11180,N=n^(3/2),1,58,4.481693565374057,4.04799213259187
500,11180,N=n^(3/2),1,59,4.83110037254338,4.457783747929882
500,11180,N=n^(3/2),1,60,5.246836317393098,6.017050596379748
500,11180,N=n^(3/2),1,61,4.230853497522834,4.751593388938209
500,11180,N=n^(3/2),1,62,5.1291802733052645,4.841654790939744
500,11180,N=n^(3/2),1,63,3.719868789343567,4.65560720458707
500,11180,N=n^(3/2),1,64,4.579959277695858,4.387375038316217
500,11180,N=n^(3/2),1,65,5.19906887270625,5.600975572325364
500,11180,N=n^(3/2),1,66,5.40840020206048,5.295609704197954
500,11180,N=n^(3/2),1,67,4.044278109563225,7.387474449551819
500,11180,N=n^(3/2),1,68,6.12199914080276,5.065270709577922
500,11180,N=n^(3/2),1,69,3.961059329133038,5.297713511360718
500,11180,N=n^(3/2),1,70,3.3573710831316954,4.357159923899658
500,11180,N=n^(3/2),1,71,5.739977067316429,4.983377900352527
500,11180,N=n^(3/2),1,72,4.084179819638509,5.091034389295902
500,11180,N=n^(3/2),1,73,4.340753989220508,5.896263079391139
500,11180,N=n^(3/2),1,74,4.119083100369932,3.941730396277392
500,11180,N=n^(3/2),1,75,5.098581376112109,4.0955442106889555
500,11180,N=n^(3/2),1,76,4.6779605451596975,4.578232916089793
500,11180,N=n^(3/2),1,77,4.368831495935066,4.592516571578766
500,11180,N=n^(3/2),1,78,6.130292290853929,4.359441257721448
500,11180,N=n^(3/2),1,79,4.041493578386096,5.2661563576780095
500,11180,N=n^(3/2),1,80,3.530312847230312,4.373230442846934
500,11180,N=n^(3/2),1,81,3.8505094460038625,4.628540922806054
500,11180,N=n^(3/2),1,82,4.3243293321210805,3.8439381377848094
500,11180,N=n^(3/2),1,83,4.312805413888109,4.697638885313048
500,11180,N=n^(3/2),1,84,3.573900876301104,4.248787119529068
500,11180,N=n^(3/2),1,85,4.158114907937946,5.065344238996438
500,11180,N=n^(3/2),1,86,3.3188143940273527,4.99249491707309
500,11180,N=n^(3/2),1,87,6.082138610790861,4.860032019171593
500,11180,N=n^(3/2),1,88,4.265460256236267,5.09393809953488
500,11180,N=n^(3/2),1,89,4.803238931994583,5.041984616787657
500,11180,N=n^(3/2),1,90,4.927231174995264,4.700805854886947
500,11180,N=n^(3/2),1,91,4.939484219828771,4.554239926659642
500,11180,N=n^(3/2),1,92,3.82783247707793,6.265548313380901
500,11180,N=n^(3/2),1,93,4.064618429004418,4.32010051301917
500,11180,N=n^(3/2),1,94,6.609186382889719,4.529988491007271
500,11180,N=n^(3/2),1,95,4.145426675124531,4.685764649314622
500,11180,N=n^(3/2),1,96,4.67388687825992,5.331992902128148
500,11180,N=n^(3/2),1,97,4.345880036396889,4.32776598384275
500,11180,N=n^(3/2),1,98,4.225619052299896,3.782867618859542
500,11180,N=n^(3/2),1,99,4.77963214030271,4.308158020572686
500,11180,N=n^(3/2),1,100,4.15976661444569,3.942569092141925
500,250000,N=n^2,1,0,1.9578817167514424,2.631964954070301
500,250000,N=n^2,1,1,2.22832343157757,4.076906861409166
500,250000,N=n^2,1,2,1.5960923424905065,2.9616038184947815
500,250000,N=n^2,1,3,2.644787927373667,2.4880653951809064
500,250000,N=n^2,1,4,2.128023702610182,2.331301428645516
500,250000,N=n^2,1,5,1.620621689378693,3.2074650497261032
500,250000,N=n^2,1,6,1.4274639346464684,2.7614503090385116
500,250000,N=n^2,1,7,2.4926352451608618,3.5957798628015287
500,250000,N=n^2,1,8,1.9880079603366303,2.987388046901059
500,250000,N=n^2,1,9,1.831357901227552,2.2371970968556205
500,250000,N=n^2,1,10,2.1062987435788454,2.7533155677401644
500,250000,N=n^2,1,11,1.9468335682240705,2.7324968548667776
500,250000,N=n^2,1,12,1.6154882910097077,2.1777693301630263
500,250000,N=n^2,1,13,4.405258446447849,2.344639263656555
500,250000,N=n^2,1,14,2.0055201183795663,2.2308206242091364
500,250000,N=n^2,1,15,2.280583526753841,3.105689526815972
500,250000,N=n^2,1,16,1.8596151577305065,2.8706939708613373
500,250000,N=n^2,1,17,2.969756277958575,3.2884203639493865
500,250000,N=n^2,1,18,1.7311591720582378,3.7954739581187975
500,250000,N=n^2,1,19,2.4043090860674003,3.348896601184073
500,250000,N=n^2,1,20,1.9920014472606504,3.634769754458661
500,250000,N=n^2,1,21,2.5125337789533257,2.966187218355839
500,250000,N=n^2,1,22,3.729766197376155,3.1733677522849892
500,250000,N=n^2,1,23,2.1437871001833546,2.8670019522367163
500,250000,N=n^2,1,24,1.7881697194502568,3.329288965083335
500,250000,N=n^2,1,25,1.9188947639187133,4.851032445019118
500,250000,N=n^2,1,26,2.0358916906983326,2.958522454095867
500,250000,N=n^2,1,27,1.699810252141032,4.548870060408553
500,250000,N=n^2,1,28,3.0479737487861853,2.963927487220651
500,250000,N=n^2,1,29,1.8308431726287733,2.0928922927996036
500,250000,N=n^2,1,30,2.4729776743951097,2.1772512502527746
500,250000,N=n^2,1,31,2.455844843393093,3.113302625830013
500,250000,N=n^2,1,32,2.5146493862253227,3.6023608318239275
500,250000,N=n^2,1,33,1.9302913585644048,2.4340061423865316
500,250000,N=n^2,1,34,2.215931091354886,2.4787718944679087
500,250000,N=n^2,1,35,1.6615761095076986,2.2893289825686782
500,250000,N=n^2,1,36,1.9305261586008355,3.500256487725065
500,250000,N=n^2,1,37,1.5787882668647568,4.081860200112227
500,250000,N=n^2,1,38,1.857616316898491,2.5067317298084295
500,250000,N=n^2,1,39,1.945525901581219,2.913896265204662
500,250000,N=n^2,1,40,1.7539704526961146,2.3142663421909684
500,250000,N=n^2,1,41,6.168194796134842,2.6247311622169764
500,250000,N=n^2,1,42,1.791749971930471,4.10392942815479
500,250000,N=n^2,1,43,1.6885803069274377,2.155632466367286
500,250000,N=n^2,1,44,2.0329188866836705,2.922550018590833
500,250000,N=n^2,1,45,2.134100835816773,2.629121818917435
500,250000,N=n^2,1,46,1.6889490832904837,3.2659314553255956
500,250000,N=n^2,1,47,2.3761269797087614,2.551147464052957
500,250000,N=n^2,1,48,1.946013905116712,2.5204806356171936
500,250000,N=n^2,1,49,4.014466682276304,3.987823884541345
500,250000,N=n^2,1,50,1.4883516986587608,2.674318816735893
500,250000,N=n^2,1,51,2.0385467879248877,3.4138186173826095
500,250000,N=n^2,1,52,1.7215055032878914,2.5193097697060827
500,250000,N=n^2,1,53,3.037222705563063,2.337513446252057
500,250000,N=n^2,1,54,2.029619320235343,2.7451603185101483
500,250000,N=n^2,1,55,3.3836893836374324,2.230716555313841
500,250000,N=n^2,1,56,2.27585130244861,2.6979892139802844
500,250000,N=n^2,1,57,2.8285585068660684,3.3731181295815773
500,250000,N=n^2,1,58,2.281675319360016,3.342566499926115
500,250000,N=n^2,1,59,1.5497043885582054,2.4139308289283505
500,250000,N=n^2,1,60,2.224988050694876,2.362915685257694
500,250000,N=n^2,1,61,2.1121819618765647,4.076242206448393
500,250000,N=n^2,1,62,1.838463937943676,2.57088502511528
500,250000,N=n^2,1,63,1.7919141080611067,2.5049678972381577
500,250000,N=n^2,1,64,4.166553603200704,3.3534043515053553
500,250000,N=n^2,1,65,2.4835518772007763,2.177149937821814
500,250000,N=n^2,1,66,2.832357109520333,2.9320892358651283
500,250000,N=n^2,1,67,1.5121877093014198,3.1165305944539634
500,250000,N=n^2,1,68,1.60056350866914,2.8355258171118765
500,250000,N=n^2,1,69,1.7024822189908906,3.618748722859438
500,250000,N=n^2,1,70,1.5496109931819648,2.964459186460835
500,250000,N=n^2,1,71,2.6977537553991544,2.26649915502841
500,250000,N=n^2,1,72,2.240780327236587,2.4123246440540473
500,250000,N=n^2,1,73,2.792326085009055,4.303654068776362
500,250000,N=n^2,1,74,3.018592544039258,1.863158311716247
500,250000,N=n^2,1,75,1.7588535945696708,2.3169000533535633
500,250000,N=n^2,1,76,1.9759458462103456,2.684588676791696
500,250000,N=n^2,1,77,2.06528578527885,2.520595580671
500,250000,N=n^2,1,78,2.634866478306716,2.580733241352997
500,250000,N=n^2,1,79,1.919423971059303,4.19626797444486
500,250000,N=n^2,1,80,1.4602392466134595,4.0187570465797595
500,250000,N=n^2,1,81,2.20185431899492,3.4287089458410365
500,250000,N=n^2,1,82,2.6842623636921035,2.251437680302739
500,250000,N=n^2,1,83,1.6486710070863926,3.7493964678291776
500,250000,N=n^2,1,84,1.8715693124065724,2.4423310346409575
500,250000,N=n^2,1,85,2.230044198083497,2.613054524137541
500,250000,N=n^2,1,86,2.1826845649450837,2.5805032766954037
500,250000,N=n^2,1,87,2.341797458294501,2.6110877303513007
500,250000,N=n^2,1,88,2.380762940201485,2.8941062977744085
500,250000,N=n^2,1,89,2.4624270894010363,3.1967296299588597
500,250000,N=n^2,1,90,1.974241147477922,2.639388079186875
500,250000,N=n^2,1,91,2.831631027408314,3.3667582410252717
500,250000,N=n^2,1,92,1.9494797002077773,3.5258906502885545
500,250000,N=n^2,1,93,1.608010292894679,3.257058388540123
500,250000,N=n^2,1,94,2.257051401279419,4.806343152913747
500,250000,N=n^2,1,95,1.669882669007134,2.598850418403686
500,250000,N=n^2,1,96,2.1721795724940147,2.2449436479353553
500,250000,N=n^2,1,97,2.3919034338227627,3.5434429563221976
500,250000,N=n^2,1,98,1.6702953835007597,2.354751087545125
500,250000,N=n^2,1,99,3.708646208461596,2.742492584902815
500,250000,N=n^2,1,100,2.014777367453255,2.4866792641586497
1000,1000,N=n,1,0,10.146385158829045,9.13966452079876
1000,1000,N=n,1,1,9.058648313850394,11.25604490774833
1000,1000,N=n,1,2,8.867007499274445,9.169845968679976
1000,1000,N=n,1,3,9.304673669492512,9.67804656166907
1000,1000,N=n,1,4,8.259835160247919,9.234075663905497
1000,1000,N=n,1,5,9.41699794263729,9.175412637104294
1000,1000,N=n,1,6,9.94107474337815,8.11906822212062
1000,1000,N=n,1,7,7.684541585616322,9.833123961068232
1000,1000,N=n,1,8,7.438676670331346,8.69351775338048
1000,1000,N=n,1,9,9.621638646575404,9.526630201527157
1000,1000,N=n,1,10,7.836487888444488,8.610256980509781
1000,1000,N=n,1,11,7.141222076702803,7.632589662369712
1000,1000,N=n,1,12,6.780148317807119,8.785526509808452
1000,1000,N=n,1,13,8.728949010597168,10.071285292069003
1000,1000,N=n,1,14,8.854984948896744,8.18170479015677
1000,1000,N=n,1,15,9.595050655968366,9.142799111358396
1000,1000,N=n,1,16,8.054090099118435,8.520950428984928
1000,1000,N=n,1,17,8.53323027427586,9.075866889975698
1000,1000,N=n,1,18,8.79747182681236,9.766529531336378
1000,1000,N=n,1,19,7.689221456819743,9.560004447165676
1000,1000,N=n,1,20,10.27910253467422,8.981643951664033
1000,1000,N=n,1,21,11.498366824684627,9.124756483107186
1000,1000,N=n,1,22,7.893067966146245,7.820148835287856
1000,1000,N=n,1,23,8.703217901958185,9.61304976797379
1000,1000,N=n,1,24,9.204577546277392,8.613062676994963
1000,1000,N=n,1,25,10.14473881179916,9.322608461797056
1000,1000,N=n,1,26,9.690832081943656,9.38273426639543
1000,1000,N=n,1,27,8.434212414247858,8.029696763901857
1000,1000,N=n,1,28,10.50237313320407,8.15309015885308
1000,1000,N=n,1,29,8.458949525590162,10.14195559279334
1000,1000,N=n,1,30,10.67310124618325,10.449468475944272
1000,1000,N=n,1,31,8.278594727449306,9.370311071236918
1000,1000,N=n,1,32,10.065883490030409,9.071026126597214
1000,1000,N=n,1,33,7.371199257127888,8.08315815390862
1000,1000,N=n,1,34,8.1320601981494,8.660687744561008
1000,1000,N=n,1,35,10.45646971504472,9.813180171847891
1000,1000,N=n,1,36,7.599145037004536,10.846426653571378
1000,1000,N=n,1,37,8.830535531332899,9.709537891598144
1000,1000,N=n,1,38,8.606236559430917,9.908565968941344
1000,1000,N=n,1,39,10.763005218969738,10.297535287041304
1000,1000,N=n,1,40,7.689917560434775,8.735541384978825
1000,1000,N=n,1,41,9.199137992447517,8.423276885105068
1000,1000,N=n,1,42,9.521989475443078,8.071832949348101
1000,1000,N=n,1,43,6.52067146437388,8.846435841136715
1000,1000,N=n,1,44,9.771623062428963,9.74605915120902
1000,1000,N=n,1,45,7.888624679466504,9.58214595751133
1000,1000,N=n,1,46,7.733311915268046,8.214930654892346
1000,1000,N=n,1,47,10.01289614515876,10.749113179393031
1000,1000,N=n,1,48,8.661976882810356,8.582230750788703
1000,1000,N=n,1,49,8.471463902860243,10.96743057981104
1000,1000,N=n,1,50,7.836729215930892,9.132277384001572
1000,1000,N=n,1,51,8.826111279423003,10.990479597255716
1000,1000,N=n,1,52,8.730594692044553,14.015137453408796
1000,1000,N=n,1,53,8.04685632349225,10.3141029012414
1000,1000,N=n,1,54,8.449261495573538,7.962531482983088
1000,1000,N=n,1,55,11.380966457242128,10.850879707639429
1000,1000,N=n,1,56,8.54707376666457,10.404432851701603
1000,1000,N=n,1,57,9.68393067580289,7.278202714513832
1000,1000,N=n,1,58,7.861232161128488,10.486846639252423
1000,1000,N=n,1,59,9.86900558833799,9.00114831293901
1000,1000,N=n,1,60,10.518638729403389,10.620045843276747
1000,1000,N=n,1,61,8.602189231608783,8.997819721387186
1000,1000,N=n,1,62,9.90433878384632,9.253054770478856
1000,1000,N=n,1,63,8.447098786924315,7.843980370299368
1000,1000,N=n,1,64,9.031695039592105,9.614838743114229
1000,1000,N=n,1,65,9.717978396234106,9.163677717544
1000,1000,N=n,1,66,8.797862832646516,9.190988053551136
1000,1000,N=n,1,67,8.421945999736959,8.88543238067487
1000,1000,N=n,1,68,9.303073884934644,9.745149561776447
1000,1000,N=n,1,69,9.553231062692602,8.071162382915746
1000,1000,N=n,1,70,8.864656833074285,12.715439286198016
1000,1000,N=n,1,71,8.572330673806002,9.38839097166423
1000,1000,N=n,1,72,12.499690938376508,8.919867469698458
1000,1000,N=n,1,73,10.386383944337457,8.923913244897111
1000,1000,N=n,1,74,9.98436567698164,9.84026374264804
1000,1000,N=n,1,75,9.099314440292297,8.751151604404038
1000,1000,N=n,1,76,10.12101347158954,9.07981809074567
1000,1000,N=n,1,77,9.973829205865588,8.964824897031596
1000,1000,N=n,1,78,8.373541831932098,9.269812801199976
1000,1000,N=n,1,79,9.14713210934696,9.34193913559716
1000,1000,N=n,1,80,7.698538339427446,9.256443551712774
1000,1000,N=n,1,81,8.944964759050798,7.516059309949116
1000,1000,N=n,1,82,10.255407089040672,8.956936043454993
1000,1000,N=n,1,83,9.473453360965664,9.23811991962194
1000,1000,N=n,1,84,8.959558836888899,10.071473786193502
1000,1000,N=n,1,85,10.09072077978232,8.318314393208409
1000,1000,N=n,1,86,9.869062187730634,8.510271483098457
1000,1000,N=n,1,87,7.898888375942657,8.092732465980358
1000,1000,N=n,1,88,10.029071794745468,8.951123464239291
1000,1000,N=n,1,89,7.96488697287059,9.87883889106778
1000,1000,N=n,1,90,8.170298797828984,8.113926964290576
1000,1000,N=n,1,91,9.166138676340376,8.464443845997721
1000,1000,N=n,1,92,7.810871786521163,9.841934630022497
1000,1000,N=n,1,93,8.803151982365565,7.740122953358586
1000,1000,N=n,1,94,9.531877687682158,8.656151333845774
1000,1000,N=n,1,95,9.453936681363324,8.863244248877077
1000,1000,N=n,1,96,8.404088073576524,9.755483639739378
1000,1000,N=n,1,97,9.573983580482876,8.667267369165362
1000,1000,N=n,1,98,7.130264538883861,8.577072850949499
1000,1000,N=n,1,99,8.42213469800702,10.21101330245142
1000,1000,N=n,1,100,10.214985680099618,10.21285734723135
1000,6907,N=n log(n),1,0,6.472070870308211,5.552809428510209
1000,6907,N=n log(n),1,1,5.447039903703352,6.110221164805087
1000,6907,N=n log(n),1,2,5.453721572172393,6.009426734575878
1000,6907,N=n log(n),1,3,5.6053399805508635,5.820467360795862
1000,6907,N=n log(n),1,4,6.438247526266424,6.011424009348804
1000,6907,N=n log(n),1,5,5.930980358376661,5.579111183912783
1000,6907,N=n log(n),1,6,4.509296906559495,5.416017135605844
1000,6907,N=n log(n),1,7,6.1516911681626825,6.151755254314653
1000,6907,N=n log(n),1,8,4.982058389050997,6.290225050082286
1000,6907,N=n log(n),1,9,4.347152764561699,5.836758868983905
1000,6907,N=n log(n),1,10,6.574734440137743,5.668380257144265
1000,6907,N=n log(n),1,11,5.4902025165316175,5.188864838824388
1000,6907,N=n log(n),1,12,4.253082790450308,6.220614132591143
1000,6907,N=n log(n),1,13,4.88841209000446,5.764649695884727
1000,6907,N=n log(n),1,14,6.002573425935295,4.723537991644339
1000,6907,N=n log(n),1,15,6.783135727001186,5.539532764046014
1000,6907,N=n log(n),1,16,4.616185187497512,4.669712111229228
1000,6907,N=n log(n),1,17,4.59761473207402,5.956680887571201
1000,6907,N=n log(n),1,18,4.380738335055842,5.827446803810621
1000,6907,N=n log(n),1,19,5.2246744802051674,5.486982427948445
1000,6907,N=n log(n),1,20,4.969959974516015,5.9725449228777014
1000,6907,N=n log(n),1,21,6.410294329499269,4.495727384550363
1000,6907,N=n log(n),1,22,7.804144055393313,5.666253750920873
1000,6907,N=n log(n),1,23,6.008628722782654,5.579745209486846
1000,6907,N=n log(n),1,24,6.218005365641677,5.035875569464919
1000,6907,N=n log(n),1,25,4.786159909985168,5.460952589757971
1000,6907,N=n log(n),1,26,5.779086438161477,5.8160178173801915
1000,6907,N=n log(n),1,27,5.928997066359232,5.336408542902395
1000,6907,N=n log(n),1,28,5.5267359116676795,5.109245418995431
1000,6907,N=n log(n),1,29,6.237168383349813,5.288541887714571
1000,6907,N=n log(n),1,30,7.822902399070201,6.374845915526051
1000,6907,N=n log(n),1,31,4.424032687422149,5.30915913156409
1000,6907,N=n log(n),1,32,5.510616395759968,5.907270638651769
1000,6907,N=n log(n),1,33,7.1026982470272255,6.67041428805641
1000,6907,N=n log(n),1,34,5.149801143870567,5.778063622756241
1000,6907,N=n log(n),1,35,3.9961262404729174,6.208672346101721
1000,6907,N=n log(n),1,36,4.746211055242016,5.4807150741690185
1000,6907,N=n log(n),1,37,7.077198015255633,6.693311925337486
1000,6907,N=n log(n),1,38,5.332159604975588,5.816717626992231
1000,6907,N=n log(n),1,39,4.896080576245829,6.375940735775395
1000,6907,N=n log(n),1,40,6.6171102413177225,7.357757197303956
1000,6907,N=n log(n),1,41,11.805169130131311,6.09347161402482
1000,6907,N=n log(n),1,42,5.352313769214083,6.068056465214487
1000,6907,N=n log(n),1,43,3.9412018307780383,6.251631759874709
1000,6907,N=n log(n),1,44,4.980876616664505,5.5018294837747845
1000,6907,N=n log(n),1,45,5.215524639543139,7.242987754420864
1000,6907,N=n log(n),1,46,5.111506084013231,5.094753766188597
1000,6907,N=n log(n),1,47,4.833312836143927,5.492764074519526
1000,6907,N=n log(n),1,48,5.199929831392248,6.72259615222932
1000,6907,N=n log(n),1,49,5.9160226560717,7.016382987835581
1000,6907,N=n log(n),1,50,6.654960554173102,4.9300506550222
1000,6907,N=n log(n),1,51,5.721345955013075,7.048718228321674
1000,6907,N=n log(n),1,52,5.5839719791836515,5.646708690549877
1000,6907,N=n log(n),1,53,6.440232847582744,7.871636299315616
1000,6907,N=n log(n),1,54,8.461957514085972,6.565379393808069
1000,6907,N=n log(n),1,55,7.013818221664542,5.143840600592672
1000,6907,N=n log(n),1,56,5.814455087768718,5.589582185560006
1000,6907,N=n log(n),1,57,5.75742458590004,6.681850189956886
1000,6907,N=n log(n),1,58,5.765630774264502,6.335974007867826
1000,6907,N=n log(n),1,59,6.321216597728491,6.081342468859062
1000,6907,N=n log(n),1,60,6.485011977696873,6.872768280007268
1000,6907,N=n log(n),1,61,4.7168882162208865,5.090376644915644
1000,6907,N=n log(n),1,62,6.10797377229934,5.140366314710209
1000,6907,N=n log(n),1,63,5.697575726047007,7.016742130721842
1000,6907,N=n log(n),1,64,4.467434903143753,4.776545264482324
1000,6907,N=n log(n),1,65,5.9426644109980735,5.527746121374805
1000,6907,N=n log(n),1,66,4.574597778389898,7.8951598323560335
1000,6907,N=n log(n),1,67,5.84025011993029,5.25258624665191
1000,6907,N=n log(n),1,68,5.957395978157884,6.059325989706331
1000,6907,N=n log(n),1,69,6.282008377666752,5.907753036069287
1000,6907,N=n log(n),1,70,5.898807796466039,6.749019324479375
1000,6907,N=n log(n),1,71,6.756056985871528,6.260406251399723
1000,6907,N=n log(n),1,72,7.441733764020766,5.792285286644801
1000,6907,N=n log(n),1,73,6.777778291901234,5.189710829058757
1000,6907,N=n log(n),1,74,6.385804044750359,4.7192278491443655
1000,6907,N=n log(n),1,75,5.3945210754315145,6.133244216270369
1000,6907,N=n log(n),1,76,4.453680215395835,6.871623044946776
1000,6907,N=n log(n),1,77,5.5093353679547,6.470733533493255
1000,6907,N=n log(n),1,78,6.226025451930905,5.623319394486217
1000,6907,N=n log(n),1,79,5.357059143876533,5.661672381102352
1000,6907,N=n log(n),1,80,4.746212985493899,5.333222290387713
1000,6907,N=n log(n),1,81,5.262271859894157,6.0420502280058015
1000,6907,N=n log(n),1,82,5.9211667648407005,5.956827642751101
1000,6907,N=n log(n),1,83,7.624027989284201,7.061520247998489
1000,6907,N=n log(n),1,84,5.371354356490886,6.749763290714343
1000,6907,N=n log(n),1,85,5.28133894259419,5.3986866110296505
1000,6907,N=n log(n),1,86,6.430939721971727,6.917466152533091
1000,6907,N=n log(n),1,87,4.337478457284653,7.985583160488255
1000,6907,N=n log(n),1,88,6.3122401069789476,9.62253179742693
1000,6907,N=n log(n),1,89,5.773885746119855,5.988137229828318
1000,6907,N=n log(n),1,90,5.516765020056902,6.815226627438447
1000,6907,N=n log(n),1,91,5.930933951664196,5.6267070242899955
1000,6907,N=n log(n),1,92,6.472021217750466,6.290874953689755
1000,6907,N=n log(n),1,93,4.998130845877789,7.036831211849738
1000,6907,N=n log(n),1,94,5.89107905617248,5.665764111536815
1000,6907,N=n log(n),1,95,5.519250482147022,7.060862651940537
1000,6907,N=n log(n),1,96,4.939230490052197,6.051530054027768
1000,6907,N=n log(n),1,97,4.084027746814214,5.567951642994842
1000,6907,N=n log(n),1,98,6.134890269487963,6.358549341731221
1000,6907,N=n log(n),1,99,5.566517601447417,6.201348297602604
1000,6907,N=n log(n),1,100,6.782000292801881,6.327872191518186
1000,31622,N=n^(3/2),1,0,4.6594398187043575,3.9647785891100207
1000,31622,N=n^(3/2),1,1,4.821026719550901,3.8635469446641553
1000,31622,N=n^(3/2),1,2,3.120018649774338,3.166168906967108
1000,31622,N=n^(3/2),1,3,3.2459615527622225,4.007279323688335
1000,31622,N=n^(3/2),1,4,3.5742341110590248,3.350435882427637
1000,31622,N=n^(3/2),1,5,3.33149499301148,3.9022044954810338
1000,31622,N=n^(3/2),1,6,3.4460665292898662,3.9084575706636184
1000,31622,N=n^(3/2),1,7,4.552786842389574,4.344376899931003
1000,31622,N=n^(3/2),1,8,3.5086398507905594,4.541229160254536
1000,31622,N=n^(3/2),1,9,3.760543321302814,3.670741629451111
1000,31622,N=n^(3/2),1,10,3.5494738830163306,3.93848926670096
1000,31622,N=n^(3/2),1,11,3.703424338751866,4.455007723876932
1000,31622,N=n^(3/2),1,12,4.0214647600540925,3.4439489044266263
1000,31622,N=n^(3/2),1,13,4.158489920609736,4.0308834115331935
1000,31622,N=n^(3/2),1,14,3.564731480355845,4.1997997844663955
1000,31622,N=n^(3/2),1,15,3.296785178454003,3.5796779286925293
1000,31622,N=n^(3/2),1,16,3.9434471770113904,3.309513371320414
1000,31622,N=n^(3/2),1,17,3.6474770365054647,3.3162105877796684
1000,31622,N=n^(3/2),1,18,3.2438188572999342,3.5602408128366645
1000,31622,N=n^(3/2),1,19,3.474890575935018,3.794667422845282
1000,31622,N=n^(3/2),1,20,4.519100763926357,3.7990445754003983
1000,31622,N=n^(3/2),1,21,3.747206380683125,3.802827111406477
1000,31622,N=n^(3/2),1,22,4.021438092345968,3.713110521814458
1000,31622,N=n^(3/2),1,23,7.512378979669665,3.761187114749848
1000,31622,N=n^(3/2),1,24,3.294651230570742,3.7973293125113714
1000,31622,N=n^(3/2),1,25,3.344080109603808,3.522905589295572
1000,31622,N=n^(3/2),1,26,4.237544678230927,4.184318828757602
1000,31622,N=n^(3/2),1,27,3.146640390483592,4.135325509512069
1000,31622,N=n^(3/2),1,28,3.68592179497661,3.794618804209755
1000,31622,N=n^(3/2),1,29,3.536878112690182,3.8223590117593056
1000,31622,N=n^(3/2),1,30,3.2597816451391415,4.20517321669904
1000,31622,N=n^(3/2),1,31,2.869919109574829,4.186162168529665
1000,31622,N=n^(3/2),1,32,3.5847689378633265,5.210212692682342
1000,31622,N=n^(3/2),1,33,3.4795914724000347,3.87310702226854
1000,31622,N=n^(3/2),1,34,2.974039935225111,3.767520425355399
1000,31622,N=n^(3/2),1,35,2.8716109606224633,3.7110420712977583
1000,31622,N=n^(3/2),1,36,4.15175746200438,3.70033965109312
1000,31622,N=n^(3/2),1,37,5.078790087115591,3.8598005650012177
1000,31622,N=n^(3/2),1,38,4.10805502664091,3.7169501809573537
1000,31622,N=n^(3/2),1,39,3.410168062874224,3.7104937478471736
1000,31622,N=n^(3/2),1,40,3.18124567418737,3.834820325711698
1000,31622,N=n^(3/2),1,41,8.312146033379886,3.5968647874644852
1000,31622,N=n^(3/2),1,42,4.731906835692598,3.606634392450454
1000,31622,N=n^(3/2),1,43,4.165849746247656,4.021075185197864
1000,31622,N=n^(3/2),1,44,3.3713066878550735,3.444807600968391
1000,31622,N=n^(3/2),1,45,4.027209195986717,3.683925429414479
1000,31622,N=n^(3/2),1,46,3.4070919789770873,3.2971479928333207
1000,31622,N=n^(3/2),1,47,3.773818958983496,3.788606545474115
1000,31622,N=n^(3/2),1,48,4.0563218875149065,4.358791325585101
1000,31622,N=n^(3/2),1,49,5.287830545317983,4.528238339667475
1000,31622,N=n^(3/2),1,50,3.3341973534853495,4.278958934940775
1000,31622,N=n^(3/2),1,51,3.1879412937386675,3.7341582005456178
1000,31622,N=n^(3/2),1,52,5.188407960122853,3.3723855591993255
1000,31622,N=n^(3/2),1,53,3.7262356371951646,6.449295690634872
1000,31622,N=n^(3/2),1,54,3.7534967926361062,4.1381464541503465
1000,31622,N=n^(3/2),1,55,7.768663354702916,4.695437263826962
1000,31622,N=n^(3/2),1,56,3.369863415829159,4.394153215529801
1000,31622,N=n^(3/2),1,57,4.817649508539867,4.625277386537676
1000,31622,N=n^(3/2),1,58,3.5606061465505556,3.273347662609688
1000,31622,N=n^(3/2),1,59,3.4435362269211636,3.55653500104767
1000,31622,N=n^(3/2),1,60,4.616729383247576,4.444043721836838
1000,31622,N=n^(3/2),1,61,3.3030347759408354,4.1215979631375355
1000,31622,N=n^(3/2),1,62,3.2417376266781837,3.998184266073117
1000,31622,N=n^(3/2),1,63,3.722373552400147,3.2920459335783168
1000,31622,N=n^(3/2),1,64,4.465981774668914,3.3731410214781254
1000,31622,N=n^(3/2),1,65,3.565743673949888,3.6169453987553495
1000,31622,N=n^(3/2),1,66,3.4582378917080314,3.944678332239504
1000,31622,N=n^(3/2),1,67,4.8248645769210174,4.090521865931436
1000,31622,N=n^(3/2),1,68,4.35250854994855,3.590033112793688
1000,31622,N=n^(3/2),1,69,5.015130990453421,4.0439662744033935
1000,31622,N=n^(3/2),1,70,4.098892163795331,4.2095066095413545
1000,31622,N=n^(3/2),1,71,3.137948639422244,3.888961714820161
1000,31622,N=n^(3/2),1,72,6.467291609954707,4.364549761664402
1000,31622,N=n^(3/2),1,73,5.6007620770164355,3.765961566877301
1000,31622,N=n^(3/2),1,74,3.5397375513077516,3.6303212860541425
1000,31622,N=n^(3/2),1,75,3.1816250734972154,4.193889684290763
1000,31622,N=n^(3/2),1,76,2.941009829076338,3.76070886088292
1000,31622,N=n^(3/2),1,77,3.346977563546753,3.659515076118384
1000,31622,N=n^(3/2),1,78,3.322592390892685,3.948348103950905
1000,31622,N=n^(3/2),1,79,2.9902668509849173,4.276138386567782
1000,31622,N=n^(3/2),1,80,4.093968826769069,3.508692700517864
1000,31622,N=n^(3/2),1,81,3.750669317930055,4.5219624674389065
1000,31622,N=n^(3/2),1,82,4.006775422807812,3.923402248650982
1000,31622,N=n^(3/2),1,83,4.645934710509926,3.597862518280077
1000,31622,N=n^(3/2),1,84,4.100788028012786,4.339309683600718
1000,31622,N=n^(3/2),1,85,3.882526671250729,3.578877119118135
1000,31622,N=n^(3/2),1,86,3.2270409979218417,3.976304655742005
1000,31622,N=n^(3/2),1,87,3.084806518588347,3.9955636358739985
1000,31622,N=n^(3/2),1,88,3.484732550807929,4.780374191847755
1000,31622,N=n^(3/2),1,89,4.099584210241159,5.0684925516565915
1000,31622,N=n^(3/2),1,90,3.6441101071832938,4.121531429087327
1000,31622,N=n^(3/2),1,91,3.23277769882014,3.7958017831074184
1000,31622,N=n^(3/2),1,92,4.782537757893624,4.118314749484996
1000,31622,N=n^(3/2),1,93,3.560331870226424,3.558280482217224
1000,31622,N=n^(3/2),1,94,5.338046948830233,3.882394759482446
1000,31622,N=n^(3/2),1,95,3.4340886679048475,4.216601122097633
1000,31622,N=n^(3/2),1,96,3.282023507799098,3.974519665456181
1000,31622,N=n^(3/2),1,97,3.176959820143077,3.7482750285509296
1000,31622,N=n^(3/2),1,98,6.685174875882063,3.392993818300937
1000,31622,N=n^(3/2),1,99,3.718231179393789,4.617938842368063
1000,31622,N=n^(3/2),1,100,3.991080190626133,4.7617766097447145
1000,1000000,N=n^2,1,0,2.662692616549222,4.704704115510156
1000,1000000,N=n^2,1,1,2.216401904049046,2.261695268084716
1000,1000000,N=n^2,1,2,1.8671850470702576,2.1173179200557426
1000,1000000,N=n^2,1,3,1.6817254890289182,2.6599584756245913
1000,1000000,N=n^2,1,4,1.943109449567108,2.269181476678532
1000,1000000,N=n^2,1,5,1.6376191079104407,4.2829235945964195
1000,1000000,N=n^2,1,6,2.2663619847666623,1.8070280074592713
1000,1000000,N=n^2,1,7,2.5979573111785808,2.3823424185307447
1000,1000000,N=n^2,1,8,1.370673827756147,2.783890710044913
1000,1000000,N=n^2,1,9,2.0085938240413452,3.152228808225439
1000,1000000,N=n^2,1,10,2.3350364090357107,2.1125135674228206
1000,1000000,N=n^2,1,11,1.8050295179506035,3.146676263154164
1000,1000000,N=n^2,1,12,2.506039478834055,2.0318822044970717
1000,1000000,N=n^2,1,13,4.287934412850286,3.0276174999539665
1000,1000000,N=n^2,1,14,1.706506722184781,2.3084520970749343
1000,1000000,N=n^2,1,15,1.8375744372425615,2.9808043692671284
1000,1000000,N=n^2,1,16,1.5748916702281095,3.1173410701881377
1000,1000000,N=n^2,1,17,1.4745006626398398,2.0205982042786568
1000,1000000,N=n^2,1,18,2.983264183413677,1.6775266133543827
1000,1000000,N=n^2,1,19,1.6174967784599583,2.192337149559955
1000,1000000,N=n^2,1,20,2.1199326253238393,1.8465533666945704
1000,1000000,N=n^2,1,21,2.0565387248360447,2.748227240080507
1000,1000000,N=n^2,1,22,2.2899874144115766,1.6765665355639383
1000,1000000,N=n^2,1,23,8.043994830248934,3.268164441991257
1000,1000000,N=n^2,1,24,1.4329972350182694,3.401680153656321
1000,1000000,N=n^2,1,25,4.291480899063821,2.0442098404143714
1000,1000000,N=n^2,1,26,3.0093532108186083,3.532455704243642
1000,1000000,N=n^2,1,27,1.820066316343006,2.9161311509578227
1000,1000000,N=n^2,1,28,2.6465312083354773,2.413112699944806
1000,1000000,N=n^2,1,29,2.371958096915351,2.507277025607394
1000,1000000,N=n^2,1,30,1.7924417943562243,2.8043927044918626
1000,1000000,N=n^2,1,31,1.5669171245056617,3.0368388365767314
1000,1000000,N=n^2,1,32,1.885044643114655,1.9249966042628572
1000,1000000,N=n^2,1,33,1.7313175399155931,1.95710260814534
1000,1000000,N=n^2,1,34,1.1668599498619157,2.033807724245293
1000,1000000,N=n^2,1,35,1.4718638535352913,2.7567720042068853
1000,1000000,N=n^2,1,36,2.4552917395155784,2.0848626668134105
1000,1000000,N=n^2,1,37,1.5906478628593284,2.929276996917671
1000,1000000,N=n^2,1,38,1.9454127815504576,2.5987984841037397
1000,1000000,N=n^2,1,39,3.068480244564925,2.222979781396715
1000,1000000,N=n^2,1,40,3.5417495069659943,2.249237049515468
1000,1000000,N=n^2,1,41,7.517545715163171,2.480545812583893
1000,1000000,N=n^2,1,42,2.191125968118364,2.1429337095247316
1000,1000000,N=n^2,1,43,1.789931766011719,2.191522833990749
1000,1000000,N=n^2,1,44,1.736490140098829,2.0288754770884614
1000,1000000,N=n^2,1,45,3.0630650136154354,1.9788445013818776
1000,1000000,N=n^2,1,46,1.5219394864427482,2.0083988312964074
1000,1000000,N=n^2,1,47,1.9338033513037216,2.413527470005475
1000,1000000,N=n^2,1,48,1.407523590894809,2.026208716238403
1000,1000000,N=n^2,1,49,1.7125868933189337,2.453411703554
1000,1000000,N=n^2,1,50,1.6085927965131674,3.232997505318582
1000,1000000,N=n^2,1,51,1.5673825387213232,2.9319440079521706
1000,1000000,N=n^2,1,52,1.6599326476323195,1.8603485812741123
1000,1000000,N=n^2,1,53,1.5549959543648628,3.607104128563829
1000,1000000,N=n^2,1,54,2.1200947133967056,1.834768112756448
1000,1000000,N=n^2,1,55,6.614900743789854,2.3576777221264353
1000,1000000,N=n^2,1,56,2.042640123811512,1.9595506136279492
1000,1000000,N=n^2,1,57,1.288189875568518,3.8521437364753415
1000,1000000,N=n^2,1,58,1.4112018310430716,1.99940734608628
1000,1000000,N=n^2,1,59,1.596137317353212,2.495553212175444
1000,1000000,N=n^2,1,60,1.7166262338229317,3.003929601974245
1000,1000000,N=n^2,1,61,1.5595051761639125,2.047496937038888
1000,1000000,N=n^2,1,62,1.5882268770139478,2.641693888602427
1000,1000000,N=n^2,1,63,2.3844772540280195,1.8232485879166995
1000,1000000,N=n^2,1,64,2.0255037845253807,1.8978608579577996
1000,1000000,N=n^2,1,65,2.45806861061227,3.864326610481287
1000,1000000,N=n^2,1,66,1.9154396945603611,2.801111679796026
1000,1000000,N=n^2,1,67,2.3088976052879806,3.042296987986218
1000,1000000,N=n^2,1,68,2.0862694048494688,2.7931162998953916
1000,1000000,N=n^2,1,69,2.091038090602539,2.8745713031296507
1000,1000000,N=n^2,1,70,2.745440134168244,2.678720194887469
1000,1000000,N=n^2,1,71,1.460507353855485,1.761204867125814
1000,1000000,N=n^2,1,72,2.644143585670877,3.505733762690787
1000,1000000,N=n^2,1,73,2.4072641193737256,2.1534730143126053
1000,1000000,N=n^2,1,74,1.714527778797872,3.0427568676262644
1000,1000000,N=n^2,1,75,2.5115750984581893,2.869318846850352
1000,1000000,N=n^2,1,76,3.164513348747948,2.727096950817516
1000,1000000,N=n^2,1,77,1.6784640320820774,2.476899630004931
1000,1000000,N=n^2,1,78,1.8172368219269628,2.9180948207266972
1000,1000000,N=n^2,1,79,3.0823972986471486,3.2495752133677187
1000,1000000,N=n^2,1,80,2.4923282828077524,2.7186598165361726
1000,1000000,N=n^2,1,81,1.6629103362117434,1.981436302270979
1000,1000000,N=n^2,1,82,1.5026034156055872,2.5241586575558115
1000,1000000,N=n^2,1,83,1.502984002190985,2.0515524613798495
1000,1000000,N=n^2,1,84,2.6177167225770788,2.622698895847412
1000,1000000,N=n^2,1,85,1.4773669223023789,2.1168188102427905
1000,1000000,N=n^2,1,86,1.714729145029536,2.1743844396712575
1000,1000000,N=n^2,1,87,1.5455824030148202,3.4677946566131257
1000,1000000,N=n^2,1,88,1.5637014472991866,2.6256735159371316
1000,1000000,N=n^2,1,89,1.8719965574477415,2.510142438811262
1000,1000000,N=n^2,1,90,1.5235942481055111,2.416821824514075
1000,1000000,N=n^2,1,91,1.9015206321434956,2.2248672826431295
1000,1000000,N=n^2,1,92,4.425663863898851,2.6019787314965224
1000,1000000,N=n^2,1,93,1.53779558521168,2.721141983755619
1000,1000000,N=n^2,1,94,4.0493651513041184,2.07934422778985
1000,1000000,N=n^2,1,95,1.5513233997558815,1.931200884228868
1000,1000000,N=n^2,1,96,2.6419657899791806,2.320742027813314
1000,1000000,N=n^2,1,97,1.7209909937256944,2.0867284574451297
1000,1000000,N=n^2,1,98,2.2253109167951353,3.1533403860723266
1000,1000000,N=n^2,1,99,1.65531604346823,3.157130092290119
1000,1000000,N=n^2,1,100,1.406178887901006,3.870126203570063
5000,5000,N=n,1,0,6.808409452261654,8.19976538245698
5000,5000,N=n,1,1,6.552023951867777,9.132657957220172
5000,5000,N=n,1,2,7.199475731654752,8.542572193305807
5000,5000,N=n,1,3,6.3555664330777235,8.02964420734575
5000,5000,N=n,1,4,5.708837910986293,8.112043378492237
5000,5000,N=n,1,5,6.39930470841369,6.272178330784362
5000,5000,N=n,1,6,10.029140211163522,8.048250702158775
5000,5000,N=n,1,7,5.350089830784425,7.183707566180721
5000,5000,N=n,1,8,6.992942456527092,7.778505579652037
5000,5000,N=n,1,9,6.600603673903217,7.721562987063973
5000,5000,N=n,1,10,7.018308058440583,7.615279761003896
5000,5000,N=n,1,11,6.533090352033965,7.23999367923438
5000,5000,N=n,1,12,6.321394173646903,6.1175130773781285
5000,5000,N=n,1,13,8.798894080339862,6.877005284493656
5000,5000,N=n,1,14,7.169432250170293,6.548082863206741
5000,5000,N=n,1,15,6.855066206191891,7.578698081009
5000,5000,N=n,1,16,6.711879362969062,7.664123682421381
5000,5000,N=n,1,17,7.132732491891842,8.761561817541777
5000,5000,N=n,1,18,5.832411761537948,7.355634911399384
5000,5000,N=n,1,19,5.813914169176098,6.65405556328865
5000,5000,N=n,1,20,7.738603465354013,7.972377855019842
5000,5000,N=n,1,21,6.866725807961423,8.045790510838705
5000,5000,N=n,1,22,6.250763525597569,6.876382264441281
5000,5000,N=n,1,23,7.468207222669598,8.009277634521483
5000,5000,N=n,1,24,8.428240789689717,8.034737787875176
5000,5000,N=n,1,25,8.572623453465654,6.7689219192057815
5000,5000,N=n,1,26,9.497150599768982,9.289825225954528
5000,5000,N=n,1,27,7.386405314822478,8.263197697548478
5000,5000,N=n,1,28,6.208783728586617,6.275136010035583
5000,5000,N=n,1,29,7.535139633854589,7.053085579795559
5000,5000,N=n,1,30,7.069813412699961,8.829926556344148
5000,5000,N=n,1,31,5.7066027875634315,9.167109816716836
5000,5000,N=n,1,32,6.668596224273447,7.221252682542371
5000,5000,N=n,1,33,8.205017205003793,8.654925513153263
5000,5000,N=n,1,34,6.474223321702155,7.345486031151571
5000,5000,N=n,1,35,6.073175382337034,6.489458017393153
5000,5000,N=n,1,36,5.278117734648087,9.225286591612916
5000,5000,N=n,1,37,6.022666172955753,8.52510976274348
5000,5000,N=n,1,38,6.333003964705437,8.142916575082024
5000,5000,N=n,1,39,7.491478202286344,7.923246708177751
5000,5000,N=n,1,40,6.030521033700151,8.615818344419084
5000,5000,N=n,1,41,11.809875464817416,7.543675553836501
5000,5000,N=n,1,42,6.967877064994921,7.906771842492861
5000,5000,N=n,1,43,6.616246255821337,7.009191608873338
5000,5000,N=n,1,44,6.593672087281944,7.0521647237533225
5000,5000,N=n,1,45,6.460766931859823,7.692436899902485
5000,5000,N=n,1,46,6.418314036247848,7.13843691264247
5000,5000,N=n,1,47,7.451480292098575,6.780887029503783
5000,5000,N=n,1,48,6.650770225450423,7.115297330254249
5000,5000,N=n,1,49,7.801200319435132,7.425467365085595
5000,5000,N=n,1,50,5.852713820925943,7.0106100457149845
5000,5000,N=n,1,51,7.207965831239484,11.27929380036752
5000,5000,N=n,1,52,9.621184336165996,7.631210684690998
5000,5000,N=n,1,53,7.876694543520445,9.193607795839316
5000,5000,N=n,1,54,9.465443004025454,8.365617949412096
5000,5000,N=n,1,55,7.908345544597816,7.698249417056747
5000,5000,N=n,1,56,5.830832193287446,8.298175604921779
5000,5000,N=n,1,57,5.530826164117755,9.321130617891468
5000,5000,N=n,1,58,6.38312556757734,8.369177512914893
5000,5000,N=n,1,59,7.585647167525937,6.683443410906484
5000,5000,N=n,1,60,7.624421634830314,6.829549568392808
5000,5000,N=n,1,61,7.390646505230243,8.562145323395361
5000,5000,N=n,1,62,7.960845515820494,5.940209216926838
5000,5000,N=n,1,63,9.128402813254809,8.382411903621843
5000,5000,N=n,1,64,8.198711202381965,11.234785480670617
5000,5000,N=n,1,65,7.954381159063646,8.734532295992876
5000,5000,N=n,1,66,7.553921304941501,8.62918915546824
5000,5000,N=n,1,67,5.999020090501456,7.444731330691442
5000,5000,N=n,1,68,6.163756524260982,7.637581896536121
5000,5000,N=n,1,69,6.553524536305265,7.553825864703482
5000,5000,N=n,1,70,7.0058398537548054,7.461455063380313
5000,5000,N=n,1,71,5.910956732922104,9.433592420180096
5000,5000,N=n,1,72,5.507126697610236,7.029896227817177
5000,5000,N=n,1,73,5.789150169366585,8.08473077535636
5000,5000,N=n,1,74,7.90742064747544,7.479424061088024
5000,5000,N=n,1,75,8.76792653552175,8.284547081938294
5000,5000,N=n,1,76,8.327658890595412,7.745455217076933
5000,5000,N=n,1,77,4.893967084955171,8.105331366421385
5000,5000,N=n,1,78,6.934520301159975,7.382283294608934
5000,5000,N=n,1,79,8.035955651059176,7.86323050035201
5000,5000,N=n,1,80,6.630531219626579,7.046747253382521
5000,5000,N=n,1,81,6.903958890765418,7.991807710213358
5000,5000,N=n,1,82,9.887622061696518,7.971338431106833
5000,5000,N=n,1,83,8.156004288171802,8.230456626108912
5000,5000,N=n,1,84,7.114618120753652,7.186116291693821
5000,5000,N=n,1,85,10.47067997995032,6.2912260264098
5000,5000,N=n,1,86,6.56979209033892,8.524792046099348
5000,5000,N=n,1,87,6.425985900936686,6.839513596270542
5000,5000,N=n,1,88,7.600513070250535,7.032629014212673
5000,5000,N=n,1,89,6.12947229450313,6.641732905749084
5000,5000,N=n,1,90,6.2601169575115385,7.539190180641805
5000,5000,N=n,1,91,8.00852990755732,7.771554260300245
5000,5000,N=n,1,92,5.779915595608711,7.586091977957656
5000,5000,N=n,1,93,6.089254437057587,7.128185113692337
5000,5000,N=n,1,94,4.89633133049344,7.815637148196998
5000,5000,N=n,1,95,6.198488425169926,7.120884638272003
5000,5000,N=n,1,96,7.129797934101581,6.572098084260108
5000,5000,N=n,1,97,5.8343078440942815,6.646265075923254
5000,5000,N=n,1,98,6.726262107460534,8.009040584814784
5000,5000,N=n,1,99,7.298238148863623,8.377590171014461
5000,5000,N=n,1,100,7.18225281171569,6.6706215994461395
5000,42585,N=n log(n),1,0,3.768731710021841,4.787564348364239
5000,42585,N=n log(n),1,1,3.09807053810279,4.478983502789778
5000,42585,N=n log(n),1,2,4.370512579673084,4.362891896253399
5000,42585,N=n log(n),1,3,3.486490885300702,4.750986864499421
5000,42585,N=n log(n),1,4,3.842002836056869,4.59217494590738
5000,42585,N=n log(n),1,5,3.394851970256909,4.203005411958
5000,42585,N=n log(n),1,6,4.6564254658778355,5.180208064375922
5000,42585,N=n log(n),1,7,3.924189468965309,4.641061186227971
5000,42585,N=n log(n),1,8,5.452637708523287,5.4861551202906105
5000,42585,N=n log(n),1,9,3.7288089865585743,4.89804316821753
5000,42585,N=n log(n),1,10,4.145233862976261,4.691715590441513
5000,42585,N=n log(n),1,11,3.9138123328037144,4.294517338028144
5000,42585,N=n log(n),1,12,4.452714537513761,4.617781717030893
5000,42585,N=n log(n),1,13,3.938069272675788,3.999160921329221
5000,42585,N=n log(n),1,14,4.254991056204866,4.73772612036683
5000,42585,N=n log(n),1,15,4.1510429271225995,6.288824722224329
5000,42585,N=n log(n),1,16,3.6284194250224218,3.7985453878359863
5000,42585,N=n log(n),1,17,3.573516461084054,4.450126117123127
5000,42585,N=n log(n),1,18,4.327969361516606,4.798679298856634
5000,42585,N=n log(n),1,19,4.175354097523137,4.977946377254069
5000,42585,N=n log(n),1,20,3.575338264172379,3.542147948201354
5000,42585,N=n log(n),1,21,3.6050653389379392,4.257411997750578
5000,42585,N=n log(n),1,22,4.442783991206002,4.412084142163436
5000,42585,N=n log(n),1,23,3.643402146937013,4.508117482579549
5000,42585,N=n log(n),1,24,3.791561253863051,4.00926944125517
5000,42585,N=n log(n),1,25,5.553490221727071,5.625182330430669
5000,42585,N=n log(n),1,26,3.9586464379548914,4.443920070297255
5000,42585,N=n log(n),1,27,4.690657464714532,4.105889849506524
5000,42585,N=n log(n),1,28,3.558774284277964,4.512574409145156
5000,42585,N=n log(n),1,29,3.671860196556288,4.86792333461756
5000,42585,N=n log(n),1,30,3.9577639625136674,4.073899224475031
5000,42585,N=n log(n),1,31,4.006433295004031,4.466076776782035
5000,42585,N=n log(n),1,32,3.819448871173008,3.95117218824487
5000,42585,N=n log(n),1,33,3.540062988058978,5.36085137384174
5000,42585,N=n log(n),1,34,3.69480018240624,3.294149502413171
5000,42585,N=n log(n),1,35,4.279120738115444,4.372927968044849
5000,42585,N=n log(n),1,36,3.828564592816907,5.15793783165206
5000,42585,N=n log(n),1,37,4.29024924085861,5.761287979463752
5000,42585,N=n log(n),1,38,5.659379635707419,4.341723864060887
5000,42585,N=n log(n),1,39,3.789430252946276,4.819108033940664
5000,42585,N=n log(n),1,40,4.745114768709164,6.177329166796605
5000,42585,N=n log(n),1,41,8.62279182380831,4.121073672866908
5000,42585,N=n log(n),1,42,4.21919356467788,3.942581295175492
5000,42585,N=n log(n),1,43,3.947241291374184,5.2678357785644385
5000,42585,N=n log(n),1,44,4.206390319632541,3.809981966668058
5000,42585,N=n log(n),1,45,3.836836030088632,6.7696199313785685
5000,42585,N=n log(n),1,46,3.408201359671242,4.041461630700589
5000,42585,N=n log(n),1,47,3.98256637586058,4.339257826276704
5000,42585,N=n log(n),1,48,3.894946505715591,3.6637349515624855
5000,42585,N=n log(n),1,49,4.100953031513724,4.17559814314314
5000,42585,N=n log(n),1,50,3.7295272336011,4.20170962108182
5000,42585,N=n log(n),1,51,3.778523549412786,4.811214147652009
5000,42585,N=n log(n),1,52,4.0220178119313115,4.850649102900006
5000,42585,N=n log(n),1,53,4.1263542907522694,6.0247766637016555
5000,42585,N=n log(n),1,54,4.152078830935869,5.889797514548352
5000,42585,N=n log(n),1,55,4.100402541671108,3.342110685012766
5000,42585,N=n log(n),1,56,4.289419929973758,4.131448791148619
5000,42585,N=n log(n),1,57,4.452856388896619,4.118825921663579
5000,42585,N=n log(n),1,58,4.304952277493515,4.656902905958559
5000,42585,N=n log(n),1,59,4.467733809665825,4.50801519942358
5000,42585,N=n log(n),1,60,3.9015915247674786,4.629151441985183
5000,42585,N=n log(n),1,61,4.498933311893931,4.797147076757139
5000,42585,N=n log(n),1,62,4.36140346440344,3.655161007126743
5000,42585,N=n log(n),1,63,4.3131031181049115,5.11769833922718
5000,42585,N=n log(n),1,64,4.188905714647842,3.931481412659061
5000,42585,N=n log(n),1,65,6.027535954127598,4.448833216425243
5000,42585,N=n log(n),1,66,4.104467728806082,4.504817605102267
5000,42585,N=n log(n),1,67,4.252522510778409,4.363839236606447
5000,42585,N=n log(n),1,68,3.684295708245655,4.597890719475013
5000,42585,N=n log(n),1,69,3.612372813682016,3.7617147501519974
5000,42585,N=n log(n),1,70,3.920343175884935,5.676215787821396
5000,42585,N=n log(n),1,71,4.3624342341489974,4.773718280866802
5000,42585,N=n log(n),1,72,4.250993353416721,5.9141937249473715
5000,42585,N=n log(n),1,73,4.086930633789993,4.507227945684716
5000,42585,N=n log(n),1,74,4.6247518711163185,4.522973096122266
5000,42585,N=n log(n),1,75,3.7192465106693415,4.221927164943701
5000,42585,N=n log(n),1,76,3.452239786670234,4.711413539639528
5000,42585,N=n log(n),1,77,4.308367457392207,4.540025077911039
5000,42585,N=n log(n),1,78,4.252119232766608,4.516903140939264
5000,42585,N=n log(n),1,79,3.766269193953488,3.4242508006513295
5000,42585,N=n log(n),1,80,3.677476218065159,5.217804117141111
5000,42585,N=n log(n),1,81,4.5746313891857495,3.655977563385246
5000,42585,N=n log(n),1,82,4.168699572902684,4.958622305409228
5000,42585,N=n log(n),1,83,3.79725577278353,5.238794952442581
5000,42585,N=n log(n),1,84,3.374480656591443,3.6489538149206817
5000,42585,N=n log(n),1,85,5.156919011780718,4.74650726805618
5000,42585,N=n log(n),1,86,5.059590061869983,3.947405842253629
5000,42585,N=n log(n),1,87,4.602480598168886,4.809687422204852
5000,42585,N=n log(n),1,88,3.9021506088162865,5.725472714736973
5000,42585,N=n log(n),1,89,4.795133656964148,4.195761651772671
5000,42585,N=n log(n),1,90,3.832259819501883,4.5346898609678625
5000,42585,N=n log(n),1,91,3.789930957875248,3.988461648211603
5000,42585,N=n log(n),1,92,6.65455063448771,4.0062431026878755
5000,42585,N=n log(n),1,93,3.6307565030722904,5.501687802904562
5000,42585,N=n log(n),1,94,5.860789081219693,4.116530221507715
5000,42585,N=n log(n),1,95,3.377364390429211,4.20797816296414
5000,42585,N=n log(n),1,96,4.583673622552098,3.7298225787070263
5000,42585,N=n log(n),1,97,4.390216814151845,4.554819518817838
5000,42585,N=n log(n),1,98,3.7566725160138983,4.808604634410945
5000,42585,N=n log(n),1,99,3.874070323638617,5.230522606844051
5000,42585,N=n log(n),1,100,4.4529359762268985,4.182947880323076
5000,353553,N=n^(3/2),1,0,2.1742859738515294,3.0536468806944974
5000,353553,N=n^(3/2),1,1,3.3100800604705243,4.901041934791987
5000,353553,N=n^(3/2),1,2,4.335203451717155,2.8410768268612627
5000,353553,N=n^(3/2),1,3,2.0111762931415416,3.5003698931220195
5000,353553,N=n^(3/2),1,4,2.167438245535799,2.9851698179906228
5000,353553,N=n^(3/2),1,5,2.2302032865863293,2.2950246674350323
5000,353553,N=n^(3/2),1,6,2.9143711545283892,2.939865061070295
5000,353553,N=n^(3/2),1,7,2.3717667629853896,4.675165028652031
5000,353553,N=n^(3/2),1,8,4.117409164973097,3.1317596984959932
5000,353553,N=n^(3/2),1,9,2.7532675934217252,2.813464946898868
5000,353553,N=n^(3/2),1,10,2.557168801937336,4.576929804027022
5000,353553,N=n^(3/2),1,11,2.224116475524498,2.8130565772437492
5000,353553,N=n^(3/2),1,12,2.369221758755013,2.6525525894831214
5000,353553,N=n^(3/2),1,13,3.4699133460360327,3.0374413023904827
5000,353553,N=n^(3/2),1,14,3.462086210405635,3.1571361703912233
5000,353553,N=n^(3/2),1,15,2.368428027581509,4.220511894912315
5000,353553,N=n^(3/2),1,16,2.6952597277855666,3.1443716434309863
5000,353553,N=n^(3/2),1,17,1.958079784022725,3.085052509220489
5000,353553,N=n^(3/2),1,18,3.202096400949802,2.5235236815688493
5000,353553,N=n^(3/2),1,19,2.456271773614912,4.607135697488748
5000,353553,N=n^(3/2),1,20,3.330759226766914,2.7866499053773186
5000,353553,N=n^(3/2),1,21,2.136653130218701,2.984073997719272
5000,353553,N=n^(3/2),1,22,3.147545392598725,4.1920791091979535
5000,353553,N=n^(3/2),1,23,2.658811605125756,2.975204731198098
5000,353553,N=n^(3/2),1,24,2.438954368380282,3.2572533020201018
5000,353553,N=n^(3/2),1,25,2.493078301105725,2.614749356871387
5000,353553,N=n^(3/2),1,26,2.47883501907572,2.5428926929669977
5000,353553,N=n^(3/2),1,27,4.198376314706902,3.2565790640205083
5000,353553,N=n^(3/2),1,28,3.1662546954412525,2.8554325655048673
5000,353553,N=n^(3/2),1,29,2.0641653078512263,2.4075799238920244
5000,353553,N=n^(3/2),1,30,3.465688288155322,2.9145292235241795
5000,353553,N=n^(3/2),1,31,2.3500222581623285,3.1860831125919744
5000,353553,N=n^(3/2),1,32,1.8911462291390744,2.888731232185215
5000,353553,N=n^(3/2),1,33,2.1386936660071845,4.710209006342812
5000,353553,N=n^(3/2),1,34,2.806264724322802,4.614569921973791
5000,353553,N=n^(3/2),1,35,2.6064643616175434,2.5366020100985627
5000,353553,N=n^(3/2),1,36,2.057251365800374,2.806503207903118
5000,353553,N=n^(3/2),1,37,3.1264054836946467,2.586263616265146
5000,353553,N=n^(3/2),1,38,2.315655961773907,2.638863423199426
5000,353553,N=n^(3/2),1,39,1.7544090430633623,2.9479964834867083
5000,353553,N=n^(3/2),1,40,2.8522927865191736,2.76564800259376
5000,353553,N=n^(3/2),1,41,8.760064465734171,2.93587820681369
5000,353553,N=n^(3/2),1,42,4.1056763343952865,2.4573231633156345
5000,353553,N=n^(3/2),1,43,2.589041559244491,3.6601524613939063
5000,353553,N=n^(3/2),1,44,2.3424284175160737,2.615963247037272
5000,353553,N=n^(3/2),1,45,2.1266644370469736,4.664786207451894
5000,353553,N=n^(3/2),1,46,2.7515197454270384,3.852744244347944
5000,353553,N=n^(3/2),1,47,3.911094038931053,3.968116389900874
5000,353553,N=n^(3/2),1,48,2.234641691537401,3.105396698709149
5000,353553,N=n^(3/2),1,49,2.652056190816243,4.56028157302271
5000,353553,N=n^(3/2),1,50,2.787952102322363,2.267458251693504
5000,353553,N=n^(3/2),1,51,2.426712700148494,3.425496364439227
5000,353553,N=n^(3/2),1,52,2.3503246251099457,2.9073190641681146
5000,353553,N=n^(3/2),1,53,2.5328884072327855,3.740156302776395
5000,353553,N=n^(3/2),1,54,3.258187622470868,3.4335203969191945
5000,353553,N=n^(3/2),1,55,2.3803939013119013,3.760805996392566
5000,353553,N=n^(3/2),1,56,3.7091123316543073,2.7326122484969937
5000,353553,N=n^(3/2),1,57,2.202191007007739,3.211761173763493
5000,353553,N=n^(3/2),1,58,3.834724830441818,2.4560873792865565
5000,353553,N=n^(3/2),1,59,2.4700591083338503,2.703042550916214
5000,353553,N=n^(3/2),1,60,2.3285002051305126,3.4872529903972307
5000,353553,N=n^(3/2),1,61,2.1970630215004707,2.550767691959717
5000,353553,N=n^(3/2),1,62,2.9590393189057576,3.0724229942663457
5000,353553,N=n^(3/2),1,63,2.839806412902777,3.0631453986031896
5000,353553,N=n^(3/2),1,64,2.4113319075322788,2.195957542410149
5000,353553,N=n^(3/2),1,65,2.8278926781931255,3.9092920651699914
5000,353553,N=n^(3/2),1,66,2.6313867844755268,3.0658327719428806
5000,353553,N=n^(3/2),1,67,2.2211269822793445,3.1461391702589188
5000,353553,N=n^(3/2),1,68,2.7104293343139454,4.430020581479226
5000,353553,N=n^(3/2),1,69,2.173906596592151,2.427381466264075
5000,353553,N=n^(3/2),1,70,2.5225880269041387,2.530242818091193
5000,353553,N=n^(3/2),1,71,4.548995203390381,2.584834067276193
5000,353553,N=n^(3/2),1,72,2.7975518609169603,3.861273355293755
5000,353553,N=n^(3/2),1,73,2.6857730816609444,4.3797017302005266
5000,353553,N=n^(3/2),1,74,2.8704717403695543,2.7412376326217616
5000,353553,N=n^(3/2),1,75,2.7716186448660376,2.82784172704755
5000,353553,N=n^(3/2),1,76,3.2498071045900243,2.834618891967651
5000,353553,N=n^(3/2),1,77,3.427021055190143,2.3810678435264534
5000,353553,N=n^(3/2),1,78,2.124512065715336,2.532427117461828
5000,353553,N=n^(3/2),1,79,2.7604337031172763,2.888113835053791
5000,353553,N=n^(3/2),1,80,2.7658706928829004,2.7718557626672253
5000,353553,N=n^(3/2),1,81,2.3244106903498665,3.4209092112227415
5000,353553,N=n^(3/2),1,82,2.750552103013048,2.796878334311604
5000,353553,N=n^(3/2),1,83,2.1055061138297324,2.9820246820665415
5000,353553,N=n^(3/2),1,84,2.141089506431398,2.9431714657102437
5000,353553,N=n^(3/2),1,85,3.0279102406017766,3.7071988904812274
5000,353553,N=n^(3/2),1,86,3.763154994721409,2.830926960737516
5000,353553,N=n^(3/2),1,87,2.3862074792336836,4.556228767009769
5000,353553,N=n^(3/2),1,88,2.0369750240020497,2.9971748733922485
5000,353553,N=n^(3/2),1,89,2.6124808074466466,3.1545380920956916
5000,353553,N=n^(3/2),1,90,2.315184127855224,3.227226884707849
5000,353553,N=n^(3/2),1,91,2.62909023534145,2.8644567873156332
5000,353553,N=n^(3/2),1,92,2.585991334344125,3.2000044971749064
5000,353553,N=n^(3/2),1,93,2.7371498095024434,2.5174472619322468
5000,353553,N=n^(3/2),1,94,2.6894161175471925,3.535980034796071
5000,353553,N=n^(3/2),1,95,2.2374149499478153,3.460464056964366
5000,353553,N=n^(3/2),1,96,3.0691342943961337,2.7414510144119877
5000,353553,N=n^(3/2),1,97,2.0039822728690893,2.914171610291191
5000,353553,N=n^(3/2),1,98,2.285629297964665,3.841027666708225
5000,353553,N=n^(3/2),1,99,1.993597937304863,3.240936322078256
5000,353553,N=n^(3/2),1,100,2.194686677897842,2.6767360800179967
5000,25000000,N=n^2,1,36,2.114232289726925,3.1834426980016706
5000,25000000,N=n^2,1,37,2.077924566847303,2.894876103945968
5000,25000000,N=n^2,1,38,1.515845964827842,2.3099198298593047
5000,25000000,N=n^2,1,39,2.7532140788774018,2.5920145453165304
5000,25000000,N=n^2,1,40,2.470381074373605,2.532303320113613
5000,25000000,N=n^2,1,41,8.96364084734876,3.1313158654813993
5000,25000000,N=n^2,1,42,1.8022213060177463,2.9386597214427064
5000,25000000,N=n^2,1,43,2.1596796688526574,2.3760518245644455
5000,25000000,N=n^2,1,44,1.8333388314514851,2.4905220355854025
5000,25000000,N=n^2,1,45,1.6727321480884862,3.6244466142108447
5000,25000000,N=n^2,1,46,1.9913036873479824,2.7200802896990144
5000,25000000,N=n^2,1,47,2.357131261077742,3.1204404084299706
5000,25000000,N=n^2,1,48,2.492657670204988,3.5554474450190807
5000,25000000,N=n^2,1,49,2.2181336434201,3.1149899825466516
5000,25000000,N=n^2,1,50,2.188939903366542,2.7239900402050017
5000,25000000,N=n^2,1,51,2.65904548132354,3.321495867689845
5000,25000000,N=n^2,1,52,2.1795272539485,2.259883843719903
5000,25000000,N=n^2,1,53,1.9759996951463248,2.080534018404893
5000,25000000,N=n^2,1,54,2.257431538476353,3.522330187376756
5000,25000000,N=n^2,1,55,2.512902846266924,2.552022063855008
5000,25000000,N=n^2,1,56,2.2408699429300913,2.5497821359440156
5000,25000000,N=n^2,1,57,2.8019778842195255,2.1624763066494
5000,25000000,N=n^2,1,58,1.9444832489308688,2.6749442520176125
5000,25000000,N=n^2,1,59,2.7069221793020892,2.467428174951333
5000,25000000,N=n^2,1,60,2.013671915174086,2.8418156729923627
5000,25000000,N=n^2,1,61,2.138021798373424,2.418211814260386
5000,25000000,N=n^2,1,62,1.7339927768107215,3.0187124773994705
5000,25000000,N=n^2,1,63,2.2247745081445007,2.5430959476574033
5000,25000000,N=n^2,1,64,2.2371781114066582,2.34892901053334
5000,25000000,N=n^2,1,65,2.0991026473224736,3.4938486207412165
5000,25000000,N=n^2,1,66,1.973888614007736,3.633227370377386
5000,25000000,N=n^2,1,67,2.4142933651587604,2.82324485328507
5000,25000000,N=n^2,1,68,2.448132136645374,4.079536220941185
5000,25000000,N=n^2,1,69,3.037977401292858,2.149568778443701
5000,25000000,N=n^2,1,70,2.108705700028205,2.4031753618265026
5000,25000000,N=n^2,1,71,3.0804350394276407,1.926185676461376
5000,25000000,N=n^2,1,72,1.7883204424460193,2.7863974910634663
5000,25000000,N=n^2,1,73,2.015460994965469,2.530236488508444
5000,25000000,N=n^2,1,74,3.676422690709942,2.274573756649527
5000,25000000,N=n^2,1,75,2.1792973222869167,2.4282075220464225
5000,25000000,N=n^2,1,76,2.354840924667329,3.2533097168638068
5000,25000000,N=n^2,1,77,2.1966618682280843,2.1395034705094123
5000,25000000,N=n^2,1,78,2.164696623782582,2.3312425969261783
5000,25000000,N=n^2,1,79,2.2719763255296255,1.9551948318150896
5000,25000000,N=n^2,1,80,4.1782653257696385,3.1923386757198577
5000,25000000,N=n^2,1,81,3.870307594335638,3.332771424995599
5000,25000000,N=n^2,1,82,2.5121954671212583,2.8906260219970736
5000,25000000,N=n^2,1,83,1.9073359138198809,3.263620901035968
5000,25000000,N=n^2,1,84,2.2686884123372293,2.436489601842965
5000,25000000,N=n^2,1,85,2.858348075555501,2.4653084348100265
5000,25000000,N=n^2,1,86,2.808363534390033,3.0252884883791338
5000,25000000,N=n^2,1,87,1.79110228179333,2.491840008313191
5000,25000000,N=n^2,1,88,1.84470975675122,3.284388684212082
5000,25000000,N=n^2,1,89,2.262720868515921,2.462454819297229
5000,25000000,N=n^2,1,90,1.9268197943193937,2.8476025811141015
5000,25000000,N=n^2,1,91,2.2247366967540154,2.8549384636648436
5000,25000000,N=n^2,1,92,3.218930583631264,2.486471012130221
5000,25000000,N=n^2,1,93,3.464798797119204,2.94309283854386
5000,25000000,N=n^2,1,94,2.68153569459659,2.747537679070399
5000,25000000,N=n^2,1,95,2.487617772281011,2.8630553823056615
5000,25000000,N=n^2,1,96,2.067579430273201,2.9348788901693865
5000,25000000,N=n^2,1,97,1.845140317458501,2.040080186622883
5000,25000000,N=n^2,1,98,2.745408903881901,2.4726592585562908
5000,25000000,N=n^2,1,99,2.4028508559223885,2.4753096559511953
5000,25000000,N=n^2,1,100,1.865472140221083,2.4939855094774654
