seed,x_obs_current,x_obs_current_gamma0,x_obs_current_gamma1,x_obs_current_gamma2,stored_reference_mean,stored_reference_mean_t1,stored_reference_mean_t2,current_reference_mean,current_reference_mean_t1,current_reference_mean_t2,flow_mean,flow_mean_t1,flow_mean_t2,reference_mean_shift,reference_mean_shift_t1,reference_mean_shift_t2,reference_mean_shift_l2,stored_flow_kl,current_flow_kl,current_minus_stored_flow_kl,flow_posterior_sample_count,stored_reference_sample_count,current_reference_sample_count,flow_dir,current_reference_path,reference_reused,nuts_num_warmup,nuts_num_samples,nuts_thinning,nuts_num_chains,status
0,"[1.4012566804885864, 0.7640022039413452, 0.2409301996231079]",1.4012566804885864,0.7640022039413452,0.2409301996231079,"[0.6032537074327469, 0.24320618431568145]",0.6032537074327469,0.24320618431568145,"[0.6434824233531952, 0.2456083085656166]",0.6434824233531952,0.2456083085656166,"[0.6437198256492614, 0.24753411654233934]",0.6437198256492614,0.24753411654233934,"[0.0402287159204483, 0.0024021242499351614]",0.0402287159204483,0.0024021242499351614,0.04030036954570339,1.1303510701843373,0.015173003682938689,-1.1151780665013986,10000,10000,10000,res/ma2_b0/npe_n_obs_1000_n_sims_1000000_seed_0,res/ma2_b0/current_reference_refresh_n_obs_1000_seed_0/nuts_current_reference.pkl,False,2000,10000,10,1,complete
1,"[1.4467124938964844, 0.730927050113678, 0.14164981245994568]",1.4467124938964844,0.730927050113678,0.14164981245994568,"[0.6404237508773803, 0.138416058331728]",0.6404237508773803,0.138416058331728,"[0.6331561223268509, 0.13418306016921996]",0.6331561223268509,0.13418306016921996,"[0.6315597854852676, 0.14053770288825035]",0.6315597854852676,0.14053770288825035,"[-0.007267628550529426, -0.004232998162508023]",-0.007267628550529426,-0.004232998162508023,0.008410511173065923,-0.02718007125962771,-0.015530790868711675,0.011649280390916034,2000,2000,10000,res/ma2_b0/npe_n_obs_1000_n_sims_1000000_seed_1,res/ma2_b0/current_reference_refresh_n_obs_1000_seed_1/nuts_current_reference.pkl,False,2000,10000,10,1,complete
2,"[1.4822611808776855, 0.7974598407745361, 0.25786182284355164]",1.4822611808776855,0.7974598407745361,0.25786182284355164,"[0.631385523200035, 0.2611207420229912]",0.631385523200035,0.2611207420229912,"[0.6279972268342972, 0.2607362426996231]",0.6279972268342972,0.2607362426996231,"[0.6331928994059562, 0.2677806096076965]",0.6331928994059562,0.2677806096076965,"[-0.0033882963657378973, -0.00038449932336809267]",-0.0033882963657378973,-0.00038449932336809267,0.003410042813769816,0.011469146514593347,0.019683449568735467,0.00821430305414212,2000,2000,10000,res/ma2_b0/npe_n_obs_1000_n_sims_1000000_seed_2,res/ma2_b0/current_reference_refresh_n_obs_1000_seed_2/nuts_current_reference.pkl,False,2000,10000,10,1,complete
4,"[1.2434041500091553, 0.5927354097366333, 0.10911452770233154]",1.2434041500091553,0.5927354097366333,0.10911452770233154,"[0.5758677180409432, 0.1266495966911316]",0.5758677180409432,0.1266495966911316,"[0.5727983735203743, 0.1247571747660637]",0.5727983735203743,0.1247571747660637,"[0.575023379355669, 0.12692817720770835]",0.575023379355669,0.12692817720770835,"[-0.0030693445205688397, -0.0018924219250679025]",-0.0030693445205688397,-0.0018924219250679025,0.0036058475464755394,0.05098448709847288,-0.028368288446732892,-0.07935277554520577,2000,2000,10000,res/ma2_b0/npe_n_obs_1000_n_sims_1000000_seed_4,res/ma2_b0/current_reference_refresh_n_obs_1000_seed_4/nuts_current_reference.pkl,False,2000,10000,10,1,complete
5,"[1.4308894872665405, 0.7564845085144043, 0.2598861753940582]",1.4308894872665405,0.7564845085144043,0.2598861753940582,"[0.6017988766431809, 0.26327336055040357]",0.6017988766431809,0.26327336055040357,"[0.6010546550154686, 0.2627916385293007]",0.6010546550154686,0.2627916385293007,"[0.5970342348814011, 0.2576576378345489]",0.5970342348814011,0.2576576378345489,"[-0.0007442216277122604, -0.00048172202110285944]",-0.0007442216277122604,-0.00048172202110285944,0.0008865223836825048,-0.025059888604882254,-0.006643308602922504,0.01841658000195975,2000,2000,10000,res/ma2_b0/npe_n_obs_1000_n_sims_1000000_seed_5,res/ma2_b0/current_reference_refresh_n_obs_1000_seed_5/nuts_current_reference.pkl,False,2000,10000,10,1,complete
6,"[1.3964987993240356, 0.6887305974960327, 0.1493743360042572]",1.3964987993240356,0.6887305974960327,0.1493743360042572,"[0.5942917218208313, 0.14617153307795525]",0.5942917218208313,0.14617153307795525,"[0.5917747410297394, 0.14571998177170753]",0.5917747410297394,0.14571998177170753,"[0.5931070691347122, 0.14724824169278145]",0.5931070691347122,0.14724824169278145,"[-0.0025169807910919717, -0.0004515513062477161]",-0.0025169807910919717,-0.0004515513062477161,0.002557164618263749,0.0365756959099459,0.008710645175441512,-0.02786505073450439,2000,2000,10000,res/ma2_b0/npe_n_obs_1000_n_sims_1000000_seed_6,res/ma2_b0/current_reference_refresh_n_obs_1000_seed_6/nuts_current_reference.pkl,False,2000,10000,10,1,complete
7,"[1.3846756219863892, 0.7104088068008423, 0.18445995450019836]",1.3846756219863892,0.7104088068008423,0.18445995450019836,"[0.6106747248768807, 0.18789400827884675]",0.6106747248768807,0.18789400827884675,"[0.6094419593811036, 0.18838064638972282]",0.6094419593811036,0.18838064638972282,"[0.6037551121711731, 0.19249874699115754]",0.6037551121711731,0.19249874699115754,"[-0.0012327654957771106, 0.0004866381108760698]",-0.0012327654957771106,0.0004866381108760698,0.001325340491547593,0.012148923890140346,0.02980328050209069,0.017654356611950344,2000,2000,10000,res/ma2_b0/npe_n_obs_1000_n_sims_1000000_seed_7,res/ma2_b0/current_reference_refresh_n_obs_1000_seed_7/nuts_current_reference.pkl,False,2000,10000,10,1,complete
8,"[1.3485640287399292, 0.6528648734092712, 0.16558067500591278]",1.3485640287399292,0.6528648734092712,0.16558067500591278,"[0.5688875580430031, 0.16797691810131074]",0.5688875580430031,0.16797691810131074,"[0.5578383180737495, 0.16594664475917817]",0.5578383180737495,0.16594664475917817,"[0.5646944825053215, 0.16411905136704444]",0.5646944825053215,0.16411905136704444,"[-0.011049239969253555, -0.0020302733421325714]",-0.011049239969253555,-0.0020302733421325714,0.01123422065574308,0.06948875465775041,0.005422570396772075,-0.06406618426097833,2000,2000,10000,res/ma2_b0/npe_n_obs_1000_n_sims_1000000_seed_8,res/ma2_b0/current_reference_refresh_n_obs_1000_seed_8/nuts_current_reference.pkl,False,2000,10000,10,1,complete
9,"[1.235501766204834, 0.597470760345459, 0.1225651428103447]",1.235501766204834,0.597470760345459,0.1225651428103447,"[0.5783531470894814, 0.14118683114647865]",0.5783531470894814,0.14118683114647865,"[0.5765446939468384, 0.1396661809206009]",0.5765446939468384,0.1396661809206009,"[0.575036705493927, 0.13052894631028175]",0.575036705493927,0.13052894631028175,"[-0.0018084531426429962, -0.0015206502258777455]",-0.0018084531426429962,-0.0015206502258777455,0.002362811858485006,0.047332860417400355,0.03519754474688819,-0.012135315670512167,2000,2000,10000,res/ma2_b0/npe_n_obs_1000_n_sims_1000000_seed_9,res/ma2_b0/current_reference_refresh_n_obs_1000_seed_9/nuts_current_reference.pkl,False,2000,10000,10,1,complete
10,"[1.338727593421936, 0.650992214679718, 0.1120595932006836]",1.338727593421936,0.650992214679718,0.1120595932006836,"[0.6010718737244606, 0.1196127610206604]",0.6010718737244606,0.1196127610206604,"[0.6004519969344139, 0.1185360970377922]",0.6004519969344139,0.1185360970377922,"[0.5958138370215893, 0.11963826516270637]",0.5958138370215893,0.11963826516270637,"[-0.0006198767900467139, -0.001076663982868195]",-0.0006198767900467139,-0.001076663982868195,0.0012423576646216753,0.047328889143599936,-0.0037462153944467502,-0.05107510453804669,2000,2000,10000,res/ma2_b0/npe_n_obs_1000_n_sims_1000000_seed_10,res/ma2_b0/current_reference_refresh_n_obs_1000_seed_10/nuts_current_reference.pkl,False,2000,10000,10,1,complete
11,"[1.4287902116775513, 0.7250797152519226, 0.16435667872428894]",1.4287902116775513,0.7250797152519226,0.16435667872428894,"[0.6185413779616356, 0.15982215076684952]",0.6185413779616356,0.15982215076684952,"[0.6169034746289254, 0.16076103496551514]",0.6169034746289254,0.16076103496551514,"[0.6187553533911705, 0.16594233670830727]",0.6187553533911705,0.16594233670830727,"[-0.0016379033327101888, 0.0009388841986656127]",-0.0016379033327101888,0.0009388841986656127,0.001887917070691166,-0.024951906938826256,0.0025730741834431026,0.02752498112226936,2000,2000,10000,res/ma2_b0/npe_n_obs_1000_n_sims_1000000_seed_11,res/ma2_b0/current_reference_refresh_n_obs_1000_seed_11/nuts_current_reference.pkl,False,2000,10000,10,1,complete
12,"[1.466975212097168, 0.7905851006507874, 0.275291383266449]",1.466975212097168,0.7905851006507874,0.275291383266449,"[0.6187712780237198, 0.27939469277858736]",0.6187712780237198,0.27939469277858736,"[0.6182573291182518, 0.27923519529104235]",0.6182573291182518,0.27923519529104235,"[0.6204509134888649, 0.2777064357995987]",0.6204509134888649,0.2777064357995987,"[-0.0005139489054679647, -0.0001594974875450128]",-0.0005139489054679647,-0.0001594974875450128,0.0005381290978611827,-0.05131641472038209,-0.013956441306431477,0.037359973413950615,2000,2000,10000,res/ma2_b0/npe_n_obs_1000_n_sims_1000000_seed_12,res/ma2_b0/current_reference_refresh_n_obs_1000_seed_12/nuts_current_reference.pkl,False,2000,10000,10,1,complete
13,"[1.3334685564041138, 0.6446388363838196, 0.17844413220882416]",1.3334685564041138,0.6446388363838196,0.17844413220882416,"[0.5471639609932899, 0.1793710613846779]",0.5471639609932899,0.1793710613846779,"[0.547693623816967, 0.180296711486578]",0.547693623816967,0.180296711486578,"[0.5453431218862533, 0.1816434425711632]",0.5453431218862533,0.1816434425711632,"[0.0005296628236770573, 0.0009256501019000996]",0.0005296628236770573,0.0009256501019000996,0.0010664758871785232,-0.030426926788564738,0.0342068655477521,0.06463379233631683,2000,2000,10000,res/ma2_b0/npe_n_obs_1000_n_sims_1000000_seed_13,res/ma2_b0/current_reference_refresh_n_obs_1000_seed_13/nuts_current_reference.pkl,False,2000,10000,10,1,complete
14,"[1.4846233129501343, 0.7792487740516663, 0.18637700378894806]",1.4846233129501343,0.7792487740516663,0.18637700378894806,"[0.6495791879296303, 0.18106479233503342]",0.6495791879296303,0.18106479233503342,"[0.6474754683494568, 0.1801311312317848]",0.6474754683494568,0.1801311312317848,"[0.6520584729909897, 0.17648394188284874]",0.6520584729909897,0.17648394188284874,"[-0.0021037195801735242, -0.0009336611032486064]",-0.0021037195801735242,-0.0009336611032486064,0.0023015992543718106,-0.04100169697678614,-0.0013442488984951595,0.03965744807829098,2000,2000,10000,res/ma2_b0/npe_n_obs_1000_n_sims_1000000_seed_14,res/ma2_b0/current_reference_refresh_n_obs_1000_seed_14/nuts_current_reference.pkl,False,2000,10000,10,1,complete
16,"[1.2908145189285278, 0.5908624529838562, 0.18969684839248657]",1.2908145189285278,0.5908624529838562,0.18969684839248657,"[0.4939261041879654, 0.19179777187108993]",0.4939261041879654,0.19179777187108993,"[0.4943685959219933, 0.192279541349411]",0.4943685959219933,0.192279541349411,"[0.48858353853225706, 0.19144708317518233]",0.48858353853225706,0.19144708317518233,"[0.00044249173402788333, 0.0004817694783210702]",0.00044249173402788333,0.0004817694783210702,0.0006541412423359034,0.007170204178934256,0.034537146918439676,0.02736694273950542,2000,2000,10000,res/ma2_b0/npe_n_obs_1000_n_sims_1000000_seed_16,res/ma2_b0/current_reference_refresh_n_obs_1000_seed_16/nuts_current_reference.pkl,False,2000,10000,10,1,complete
18,"[1.4790804386138916, 0.7606962323188782, 0.18118883669376373]",1.4790804386138916,0.7606962323188782,0.18118883669376373,"[0.6260151818990708, 0.17179809221625328]",0.6260151818990708,0.17179809221625328,"[0.6253825082659722, 0.17172947697639465]",0.6253825082659722,0.17172947697639465,"[0.6262247059941292, 0.17246773889660835]",0.6262247059941292,0.17246773889660835,"[-0.0006326736330986016, -6.861523985862705e-05]",-0.0006326736330986016,-6.861523985862705e-05,0.0006363835142106062,0.12227006670284346,0.00973306172501176,-0.1125370049778317,2000,2000,10000,res/ma2_b0/npe_n_obs_1000_n_sims_1000000_seed_18,res/ma2_b0/current_reference_refresh_n_obs_1000_seed_18/nuts_current_reference.pkl,False,2000,10000,10,1,complete
19,"[1.4435652494430542, 0.7189344763755798, 0.15150894224643707]",1.4435652494430542,0.7189344763755798,0.15150894224643707,"[0.612549388885498, 0.14495553320646287]",0.612549388885498,0.14495553320646287,"[0.6069743940591812, 0.14125511001348495]",0.6069743940591812,0.14125511001348495,"[0.6050830086469651, 0.13898305839300157]",0.6050830086469651,0.13898305839300157,"[-0.005574994826316848, -0.0037004231929779197]",-0.005574994826316848,-0.0037004231929779197,0.006691315201108713,0.05725088563000248,0.0222116124096563,-0.03503927322034618,2000,2000,10000,res/ma2_b0/npe_n_obs_1000_n_sims_1000000_seed_19,res/ma2_b0/current_reference_refresh_n_obs_1000_seed_19/nuts_current_reference.pkl,False,2000,10000,10,1,complete
21,"[1.3054944276809692, 0.6448320746421814, 0.17189152538776398]",1.3054944276809692,0.6448320746421814,0.17189152538776398,"[0.5402945980906486, 0.17407613365650176]",0.5402945980906486,0.17407613365650176,"[0.5694972126245499, 0.17802855040431023]",0.5694972126245499,0.17802855040431023,"[0.5665276612281799, 0.1797327214062214]",0.5665276612281799,0.1797327214062214,"[0.029202614533901272, 0.003952416747808468]",0.029202614533901272,0.003952416747808468,0.02946886990985536,0.723592906989087,0.03576182109962708,-0.6878310858894598,10000,10000,10000,res/ma2_b0/npe_n_obs_1000_n_sims_1000000_seed_21,res/ma2_b0/current_reference_refresh_n_obs_1000_seed_21/nuts_current_reference.pkl,False,2000,10000,10,1,complete
22,"[1.4583872556686401, 0.7182500958442688, 0.1314748227596283]",1.4583872556686401,0.7182500958442688,0.1314748227596283,"[0.648674380004406, 0.12942772547006606]",0.648674380004406,0.12942772547006606,"[0.6141971280574798, 0.11418416773676872]",0.6141971280574798,0.11418416773676872,"[0.615769014453888, 0.10853590148091316]",0.615769014453888,0.10853590148091316,"[-0.03447725194692619, -0.015243557733297344]",-0.03447725194692619,-0.015243557733297344,0.037696776442823265,0.6643499423092952,0.016387699991094733,-0.6479622423182005,10000,10000,10000,res/ma2_b0/npe_n_obs_1000_n_sims_1000000_seed_22,res/ma2_b0/current_reference_refresh_n_obs_1000_seed_22/nuts_current_reference.pkl,False,2000,10000,10,1,complete
23,"[1.2519110441207886, 0.6203104853630066, 0.1723785400390625]",1.2519110441207886,0.6203104853630066,0.1723785400390625,"[0.5098343718647956, 0.17493992398381233]",0.5098343718647956,0.17493992398381233,"[0.5670234430789948, 0.18364748531579972]",0.5670234430789948,0.18364748531579972,"[0.5713479390203953, 0.19110460278987884]",0.5713479390203953,0.19110460278987884,"[0.05718907121419914, 0.008707561331987385]",0.05718907121419914,0.008707561331987385,0.0578481762088751,1.9035309969087821,0.04212770049979356,-1.8614032964089886,10000,10000,10000,res/ma2_b0/npe_n_obs_1000_n_sims_1000000_seed_23,res/ma2_b0/current_reference_refresh_n_obs_1000_seed_23/nuts_current_reference.pkl,False,2000,10000,10,1,complete
24,"[1.441996455192566, 0.7678555846214294, 0.2688697576522827]",1.441996455192566,0.7678555846214294,0.2688697576522827,"[0.606066316664219, 0.2699993823885918]",0.606066316664219,0.2699993823885918,"[0.6052239803671837, 0.272369620680809]",0.6052239803671837,0.272369620680809,"[0.6056759090125561, 0.2646823845624924]",0.6056759090125561,0.2646823845624924,"[-0.0008423362970352288, 0.0023702382922172194]",-0.0008423362970352288,0.0023702382922172194,0.002515464171717781,0.8179534860092533,0.017418312039075838,-0.8005351739701775,10000,10000,10000,res/ma2_b0/npe_n_obs_1000_n_sims_1000000_seed_24,res/ma2_b0/current_reference_refresh_n_obs_1000_seed_24/nuts_current_reference.pkl,False,2000,10000,10,1,complete
25,"[1.422788143157959, 0.6987738609313965, 0.13586297631263733]",1.422788143157959,0.6987738609313965,0.13586297631263733,"[0.6243378670930863, 0.1349417684853077]",0.6243378670930863,0.1349417684853077,"[0.6016502315759659, 0.12649872134923934]",0.6016502315759659,0.12649872134923934,"[0.6023188640654087, 0.12231348208189011]",0.6023188640654087,0.12231348208189011,"[-0.022687635517120386, -0.00844304713606836]",-0.022687635517120386,-0.00844304713606836,0.02420772294743094,0.49331018005828303,0.008268274232074803,-0.4850419058262082,10000,10000,10000,res/ma2_b0/npe_n_obs_1000_n_sims_1000000_seed_25,res/ma2_b0/current_reference_refresh_n_obs_1000_seed_25/nuts_current_reference.pkl,False,2000,10000,10,1,complete
26,"[1.4261294603347778, 0.7497171759605408, 0.21093635261058807]",1.4261294603347778,0.7497171759605408,0.21093635261058807,"[0.6139037263989449, 0.21289542760252952]",0.6139037263989449,0.21289542760252952,"[0.6235501381278038, 0.21391693959236144]",0.6235501381278038,0.21391693959236144,"[0.6249979668498039, 0.2146557183265686]",0.6249979668498039,0.2146557183265686,"[0.009646411728858939, 0.0010215119898319136]",0.009646411728858939,0.0010215119898319136,0.009700347725109531,0.505057088048913,0.03823403794914273,-0.4668230500997703,10000,10000,10000,res/ma2_b0/npe_n_obs_1000_n_sims_1000000_seed_26,res/ma2_b0/current_reference_refresh_n_obs_1000_seed_26/nuts_current_reference.pkl,False,2000,10000,10,1,complete
27,"[1.370426893234253, 0.6815665364265442, 0.15557801723480225]",1.370426893234253,0.6815665364265442,0.15557801723480225,"[0.5867086013436318, 0.15683600606918335]",0.5867086013436318,0.15683600606918335,"[0.5943290780425071, 0.15723168153762818]",0.5943290780425071,0.15723168153762818,"[0.5954426638901233, 0.1568588555932045]",0.5954426638901233,0.1568588555932045,"[0.007620476698875334, 0.0003956754684448227]",0.007620476698875334,0.0003956754684448227,0.0076307420474309665,0.37275526961825833,-0.024240881434681606,-0.39699615105293995,10000,10000,10000,res/ma2_b0/npe_n_obs_1000_n_sims_1000000_seed_27,res/ma2_b0/current_reference_refresh_n_obs_1000_seed_27/nuts_current_reference.pkl,False,2000,10000,10,1,complete
28,"[1.3752514123916626, 0.6875185370445251, 0.1518937647342682]",1.3752514123916626,0.6875185370445251,0.1518937647342682,"[0.593976107442379, 0.1538650929570198]",0.593976107442379,0.1538650929570198,"[0.6033140910744667, 0.15397285045981407]",0.6033140910744667,0.15397285045981407,"[0.6045378711283207, 0.16334272882342338]",0.6045378711283207,0.16334272882342338,"[0.009337983632087599, 0.00010775750279426455]",0.009337983632087599,0.00010775750279426455,0.009338605355862532,0.3938553693652445,0.029191179907805263,-0.3646641894574392,10000,10000,10000,res/ma2_b0/npe_n_obs_1000_n_sims_1000000_seed_28,res/ma2_b0/current_reference_refresh_n_obs_1000_seed_28/nuts_current_reference.pkl,False,2000,10000,10,1,complete
29,"[1.4052135944366455, 0.7169399261474609, 0.1484300196170807]",1.4052135944366455,0.7169399261474609,0.1484300196170807,"[0.6205530178904534, 0.15078824610114097]",0.6205530178904534,0.15078824610114097,"[0.6331347895145416, 0.15157972053289415]",0.6331347895145416,0.15157972053289415,"[0.6368435304284096, 0.14949317286610603]",0.6368435304284096,0.14949317286610603,"[0.012581771624088245, 0.0007914744317531752]",0.012581771624088245,0.0007914744317531752,0.012606641463007946,0.4209472218934201,0.00580248960440214,-0.41514473228901794,10000,10000,10000,res/ma2_b0/npe_n_obs_1000_n_sims_1000000_seed_29,res/ma2_b0/current_reference_refresh_n_obs_1000_seed_29/nuts_current_reference.pkl,False,2000,10000,10,1,complete
30,"[1.4044604301452637, 0.7014088034629822, 0.18862582743167877]",1.4044604301452637,0.7014088034629822,0.18862582743167877,"[0.5962389047145844, 0.18888062581419945]",0.5962389047145844,0.18888062581419945,"[0.5792121407866478, 0.18698911567926407]",0.5792121407866478,0.18698911567926407,"[0.5759011795043946, 0.18735226974487304]",0.5759011795043946,0.18735226974487304,"[-0.01702676392793656, -0.0018915101349353813]",-0.01702676392793656,-0.0018915101349353813,0.017131506076473398,0.6374277446757766,0.011405230724192654,-0.6260225139515839,10000,10000,10000,res/ma2_b0/npe_n_obs_1000_n_sims_1000000_seed_30,res/ma2_b0/current_reference_refresh_n_obs_1000_seed_30/nuts_current_reference.pkl,False,2000,10000,10,1,complete
32,"[1.5868674516677856, 0.8625470995903015, 0.27829352021217346]",1.5868674516677856,0.8625470995903015,0.27829352021217346,"[0.6917627653837204, 0.2781917102336883]",0.6917627653837204,0.2781917102336883,"[0.6429119682073593, 0.28907408638000487]",0.6429119682073593,0.28907408638000487,"[0.6528342138767242, 0.2893064696550369]",0.6528342138767242,0.2893064696550369,"[-0.048850797176361094, 0.010882376146316541]",-0.048850797176361094,0.010882376146316541,0.050048241680961066,1.409984552764005,0.07261143853081378,-1.337373114233191,10000,10000,10000,res/ma2_b0/npe_n_obs_1000_n_sims_1000000_seed_32,res/ma2_b0/current_reference_refresh_n_obs_1000_seed_32/nuts_current_reference.pkl,False,2000,10000,10,1,complete
33,"[1.2997291088104248, 0.5526906847953796, 0.06293410807847977]",1.2997291088104248,0.5526906847953796,0.06293410807847977,"[0.5299122332215309, 0.06097616065144539]",0.5299122332215309,0.06097616065144539,"[0.5086472234487533, 0.056710678571462635]",0.5086472234487533,0.056710678571462635,"[0.5097577073395252, 0.059019735705852505]",0.5097577073395252,0.059019735705852505,"[-0.021265009772777566, -0.0042654820799827575]",-0.021265009772777566,-0.0042654820799827575,0.02168859096416776,0.3725777938205942,0.02516144874774373,-0.34741634507285046,10000,10000,10000,res/ma2_b0/npe_n_obs_1000_n_sims_1000000_seed_33,res/ma2_b0/current_reference_refresh_n_obs_1000_seed_33/nuts_current_reference.pkl,False,2000,10000,10,1,complete
34,"[1.3263291120529175, 0.6550682187080383, 0.22471299767494202]",1.3263291120529175,0.6550682187080383,0.22471299767494202,"[0.5298602785110473, 0.22518891079425812]",0.5298602785110473,0.22518891079425812,"[0.5422584228754044, 0.22848096542358398]",0.5422584228754044,0.22848096542358398,"[0.5398933111667633, 0.2285599681019783]",0.5398933111667633,0.2285599681019783,"[0.012398144364357044, 0.003292054629325858]",0.012398144364357044,0.003292054629325858,0.012827767045043504,0.74290958038207,0.017293072184622806,-0.7256165081974472,10000,10000,10000,res/ma2_b0/npe_n_obs_1000_n_sims_1000000_seed_34,res/ma2_b0/current_reference_refresh_n_obs_1000_seed_34/nuts_current_reference.pkl,False,2000,10000,10,1,complete
35,"[1.3260266780853271, 0.6785081624984741, 0.19987760484218597]",1.3260266780853271,0.6785081624984741,0.19987760484218597,"[0.5536268010854721, 0.20242394219636917]",0.5536268010854721,0.20242394219636917,"[0.5889664757490158, 0.20610116516947746]",0.5889664757490158,0.20610116516947746,"[0.587285918623209, 0.20369367384314538]",0.587285918623209,0.20369367384314538,"[0.03533967466354371, 0.003677222973108296]",0.03533967466354371,0.003677222973108296,0.03553047387974256,0.9723299939345668,-0.007158902516419814,-0.9794888964509866,10000,10000,10000,res/ma2_b0/npe_n_obs_1000_n_sims_1000000_seed_35,res/ma2_b0/current_reference_refresh_n_obs_1000_seed_35/nuts_current_reference.pkl,False,2000,10000,10,1,complete
37,"[1.4187264442443848, 0.7294225096702576, 0.18286138772964478]",1.4187264442443848,0.7294225096702576,0.18286138772964478,"[0.6161993009686471, 0.18432770531773568]",0.6161993009686471,0.18432770531773568,"[0.6168262603282928, 0.18307877761125566]",0.6168262603282928,0.18307877761125566,"[0.6131865964591503, 0.19184951311349868]",0.6131865964591503,0.19184951311349868,"[0.0006269593596457401, -0.0012489277064800242]",0.0006269593596457401,-0.0012489277064800242,0.0013974614322623897,0.4485316665249294,0.051208829505640714,-0.39732283701928867,10000,10000,10000,res/ma2_b0/npe_n_obs_1000_n_sims_1000000_seed_37,res/ma2_b0/current_reference_refresh_n_obs_1000_seed_37/nuts_current_reference.pkl,False,2000,10000,10,1,complete
40,"[1.30490243434906, 0.6645252704620361, 0.23310863971710205]",1.30490243434906,0.6645252704620361,0.23310863971710205,"[0.5266912121653556, 0.23341975032091142]",0.5266912121653556,0.23341975032091142,"[0.5629376376986504, 0.237259330534935]",0.5629376376986504,0.237259330534935,"[0.5718077920675277, 0.24452491369247437]",0.5718077920675277,0.24452491369247437,"[0.03624642553329471, 0.0038395802140235857]",0.03624642553329471,0.0038395802140235857,0.036449221393064085,1.323363488858943,0.05746805497284072,-1.2658954338861022,10000,10000,10000,res/ma2_b0/npe_n_obs_1000_n_sims_1000000_seed_40,res/ma2_b0/current_reference_refresh_n_obs_1000_seed_40/nuts_current_reference.pkl,False,2000,10000,10,1,complete
42,"[1.5185701847076416, 0.8263365626335144, 0.27922555804252625]",1.5185701847076416,0.8263365626335144,0.27922555804252625,"[0.6525893991351127, 0.2805953780055046]",0.6525893991351127,0.2805953780055046,"[0.634275065612793, 0.28501527985334396]",0.634275065612793,0.28501527985334396,"[0.6389215663611889, 0.29110081572532653]",0.6389215663611889,0.29110081572532653,"[-0.018314333522319703, 0.004419901847839358]",-0.018314333522319703,0.004419901847839358,0.01884012592079196,0.982240086229021,0.011462984843461445,-0.9707771013855596,10000,10000,10000,res/ma2_b0/npe_n_obs_1000_n_sims_1000000_seed_42,res/ma2_b0/current_reference_refresh_n_obs_1000_seed_42/nuts_current_reference.pkl,False,2000,10000,10,1,complete
43,"[1.3442471027374268, 0.7140327095985413, 0.22740574181079865]",1.3442471027374268,0.7140327095985413,0.22740574181079865,"[0.5665838913202286, 0.2294904909968376]",0.5665838913202286,0.2294904909968376,"[0.614141483604908, 0.23362237766981125]",0.614141483604908,0.23362237766981125,"[0.619107732796669, 0.2396147717654705]",0.619107732796669,0.2396147717654705,"[0.04755759228467937, 0.00413188667297365]",0.04755759228467937,0.00413188667297365,0.04773674759966469,1.590528700411737,0.026821279109308514,-1.5637074213024285,10000,10000,10000,res/ma2_b0/npe_n_obs_1000_n_sims_1000000_seed_43,res/ma2_b0/current_reference_refresh_n_obs_1000_seed_43/nuts_current_reference.pkl,False,2000,10000,10,1,complete
44,"[1.3268057107925415, 0.6769999265670776, 0.1810476928949356]",1.3268057107925415,0.6769999265670776,0.1810476928949356,"[0.5605433716416359, 0.18402404276132583]",0.5605433716416359,0.18402404276132583,"[0.5989940441131592, 0.18887112857699395]",0.5989940441131592,0.18887112857699395,"[0.5925333908557892, 0.1963854831278324]",0.5925333908557892,0.1963854831278324,"[0.03845067247152323, 0.004847085815668117]",0.03845067247152323,0.004847085815668117,0.03875497973701967,0.7424885551748615,0.010657984191856039,-0.7318305709830054,10000,10000,10000,res/ma2_b0/npe_n_obs_1000_n_sims_1000000_seed_44,res/ma2_b0/current_reference_refresh_n_obs_1000_seed_44/nuts_current_reference.pkl,False,2000,10000,10,1,complete
45,"[1.4579427242279053, 0.7991777658462524, 0.23869551718235016]",1.4579427242279053,0.7991777658462524,0.23869551718235016,"[0.6368002008199691, 0.24162185921669008]",0.6368002008199691,0.24162185921669008,"[0.6602927349567413, 0.2427809162259102]",0.6602927349567413,0.2427809162259102,"[0.663069040441513, 0.24240325468182564]",0.663069040441513,0.24240325468182564,"[0.023492534136772214, 0.0011590570092201158]",0.023492534136772214,0.0011590570092201158,0.023521109100508635,0.815536035844073,0.01749063847828359,-0.7980453973657894,10000,10000,10000,res/ma2_b0/npe_n_obs_1000_n_sims_1000000_seed_45,res/ma2_b0/current_reference_refresh_n_obs_1000_seed_45/nuts_current_reference.pkl,False,2000,10000,10,1,complete
46,"[1.456367015838623, 0.7552902698516846, 0.3085747957229614]",1.456367015838623,0.7552902698516846,0.3085747957229614,"[0.584915625166893, 0.30997123017311096]",0.584915625166893,0.30997123017311096,"[0.5671445183515549, 0.32033348726034166]",0.5671445183515549,0.32033348726034166,"[0.563530619341135, 0.3133708831012249]",0.563530619341135,0.3133708831012249,"[-0.01777110681533811, 0.010362257087230708]",-0.01777110681533811,0.010362257087230708,0.020571548541226052,1.113224447609114,0.002280287216023992,-1.11094416039309,10000,10000,10000,res/ma2_b0/npe_n_obs_1000_n_sims_1000000_seed_46,res/ma2_b0/current_reference_refresh_n_obs_1000_seed_46/nuts_current_reference.pkl,False,2000,10000,10,1,complete
47,"[1.502944827079773, 0.7982450127601624, 0.21261289715766907]",1.502944827079773,0.7982450127601624,0.21261289715766907,"[0.6609628972887993, 0.21425827506780623]",0.6609628972887993,0.21425827506780623,"[0.6443217821240426, 0.20829919130802155]",0.6443217821240426,0.20829919130802155,"[0.6566081139862537, 0.2072534971833229]",0.6566081139862537,0.2072534971833229,"[-0.016641115164756748, -0.0059590837597846835]",-0.016641115164756748,-0.0059590837597846835,0.0176758986527652,0.5062252553989289,0.13114147452495578,-0.37508378087397315,10000,10000,10000,res/ma2_b0/npe_n_obs_1000_n_sims_1000000_seed_47,res/ma2_b0/current_reference_refresh_n_obs_1000_seed_47/nuts_current_reference.pkl,False,2000,10000,10,1,complete
48,"[1.4670400619506836, 0.7934530973434448, 0.20851975679397583]",1.4670400619506836,0.7934530973434448,0.20851975679397583,"[0.6527222148537636, 0.21107859165668488]",0.6527222148537636,0.21107859165668488,"[0.6668153354644776, 0.21288416944742203]",0.6668153354644776,0.21288416944742203,"[0.6680840745806694, 0.20772969818711282]",0.6680840745806694,0.20772969818711282,"[0.014093120610713994, 0.001805577790737145]",0.014093120610713994,0.001805577790737145,0.014208313049286844,0.49475570862664836,0.01823222836943088,-0.47652348025721747,10000,10000,10000,res/ma2_b0/npe_n_obs_1000_n_sims_1000000_seed_48,res/ma2_b0/current_reference_refresh_n_obs_1000_seed_48/nuts_current_reference.pkl,False,2000,10000,10,1,complete
49,"[1.5684051513671875, 0.846468985080719, 0.285311758518219]",1.5684051513671875,0.846468985080719,0.285311758518219,"[0.6724376511573792, 0.2850479887723923]",0.6724376511573792,0.2850479887723923,"[0.6296980109810829, 0.29892486535310747]",0.6296980109810829,0.29892486535310747,"[0.6388513387441636, 0.2976127520561218]",0.6388513387441636,0.2976127520561218,"[-0.04273964017629628, 0.01387687658071518]",-0.04273964017629628,0.01387687658071518,0.04493600500751797,1.3573231411510616,0.04710001515591992,-1.3102231259951416,10000,10000,10000,res/ma2_b0/npe_n_obs_1000_n_sims_1000000_seed_49,res/ma2_b0/current_reference_refresh_n_obs_1000_seed_49/nuts_current_reference.pkl,False,2000,10000,10,1,complete
50,"[1.5303428173065186, 0.8084275126457214, 0.21654948592185974]",1.5303428173065186,0.8084275126457214,0.21654948592185974,"[0.6778501741886139, 0.2154516730725765]",0.6778501741886139,0.2154516730725765,"[0.6382036145925521, 0.20958642628192903]",0.6382036145925521,0.20958642628192903,"[0.640194666916132, 0.20884789185523986]",0.640194666916132,0.20884789185523986,"[-0.03964655959606178, -0.0058652467906474826]",-0.03964655959606178,-0.0058652467906474826,0.040078058931531095,0.9870256175883705,0.020524698648836014,-0.9665009189395345,10000,10000,10000,res/ma2_b0/npe_n_obs_1000_n_sims_1000000_seed_50,res/ma2_b0/current_reference_refresh_n_obs_1000_seed_50/nuts_current_reference.pkl,False,2000,10000,10,1,complete
51,"[1.441043496131897, 0.7914063334465027, 0.3054853081703186]",1.441043496131897,0.7914063334465027,0.3054853081703186,"[0.6000265741109848, 0.30567170563936236]",0.6000265741109848,0.30567170563936236,"[0.6186481335043907, 0.3054489276409149]",0.6186481335043907,0.3054489276409149,"[0.6125736248493194, 0.3064126180589199]",0.6125736248493194,0.3064126180589199,"[0.01862155939340593, -0.00022277799844744317]",0.01862155939340593,-0.00022277799844744317,0.01862289194187457,0.9974101598988839,0.0399211358652453,-0.9574890240336387,10000,10000,10000,res/ma2_b0/npe_n_obs_1000_n_sims_1000000_seed_51,res/ma2_b0/current_reference_refresh_n_obs_1000_seed_51/nuts_current_reference.pkl,False,2000,10000,10,1,complete
52,"[1.3638641834259033, 0.6484910845756531, 0.11550690978765488]",1.3638641834259033,0.6484910845756531,0.11550690978765488,"[0.5851178659915924, 0.11549433563351631]",0.5851178659915924,0.11549433563351631,"[0.5764752443671226, 0.11103764684200287]",0.5764752443671226,0.11103764684200287,"[0.5745213425517082, 0.10321725997328758]",0.5745213425517082,0.10321725997328758,"[-0.008642621624469826, -0.0044566887915134384]",-0.008642621624469826,-0.0044566887915134384,0.009724041522338073,0.30349864896446654,0.021984272757602463,-0.2815143762068641,10000,10000,10000,res/ma2_b0/npe_n_obs_1000_n_sims_1000000_seed_52,res/ma2_b0/current_reference_refresh_n_obs_1000_seed_52/nuts_current_reference.pkl,False,2000,10000,10,1,complete
53,"[1.3890336751937866, 0.7000218629837036, 0.2089294046163559]",1.3890336751937866,0.7000218629837036,0.2089294046163559,"[0.5822041877269745, 0.21025573012828827]",0.5822041877269745,0.21025573012828827,"[0.5754634882569313, 0.21079571269750594]",0.5754634882569313,0.21079571269750594,"[0.572960483944416, 0.20961473695635796]",0.572960483944416,0.20961473695635796,"[-0.006740699470043188, 0.0005399825692176674]",-0.006740699470043188,0.0005399825692176674,0.00676229328855969,0.6695842793528377,0.026849479034439596,-0.6427348003183981,10000,10000,10000,res/ma2_b0/npe_n_obs_1000_n_sims_1000000_seed_53,res/ma2_b0/current_reference_refresh_n_obs_1000_seed_53/nuts_current_reference.pkl,False,2000,10000,10,1,complete
54,"[1.5395686626434326, 0.8174103498458862, 0.25816810131073]",1.5395686626434326,0.8174103498458862,0.25816810131073,"[0.6664476624011993, 0.25749038360118864]",0.6664476624011993,0.25749038360118864,"[0.6204759331703186, 0.2633636712193489]",0.6204759331703186,0.2633636712193489,"[0.6204450969040394, 0.2577437670171261]",0.6204450969040394,0.2577437670171261,"[-0.045971729230880776, 0.00587328761816025]",-0.045971729230880776,0.00587328761816025,0.04634539239151021,1.4568801806724696,0.03494273817723248,-1.4219374424952371,10000,10000,10000,res/ma2_b0/npe_n_obs_1000_n_sims_1000000_seed_54,res/ma2_b0/current_reference_refresh_n_obs_1000_seed_54/nuts_current_reference.pkl,False,2000,10000,10,1,complete
56,"[1.2385634183883667, 0.5661535859107971, 0.11173687875270844]",1.2385634183883667,0.5661535859107971,0.11173687875270844,"[0.49734160341024397, 0.11456566385626793]",0.49734160341024397,0.11456566385626793,"[0.5315307713866234, 0.11937749728560448]",0.5315307713866234,0.11937749728560448,"[0.5269383995175362, 0.11313391060233116]",0.5269383995175362,0.11313391060233116,"[0.03418916797637944, 0.004811833429336554]",0.03418916797637944,0.004811833429336554,0.03452611979167034,0.6532807245200631,0.007875359257268887,-0.6454053652627942,10000,10000,10000,res/ma2_b0/npe_n_obs_1000_n_sims_1000000_seed_56,res/ma2_b0/current_reference_refresh_n_obs_1000_seed_56/nuts_current_reference.pkl,False,2000,10000,10,1,complete
58,"[1.3662461042404175, 0.6784864664077759, 0.15821057558059692]",1.3662461042404175,0.6784864664077759,0.15821057558059692,"[0.5837288890719414, 0.15993021184206008]",0.5837288890719414,0.15993021184206008,"[0.5907051449656486, 0.16049938450455667]",0.5907051449656486,0.16049938450455667,"[0.5877781239628792, 0.158967381554842]",0.5877781239628792,0.158967381554842,"[0.006976255893707206, 0.000569172662496592]",0.006976255893707206,0.000569172662496592,0.006999435964005814,0.36822572876008747,0.005683467750641564,-0.3625422610094459,10000,10000,10000,res/ma2_b0/npe_n_obs_1000_n_sims_1000000_seed_58,res/ma2_b0/current_reference_refresh_n_obs_1000_seed_58/nuts_current_reference.pkl,False,2000,10000,10,1,complete
59,"[1.4333983659744263, 0.7350946068763733, 0.22485016286373138]",1.4333983659744263,0.7350946068763733,0.22485016286373138,"[0.6065961972713471, 0.2258642010807991]",0.6065961972713471,0.2258642010807991,"[0.5887167169928551, 0.2262079429268837]",0.5887167169928551,0.2262079429268837,"[0.5864954405009747, 0.22469105663895608]",0.5864954405009747,0.22469105663895608,"[-0.017879480278491955, 0.0003437418460845998]",-0.017879480278491955,0.0003437418460845998,0.01788278427666487,0.7601673836114251,0.02005131812529383,-0.7401160654861313,10000,10000,10000,res/ma2_b0/npe_n_obs_1000_n_sims_1000000_seed_59,res/ma2_b0/current_reference_refresh_n_obs_1000_seed_59/nuts_current_reference.pkl,False,2000,10000,10,1,complete
60,"[1.3696329593658447, 0.6806609630584717, 0.11875828355550766]",1.3696329593658447,0.6806609630584717,0.11875828355550766,"[0.6018109139442444, 0.12199378291964531]",0.6018109139442444,0.12199378291964531,"[0.6226198879361152, 0.12489694314599037]",0.6226198879361152,0.12489694314599037,"[0.6226373442232609, 0.11919625079035759]",0.6226373442232609,0.11919625079035759,"[0.02080897399187087, 0.0029031602263450557]",0.02080897399187087,0.0029031602263450557,0.021010514936435763,0.40722396712155823,-0.022013818338446338,-0.4292377854600046,10000,10000,10000,res/ma2_b0/npe_n_obs_1000_n_sims_1000000_seed_60,res/ma2_b0/current_reference_refresh_n_obs_1000_seed_60/nuts_current_reference.pkl,False,2000,10000,10,1,complete
62,"[1.3717999458312988, 0.7014344930648804, 0.18791082501411438]",1.3717999458312988,0.7014344930648804,0.18791082501411438,"[0.583926097869873, 0.19015978810191153]",0.583926097869873,0.19015978810191153,"[0.6017729916930199, 0.1921139243721962]",0.6017729916930199,0.1921139243721962,"[0.6030132121622562, 0.19848727598190308]",0.6030132121622562,0.19848727598190308,"[0.01784689382314686, 0.0019541362702846787]",0.01784689382314686,0.0019541362702846787,0.01795355863603424,0.6998981436176851,0.018102219317302964,-0.6817959243003822,10000,10000,10000,res/ma2_b0/npe_n_obs_1000_n_sims_1000000_seed_62,res/ma2_b0/current_reference_refresh_n_obs_1000_seed_62/nuts_current_reference.pkl,False,2000,10000,10,1,complete
63,"[1.4741650819778442, 0.7779344320297241, 0.26978376507759094]",1.4741650819778442,0.7779344320297241,0.26978376507759094,"[0.6199464433670044, 0.27131082005500795]",0.6199464433670044,0.27131082005500795,"[0.6000541188836098, 0.2758129696130753]",0.6000541188836098,0.2758129696130753,"[0.5982097204327583, 0.27198975985646245]",0.5982097204327583,0.27198975985646245,"[-0.01989232448339462, 0.004502149558067325]",-0.01989232448339462,0.004502149558067325,0.020395438803709687,1.1132032618479608,0.027078734466461255,-1.0861245273814994,10000,10000,10000,res/ma2_b0/npe_n_obs_1000_n_sims_1000000_seed_63,res/ma2_b0/current_reference_refresh_n_obs_1000_seed_63/nuts_current_reference.pkl,False,2000,10000,10,1,complete
64,"[1.3446216583251953, 0.6937787532806396, 0.25874507427215576]",1.3446216583251953,0.6937787532806396,0.25874507427215576,"[0.5434958573937416, 0.2589583787202835]",0.5434958573937416,0.2589583787202835,"[0.5669228499412536, 0.26144323499202726]",0.5669228499412536,0.26144323499202726,"[0.5754494469881057, 0.2596135335803032]",0.5754494469881057,0.2596135335803032,"[0.023426992547512016, 0.002484856271743774]",0.023426992547512016,0.002484856271743774,0.023558405941667783,1.1168757711962674,0.06247564014597098,-1.0544001310502964,10000,10000,10000,res/ma2_b0/npe_n_obs_1000_n_sims_1000000_seed_64,res/ma2_b0/current_reference_refresh_n_obs_1000_seed_64/nuts_current_reference.pkl,False,2000,10000,10,1,complete
65,"[1.2812182903289795, 0.6028224229812622, 0.11529885232448578]",1.2812182903289795,0.6028224229812622,0.11529885232448578,"[0.5310036718249321, 0.11831592721939087]",0.5310036718249321,0.11831592721939087,"[0.5588444707512855, 0.12242456259727479]",0.5588444707512855,0.12242456259727479,"[0.561217058211565, 0.12427792851924896]",0.561217058211565,0.12427792851924896,"[0.027840798926353383, 0.004108635377883918]",0.027840798926353383,0.004108635377883918,0.028142334116523438,0.5799562981699193,0.019580137335377536,-0.5603761608345418,10000,10000,10000,res/ma2_b0/npe_n_obs_1000_n_sims_1000000_seed_65,res/ma2_b0/current_reference_refresh_n_obs_1000_seed_65/nuts_current_reference.pkl,False,2000,10000,10,1,complete
66,"[1.379838228225708, 0.7376760244369507, 0.26271116733551025]",1.379838228225708,0.7376760244369507,0.26271116733551025,"[0.5729979989409447, 0.2635216239929199]",0.5729979989409447,0.2635216239929199,"[0.604151840376854, 0.2649788104891777]",0.604151840376854,0.2649788104891777,"[0.605673266196251, 0.26113473557233813]",0.605673266196251,0.26113473557233813,"[0.03115384143590927, 0.0014571864962578118]",0.03115384143590927,0.0014571864962578118,0.031187901960514325,1.2617748502309367,0.03203659032946945,-1.2297382599014672,10000,10000,10000,res/ma2_b0/npe_n_obs_1000_n_sims_1000000_seed_66,res/ma2_b0/current_reference_refresh_n_obs_1000_seed_66/nuts_current_reference.pkl,False,2000,10000,10,1,complete
67,"[1.3149656057357788, 0.6752610206604004, 0.17330096662044525]",1.3149656057357788,0.6752610206604004,0.17330096662044525,"[0.5588281152844429, 0.1769028115451336]",0.5588281152844429,0.1769028115451336,"[0.610522468662262, 0.18495440130233765]",0.610522468662262,0.18495440130233765,"[0.61529278652668, 0.18012743013501167]",0.61529278652668,0.18012743013501167,"[0.051694353377819136, 0.008051589757204047]",0.051694353377819136,0.008051589757204047,0.052317628661562574,1.704378353967171,0.028377698525450686,-1.6760006554417204,10000,10000,10000,res/ma2_b0/npe_n_obs_1000_n_sims_1000000_seed_67,res/ma2_b0/current_reference_refresh_n_obs_1000_seed_67/nuts_current_reference.pkl,False,2000,10000,10,1,complete
68,"[1.338550090789795, 0.681147575378418, 0.14162632822990417]",1.338550090789795,0.681147575378418,0.14162632822990417,"[0.5765824714183807, 0.14750030403137207]",0.5765824714183807,0.14750030403137207,"[0.6274718799710274, 0.15631350521445275]",0.6274718799710274,0.15631350521445275,"[0.6385742102444172, 0.15149526836276053]",0.6385742102444172,0.15149526836276053,"[0.050889408552646676, 0.008813201183080682]",0.050889408552646676,0.008813201183080682,0.051646920701351046,1.641291018883262,0.09145307728808234,-1.5498379415951795,10000,10000,10000,res/ma2_b0/npe_n_obs_1000_n_sims_1000000_seed_68,res/ma2_b0/current_reference_refresh_n_obs_1000_seed_68/nuts_current_reference.pkl,False,2000,10000,10,1,complete
69,"[1.4493050575256348, 0.7128524780273438, 0.1937103569507599]",1.4493050575256348,0.7128524780273438,0.1937103569507599,"[0.6179091825008393, 0.1905832304894924]",0.6179091825008393,0.1905832304894924,"[0.5654359514832497, 0.18830694971084594]",0.5654359514832497,0.18830694971084594,"[0.5654797624111175, 0.18056474089622498]",0.5654797624111175,0.18056474089622498,"[-0.052473231017589606, -0.0022762807786464723]",-0.052473231017589606,-0.0022762807786464723,0.05252258016899554,1.509090345456808,0.06498798600258007,-1.444102359454228,10000,10000,10000,res/ma2_b0/npe_n_obs_1000_n_sims_1000000_seed_69,res/ma2_b0/current_reference_refresh_n_obs_1000_seed_69/nuts_current_reference.pkl,False,2000,10000,10,1,complete
70,"[1.371273398399353, 0.6618296504020691, 0.13979439437389374]",1.371273398399353,0.6618296504020691,0.13979439437389374,"[0.5812054360628128, 0.14078100434541702]",0.5812054360628128,0.14078100434541702,"[0.5743137510418892, 0.13638732084035873]",0.5743137510418892,0.13638732084035873,"[0.5785583065390587, 0.13896543104052544]",0.5785583065390587,0.13896543104052544,"[-0.0068916850209236324, -0.004393683505058282]",-0.0068916850209236324,-0.004393683505058282,0.008173113064814679,0.37842861576594344,0.03816845030778859,-0.34026016545815485,10000,10000,10000,res/ma2_b0/npe_n_obs_1000_n_sims_1000000_seed_70,res/ma2_b0/current_reference_refresh_n_obs_1000_seed_70/nuts_current_reference.pkl,False,2000,10000,10,1,complete
71,"[1.422143816947937, 0.7202866077423096, 0.1856687217950821]",1.422143816947937,0.7202866077423096,0.1856687217950821,"[0.6127482254147529, 0.18581138150691986]",0.6127482254147529,0.18581138150691986,"[0.5980387216925621, 0.18355757079124452]",0.5980387216925621,0.18355757079124452,"[0.5926797156095505, 0.18154829341769219]",0.5926797156095505,0.18154829341769219,"[-0.01470950372219082, -0.0022538107156753473]",-0.01470950372219082,-0.0022538107156753473,0.014881168048753383,0.6501950017481218,0.006934922795257843,-0.643260078952864,10000,10000,10000,res/ma2_b0/npe_n_obs_1000_n_sims_1000000_seed_71,res/ma2_b0/current_reference_refresh_n_obs_1000_seed_71/nuts_current_reference.pkl,False,2000,10000,10,1,complete
72,"[1.3314577341079712, 0.6466417908668518, 0.12939871847629547]",1.3314577341079712,0.6466417908668518,0.12939871847629547,"[0.5669326574206353, 0.13204758375883102]",0.5669326574206353,0.13204758375883102,"[0.5847681627511978, 0.13417894077301026]",0.5847681627511978,0.13417894077301026,"[0.5768698288798332, 0.13221158741712571]",0.5768698288798332,0.13221158741712571,"[0.01783550533056255, 0.0021313570141792415]",0.01783550533056255,0.0021313570141792415,0.017962403322451487,0.28818149394087794,0.05942586955002792,-0.22875562439085,10000,10000,10000,res/ma2_b0/npe_n_obs_1000_n_sims_1000000_seed_72,res/ma2_b0/current_reference_refresh_n_obs_1000_seed_72/nuts_current_reference.pkl,False,2000,10000,10,1,complete
73,"[1.2280751466751099, 0.5806949138641357, 0.15136410295963287]",1.2280751466751099,0.5806949138641357,0.15136410295963287,"[0.4882963720560074, 0.15378293642401694]",0.4882963720560074,0.15378293642401694,"[0.5349812234401703, 0.1609871218562126]",0.5349812234401703,0.1609871218562126,"[0.537360267317295, 0.15796056051254273]",0.537360267317295,0.15796056051254273,"[0.046684851384162895, 0.00720418543219567]",0.046684851384162895,0.00720418543219567,0.047237438928278454,1.3832175759269825,-0.02012183512916097,-1.4033394110561435,10000,10000,10000,res/ma2_b0/npe_n_obs_1000_n_sims_1000000_seed_73,res/ma2_b0/current_reference_refresh_n_obs_1000_seed_73/nuts_current_reference.pkl,False,2000,10000,10,1,complete
75,"[1.441665768623352, 0.7521541714668274, 0.1779339611530304]",1.441665768623352,0.7521541714668274,0.1779339611530304,"[0.6381850315451622, 0.1798176474034786]",0.6381850315451622,0.1798176474034786,"[0.6408348932981491, 0.17805315880179406]",0.6408348932981491,0.17805315880179406,"[0.6341726016759872, 0.1782652609705925]",0.6341726016759872,0.1782652609705925,"[0.0026498617529869817, -0.001764488601684544]",0.0026498617529869817,-0.001764488601684544,0.0031835808982053396,0.4309736967580264,0.017741849721883016,-0.41323184703614335,10000,10000,10000,res/ma2_b0/npe_n_obs_1000_n_sims_1000000_seed_75,res/ma2_b0/current_reference_refresh_n_obs_1000_seed_75/nuts_current_reference.pkl,False,2000,10000,10,1,complete
76,"[1.2459110021591187, 0.6470093727111816, 0.28522375226020813]",1.2459110021591187,0.6470093727111816,0.28522375226020813,"[0.4816173330783844, 0.2798348922967911]",0.4816173330783844,0.2798348922967911,"[0.5445089808106423, 0.2827071033835411]",0.5445089808106423,0.2827071033835411,"[0.5391135923027992, 0.283381272149086]",0.5391135923027992,0.283381272149086,"[0.06289164773225786, 0.0028722110867500095]",0.06289164773225786,0.0028722110867500095,0.06295719935801834,1.4840177526359568,0.05906871162139983,-1.4249490410145569,10000,10000,10000,res/ma2_b0/npe_n_obs_1000_n_sims_1000000_seed_76,res/ma2_b0/current_reference_refresh_n_obs_1000_seed_76/nuts_current_reference.pkl,False,2000,10000,10,1,complete
77,"[1.478156328201294, 0.783421516418457, 0.24594064056873322]",1.478156328201294,0.783421516418457,0.24594064056873322,"[0.6349744779586792, 0.2462345107793808]",0.6349744779586792,0.2462345107793808,"[0.6174382226705551, 0.2482920068860054]",0.6174382226705551,0.2482920068860054,"[0.6194277705848217, 0.25574922151565554]",0.6194277705848217,0.25574922151565554,"[-0.01753625528812408, 0.00205749610662459]",-0.01753625528812408,0.00205749610662459,0.01765654382258983,0.8872710857455646,-0.004191778876988365,-0.891462864622553,10000,10000,10000,res/ma2_b0/npe_n_obs_1000_n_sims_1000000_seed_77,res/ma2_b0/current_reference_refresh_n_obs_1000_seed_77/nuts_current_reference.pkl,False,2000,10000,10,1,complete
78,"[1.4608722925186157, 0.7497575283050537, 0.19022177159786224]",1.4608722925186157,0.7497575283050537,0.19022177159786224,"[0.6394458226680756, 0.18966582620739936]",0.6394458226680756,0.18966582620739936,"[0.6138552013516426, 0.18428894953131675]",0.6138552013516426,0.18428894953131675,"[0.6115421938955784, 0.18106372507214546]",0.6115421938955784,0.18106372507214546,"[-0.02559062131643297, -0.005376876676082609]",-0.02559062131643297,-0.005376876676082609,0.026149392003464913,0.8536743671605681,-0.02305123047426329,-0.8767255976348314,10000,10000,10000,res/ma2_b0/npe_n_obs_1000_n_sims_1000000_seed_78,res/ma2_b0/current_reference_refresh_n_obs_1000_seed_78/nuts_current_reference.pkl,False,2000,10000,10,1,complete
79,"[1.2498613595962524, 0.5976178646087646, 0.10806648433208466]",1.2498613595962524,0.5976178646087646,0.10806648433208466,"[0.5198455822229385, 0.11314127961993217]",0.5198455822229385,0.11314127961993217,"[0.5772700156569481, 0.12449620391130448]",0.5772700156569481,0.12449620391130448,"[0.5782753343582153, 0.12155995880961418]",0.5782753343582153,0.12155995880961418,"[0.0574244334340096, 0.011354924291372304]",0.0574244334340096,0.011354924291372304,0.05853631232730498,1.5779666072053218,0.02979689205165536,-1.5481697151536664,10000,10000,10000,res/ma2_b0/npe_n_obs_1000_n_sims_1000000_seed_79,res/ma2_b0/current_reference_refresh_n_obs_1000_seed_79/nuts_current_reference.pkl,False,2000,10000,10,1,complete
80,"[1.2716031074523926, 0.6125977635383606, 0.1643398404121399]",1.2716031074523926,0.6125977635383606,0.1643398404121399,"[0.5150703612804413, 0.16628462774157524]",0.5150703612804413,0.16628462774157524,"[0.5474537265896797, 0.1710133410155773]",0.5474537265896797,0.1710133410155773,"[0.5418880829453468, 0.1733969351708889]",0.5418880829453468,0.1733969351708889,"[0.032383365309238465, 0.0047287132740020665]",0.032383365309238465,0.0047287132740020665,0.03272679449593731,0.8020722886289493,0.0028666010230300634,-0.7992056876059193,10000,10000,10000,res/ma2_b0/npe_n_obs_1000_n_sims_1000000_seed_80,res/ma2_b0/current_reference_refresh_n_obs_1000_seed_80/nuts_current_reference.pkl,False,2000,10000,10,1,complete
81,"[1.336211919784546, 0.7417391538619995, 0.2629898488521576]",1.336211919784546,0.7417391538619995,0.2629898488521576,"[0.5614003343582153, 0.26375658831596377]",0.5614003343582153,0.26375658831596377,"[0.6404655076622963, 0.26610121455192565]",0.6404655076622963,0.26610121455192565,"[0.6443691555142402, 0.2627792884171009]",0.6443691555142402,0.2627792884171009,"[0.07906517330408092, 0.0023446262359618775]",0.07906517330408092,0.0023446262359618775,0.07909992984693924,2.957922793523362,0.03604081276846167,-2.9218819807549004,10000,10000,10000,res/ma2_b0/npe_n_obs_1000_n_sims_1000000_seed_81,res/ma2_b0/current_reference_refresh_n_obs_1000_seed_81/nuts_current_reference.pkl,False,2000,10000,10,1,complete
82,"[1.4196419715881348, 0.740683376789093, 0.20791204273700714]",1.4196419715881348,0.740683376789093,0.20791204273700714,"[0.6109598593354225, 0.20924359409213067]",0.6109598593354225,0.20924359409213067,"[0.6160374766945839, 0.20976280393600463]",0.6160374766945839,0.20976280393600463,"[0.6153818830251694, 0.2062230090558529]",0.6153818830251694,0.2062230090558529,"[0.005077617359161346, 0.0005192098438739634]",0.005077617359161346,0.0005192098438739634,0.005104094131972123,0.5532602227173027,0.002521964724852046,-0.5507382579924507,10000,10000,10000,res/ma2_b0/npe_n_obs_1000_n_sims_1000000_seed_82,res/ma2_b0/current_reference_refresh_n_obs_1000_seed_82/nuts_current_reference.pkl,False,2000,10000,10,1,complete
84,"[1.416504979133606, 0.7584565877914429, 0.1974780559539795]",1.416504979133606,0.7584565877914429,0.1974780559539795,"[0.6238496750593185, 0.20117539779543878]",0.6238496750593185,0.20117539779543878,"[0.6548612141370773, 0.20588455214500428]",0.6548612141370773,0.20588455214500428,"[0.6500148198127746, 0.20276546754837035]",0.6500148198127746,0.20276546754837035,"[0.031011539077758776, 0.004709154349565509]",0.031011539077758776,0.004709154349565509,0.03136704784737307,0.7468486961471761,0.019215527302950175,-0.7276331688442259,10000,10000,10000,res/ma2_b0/npe_n_obs_1000_n_sims_1000000_seed_84,res/ma2_b0/current_reference_refresh_n_obs_1000_seed_84/nuts_current_reference.pkl,False,2000,10000,10,1,complete
85,"[1.40982985496521, 0.7689968347549438, 0.2890467643737793]",1.40982985496521,0.7689968347549438,0.2890467643737793,"[0.5835222363114357, 0.28965965662002563]",0.5835222363114357,0.28965965662002563,"[0.6153947672486305, 0.28869930166006086]",0.6153947672486305,0.28869930166006086,"[0.6307256238818169, 0.2945198782801628]",0.6307256238818169,0.2945198782801628,"[0.031872530937194776, -0.0009603549599647709]",0.031872530937194776,-0.0009603549599647709,0.03188699593865134,1.506241517547346,0.09361825752070595,-1.4126232600266402,10000,10000,10000,res/ma2_b0/npe_n_obs_1000_n_sims_1000000_seed_85,res/ma2_b0/current_reference_refresh_n_obs_1000_seed_85/nuts_current_reference.pkl,False,2000,10000,10,1,complete
86,"[1.2067844867706299, 0.611241340637207, 0.22313562035560608]",1.2067844867706299,0.611241340637207,0.22313562035560608,"[0.47480137356519697, 0.22177118077278138]",0.47480137356519697,0.22177118077278138,"[0.5507714345693588, 0.23020650327205658]",0.5507714345693588,0.23020650327205658,"[0.5577297384142875, 0.2307503279685974]",0.5577297384142875,0.2307503279685974,"[0.07597006100416187, 0.0084353224992752]",0.07597006100416187,0.0084353224992752,0.07643693370774926,2.961499838652741,0.06263553511813677,-2.8988643035346042,10000,10000,10000,res/ma2_b0/npe_n_obs_1000_n_sims_1000000_seed_86,res/ma2_b0/current_reference_refresh_n_obs_1000_seed_86/nuts_current_reference.pkl,False,2000,10000,10,1,complete
87,"[1.3597092628479004, 0.6544331908226013, 0.11099836975336075]",1.3597092628479004,0.6544331908226013,0.11099836975336075,"[0.5878959405779839, 0.11248698623776436]",0.5878959405779839,0.11248698623776436,"[0.5925381729602813, 0.11022782381772996]",0.5925381729602813,0.11022782381772996,"[0.5918764601767064, 0.1102937381207943]",0.5918764601767064,0.1102937381207943,"[0.00464223238229744, -0.002259162420034405]",0.00464223238229744,-0.002259162420034405,0.005162764407887181,0.21396998217062443,0.017729288801731326,-0.1962406933688931,10000,10000,10000,res/ma2_b0/npe_n_obs_1000_n_sims_1000000_seed_87,res/ma2_b0/current_reference_refresh_n_obs_1000_seed_87/nuts_current_reference.pkl,False,2000,10000,10,1,complete
89,"[1.4961284399032593, 0.775392472743988, 0.23616275191307068]",1.4961284399032593,0.775392472743988,0.23616275191307068,"[0.6429054875969886, 0.2352523964703083]",0.6429054875969886,0.2352523964703083,"[0.6004222759723663, 0.2371275149345398]",0.6004222759723663,0.2371275149345398,"[0.5986183539271355, 0.2299087347507477]",0.5986183539271355,0.2299087347507477,"[-0.04248321162462232, 0.0018751184642314955]",-0.04248321162462232,0.0018751184642314955,0.04252457335702907,1.5493944485164852,0.016012727529689703,-1.5333817209867955,10000,10000,10000,res/ma2_b0/npe_n_obs_1000_n_sims_1000000_seed_89,res/ma2_b0/current_reference_refresh_n_obs_1000_seed_89/nuts_current_reference.pkl,False,2000,10000,10,1,complete
91,"[1.407120704650879, 0.7518553137779236, 0.22343400120735168]",1.407120704650879,0.7518553137779236,0.22343400120735168,"[0.605223364186287, 0.22617527544498445]",0.605223364186287,0.22617527544498445,"[0.6319542727947235, 0.22859266963005065]",0.6319542727947235,0.22859266963005065,"[0.6358042662143707, 0.22730561327934265]",0.6358042662143707,0.22730561327934265,"[0.02673090860843652, 0.0024173941850662017]",0.02673090860843652,0.0024173941850662017,0.02683999384647056,0.8351516191773214,4.724029996980672e-05,-0.8351043788773516,10000,10000,10000,res/ma2_b0/npe_n_obs_1000_n_sims_1000000_seed_91,res/ma2_b0/current_reference_refresh_n_obs_1000_seed_91/nuts_current_reference.pkl,False,2000,10000,10,1,complete
92,"[1.400132656097412, 0.7015650868415833, 0.23382438719272614]",1.400132656097412,0.7015650868415833,0.23382438719272614,"[0.5755209906935692, 0.2346517771601677]",0.5755209906935692,0.2346517771601677,"[0.5584462955713272, 0.2369998002052307]",0.5584462955713272,0.2369998002052307,"[0.5584039009094238, 0.23654088079333305]",0.5584039009094238,0.23654088079333305,"[-0.017074695122242023, 0.0023480230450630135]",-0.017074695122242023,0.0023480230450630135,0.017235382958833916,0.9698533391236366,-0.02037941355190427,-0.9902327526755409,10000,10000,10000,res/ma2_b0/npe_n_obs_1000_n_sims_1000000_seed_92,res/ma2_b0/current_reference_refresh_n_obs_1000_seed_92/nuts_current_reference.pkl,False,2000,10000,10,1,complete
94,"[1.4440739154815674, 0.7480283379554749, 0.1927146464586258]",1.4440739154815674,0.7480283379554749,0.1927146464586258,"[0.629636770772934, 0.19388782738447188]",0.629636770772934,0.19388782738447188,"[0.6209556606888771, 0.19126770532131196]",0.6209556606888771,0.19126770532131196,"[0.6238123289942742, 0.19601375361680984]",0.6238123289942742,0.19601375361680984,"[-0.00868111008405692, -0.0026201220631599242]",-0.00868111008405692,-0.0026201220631599242,0.009067894569158387,0.4558825371722247,0.03302668586004976,-0.42285585131217496,10000,10000,10000,res/ma2_b0/npe_n_obs_1000_n_sims_1000000_seed_94,res/ma2_b0/current_reference_refresh_n_obs_1000_seed_94/nuts_current_reference.pkl,False,2000,10000,10,1,complete
96,"[1.4837095737457275, 0.8000711798667908, 0.1825188249349594]",1.4837095737457275,0.8000711798667908,0.1825188249349594,"[0.6717823131680488, 0.18554056886434556]",0.6717823131680488,0.18554056886434556,"[0.6871885071277618, 0.18809348095655443]",0.6871885071277618,0.18809348095655443,"[0.6786778280854225, 0.18433773446083068]",0.6786778280854225,0.18433773446083068,"[0.015406193959712988, 0.00255291209220887]",0.015406193959712988,0.00255291209220887,0.015616279085455768,0.32691783007846564,0.05742635580861541,-0.2694914742698502,10000,10000,10000,res/ma2_b0/npe_n_obs_1000_n_sims_1000000_seed_96,res/ma2_b0/current_reference_refresh_n_obs_1000_seed_96/nuts_current_reference.pkl,False,2000,10000,10,1,complete
97,"[1.4678534269332886, 0.7809229493141174, 0.2654068171977997]",1.4678534269332886,0.7809229493141174,0.2654068171977997,"[0.6175023194670677, 0.26722755012512206]",0.6175023194670677,0.26722755012512206,"[0.6098674419641494, 0.27017483590841296]",0.6098674419641494,0.27017483590841296,"[0.6165173423349858, 0.2691894919812679]",0.6165173423349858,0.2691894919812679,"[-0.007634877502918247, 0.0029472857832908983]",-0.007634877502918247,0.0029472857832908983,0.008183999509589172,0.738894060552902,0.010381440639197579,-0.7285126199137044,10000,10000,10000,res/ma2_b0/npe_n_obs_1000_n_sims_1000000_seed_97,res/ma2_b0/current_reference_refresh_n_obs_1000_seed_97/nuts_current_reference.pkl,False,2000,10000,10,1,complete
