method,seed,n_obs,d_s,d,N_sims,N_over_d2n,theta_kl,mmd,status
flow_npe,0,500,5,9,202500,5.0,1.7642767613282277,0.15073108673095703,finite_metric
gaussian_npe,0,500,5,9,202500,5.0,2.0790500386998594,0.16601765155792236,finite_metric
flow_npe,0,500,7,11,302500,5.0,1.8289521625164122,0.1430720090866089,finite_metric
gaussian_npe,0,500,7,11,302500,5.0,2.5957485300660794,0.3335915207862854,finite_metric
flow_npe,0,500,11,15,562500,5.0,1.9233374475482579,0.0935969352722168,finite_metric
gaussian_npe,0,500,11,15,562500,5.0,2.4459979454340743,0.16533732414245605,finite_metric
flow_npe,0,500,15,19,902500,5.0,2.1705712783584556,0.18066585063934326,finite_metric
gaussian_npe,0,500,15,19,902500,5.0,2.792366401078131,0.22657299041748047,finite_metric
flow_npe,0,500,19,23,1322500,5.0,,,missing_metrics
gaussian_npe,0,500,19,23,1322500,5.0,2.5077673322908955,0.15723156929016113,finite_metric
flow_npe,1,500,5,9,202500,5.0,2.257533059520113,0.19837921857833862,finite_metric
gaussian_npe,1,500,5,9,202500,5.0,2.8484004101484963,0.3082575798034668,finite_metric
flow_npe,1,500,7,11,302500,5.0,2.5351368052537455,0.24854564666748047,finite_metric
gaussian_npe,1,500,7,11,302500,5.0,3.8501228928621085,0.32432466745376587,finite_metric
flow_npe,1,500,11,15,562500,5.0,1.833606847479126,0.14456021785736084,finite_metric
gaussian_npe,1,500,11,15,562500,5.0,3.198801252979506,0.2842761278152466,finite_metric
flow_npe,1,500,15,19,902500,5.0,2.3083582354163097,0.2311391830444336,finite_metric
gaussian_npe,1,500,15,19,902500,5.0,3.9843192933268856,0.4108090400695801,finite_metric
flow_npe,1,500,19,23,1322500,5.0,,,missing_metrics
gaussian_npe,1,500,19,23,1322500,5.0,3.8523320206635288,0.3374767303466797,finite_metric
flow_npe,2,500,5,9,202500,5.0,2.3592799342307598,0.2620478868484497,finite_metric
gaussian_npe,2,500,5,9,202500,5.0,2.7812620673680164,0.3988693952560425,finite_metric
flow_npe,2,500,7,11,302500,5.0,2.226659932384143,0.20745360851287842,finite_metric
gaussian_npe,2,500,7,11,302500,5.0,2.5141293404659075,0.25555670261383057,finite_metric
flow_npe,2,500,11,15,562500,5.0,2.3806041627615957,0.16131627559661865,finite_metric
gaussian_npe,2,500,11,15,562500,5.0,3.055443057303821,0.23886382579803467,finite_metric
flow_npe,2,500,15,19,902500,5.0,2.8621695737129484,0.3352699279785156,finite_metric
gaussian_npe,2,500,15,19,902500,5.0,2.8075606499390795,0.16836977005004883,finite_metric
flow_npe,2,500,19,23,1322500,5.0,3.0403943585957713,0.1570032835006714,finite_metric
gaussian_npe,2,500,19,23,1322500,5.0,3.269439374654282,0.2839229106903076,finite_metric
flow_npe,3,500,5,9,202500,5.0,1.5304426166375114,0.10885846614837646,finite_metric
gaussian_npe,3,500,5,9,202500,5.0,2.0925203957402654,0.1778043508529663,finite_metric
flow_npe,3,500,7,11,302500,5.0,2.179403555443745,0.21029067039489746,finite_metric
gaussian_npe,3,500,7,11,302500,5.0,2.358044408454403,0.18489515781402588,finite_metric
flow_npe,3,500,11,15,562500,5.0,2.495374686723723,0.18792736530303955,finite_metric
gaussian_npe,3,500,11,15,562500,5.0,3.316363112681379,0.300881028175354,finite_metric
flow_npe,3,500,15,19,902500,5.0,2.479674691270158,0.22865092754364014,finite_metric
gaussian_npe,3,500,15,19,902500,5.0,2.3015236060320676,0.16953468322753906,finite_metric
flow_npe,3,500,19,23,1322500,5.0,2.8047905892930185,0.23225069046020508,finite_metric
gaussian_npe,3,500,19,23,1322500,5.0,2.8685725400121456,0.22614848613739014,finite_metric
flow_npe,4,500,5,9,202500,5.0,1.9000045230842453,0.21994644403457642,finite_metric
gaussian_npe,4,500,5,9,202500,5.0,2.696691416637432,0.4061542749404907,finite_metric
flow_npe,4,500,7,11,302500,5.0,1.9544696595897304,0.24528425931930542,finite_metric
gaussian_npe,4,500,7,11,302500,5.0,2.505919998764569,0.22499006986618042,finite_metric
flow_npe,4,500,11,15,562500,5.0,6.3695345881180865,0.8229628801345825,finite_metric
gaussian_npe,4,500,11,15,562500,5.0,3.1554154217219064,0.3591347336769104,finite_metric
flow_npe,4,500,15,19,902500,5.0,2.834265137378347,0.28784191608428955,finite_metric
gaussian_npe,4,500,15,19,902500,5.0,2.6176925501696613,0.1779942512512207,finite_metric
flow_npe,4,500,19,23,1322500,5.0,2.3053538986198374,0.2339773178100586,finite_metric
gaussian_npe,4,500,19,23,1322500,5.0,,,missing_metrics
flow_npe,5,500,5,9,202500,5.0,1.6954142362321427,0.14298135042190552,finite_metric
gaussian_npe,5,500,5,9,202500,5.0,2.1182788037933697,0.20693832635879517,finite_metric
flow_npe,5,500,7,11,302500,5.0,1.283560117600268,0.08651936054229736,finite_metric
gaussian_npe,5,500,7,11,302500,5.0,2.084745893659114,0.16414636373519897,finite_metric
flow_npe,5,500,11,15,562500,5.0,2.914661516491803,0.4690868854522705,finite_metric
gaussian_npe,5,500,11,15,562500,5.0,3.523697148143477,0.6156885027885437,finite_metric
flow_npe,5,500,15,19,902500,5.0,1.9083257409870744,0.1696605682373047,finite_metric
gaussian_npe,5,500,15,19,902500,5.0,2.9503251490793776,0.37246841192245483,finite_metric
flow_npe,5,500,19,23,1322500,5.0,1.9651537639703403,0.1453608274459839,finite_metric
gaussian_npe,5,500,19,23,1322500,5.0,3.6260631290680516,0.48541760444641113,finite_metric
flow_npe,6,500,5,9,202500,5.0,2.628553888681597,0.2717893719673157,finite_metric
gaussian_npe,6,500,5,9,202500,5.0,2.595592671340807,0.33030378818511963,finite_metric
flow_npe,6,500,7,11,302500,5.0,1.5881367726601803,0.1354365348815918,finite_metric
gaussian_npe,6,500,7,11,302500,5.0,2.5762182751481824,0.2859082818031311,finite_metric
flow_npe,6,500,11,15,562500,5.0,2.005677367409899,0.2321401834487915,finite_metric
gaussian_npe,6,500,11,15,562500,5.0,2.8711020061595884,0.25978344678878784,finite_metric
flow_npe,6,500,15,19,902500,5.0,1.9549326557551874,0.10631823539733887,finite_metric
gaussian_npe,6,500,15,19,902500,5.0,2.90177564320507,0.19222044944763184,finite_metric
flow_npe,6,500,19,23,1322500,5.0,,,missing_metrics
gaussian_npe,6,500,19,23,1322500,5.0,2.876600353001252,0.28652870655059814,finite_metric
flow_npe,7,500,5,9,202500,5.0,1.7913931765192574,0.1673601269721985,finite_metric
gaussian_npe,7,500,5,9,202500,5.0,2.13815942914896,0.25090140104293823,finite_metric
flow_npe,7,500,7,11,302500,5.0,5.493628735224261,0.8177930116653442,finite_metric
gaussian_npe,7,500,7,11,302500,5.0,2.7277691425396813,0.36723649501800537,finite_metric
flow_npe,7,500,11,15,562500,5.0,2.968276381498512,0.4436403512954712,finite_metric
gaussian_npe,7,500,11,15,562500,5.0,,,missing_metrics
flow_npe,7,500,15,19,902500,5.0,2.144904318273061,0.32457220554351807,finite_metric
gaussian_npe,7,500,15,19,902500,5.0,3.4027737267258296,0.5102341175079346,finite_metric
flow_npe,7,500,19,23,1322500,5.0,3.3276886753059047,0.5367936491966248,finite_metric
gaussian_npe,7,500,19,23,1322500,5.0,3.673947741296003,0.394659161567688,finite_metric
flow_npe,8,500,5,9,202500,5.0,1.8801571489116244,0.18176758289337158,finite_metric
gaussian_npe,8,500,5,9,202500,5.0,2.3598896260390982,0.2577546238899231,finite_metric
flow_npe,8,500,7,11,302500,5.0,1.5825208404476225,0.1332310438156128,finite_metric
gaussian_npe,8,500,7,11,302500,5.0,2.3835148767376295,0.1968843936920166,finite_metric
flow_npe,8,500,11,15,562500,5.0,2.1151802326089344,0.21470296382904053,finite_metric
gaussian_npe,8,500,11,15,562500,5.0,3.2493100345944153,0.4565141201019287,finite_metric
flow_npe,8,500,15,19,902500,5.0,2.6795182798299457,0.24080407619476318,finite_metric
gaussian_npe,8,500,15,19,902500,5.0,2.5101823055069166,0.17321550846099854,finite_metric
flow_npe,8,500,19,23,1322500,5.0,,,missing_metrics
gaussian_npe,8,500,19,23,1322500,5.0,3.2739127617865167,0.22373557090759277,finite_metric
flow_npe,9,500,5,9,202500,5.0,2.9186773237976587,0.40565067529678345,finite_metric
gaussian_npe,9,500,5,9,202500,5.0,3.0586115639928093,0.3450160622596741,finite_metric
flow_npe,9,500,7,11,302500,5.0,1.676230569129569,0.09128689765930176,finite_metric
gaussian_npe,9,500,7,11,302500,5.0,2.659942140182311,0.1620335578918457,finite_metric
flow_npe,9,500,11,15,562500,5.0,3.209667866784788,0.43012702465057373,finite_metric
gaussian_npe,9,500,11,15,562500,5.0,4.281314148452217,0.5966479182243347,finite_metric
flow_npe,9,500,15,19,902500,5.0,2.3149504060443014,0.1577317714691162,finite_metric
gaussian_npe,9,500,15,19,902500,5.0,3.5002941248979287,0.4104815125465393,finite_metric
flow_npe,9,500,19,23,1322500,5.0,,,missing_metrics
gaussian_npe,9,500,19,23,1322500,5.0,2.987551926968969,0.3195587396621704,finite_metric
flow_npe,10,500,5,9,202500,5.0,2.0511128860929686,0.2101643681526184,finite_metric
gaussian_npe,10,500,5,9,202500,5.0,2.581542386484994,0.2976808547973633,finite_metric
flow_npe,10,500,7,11,302500,5.0,2.817298762899516,0.38746923208236694,finite_metric
gaussian_npe,10,500,7,11,302500,5.0,3.833406701899245,0.5861133933067322,finite_metric
flow_npe,10,500,11,15,562500,5.0,2.0078505883635382,0.20086383819580078,finite_metric
gaussian_npe,10,500,11,15,562500,5.0,2.350204367219457,0.1672210693359375,finite_metric
flow_npe,10,500,15,19,902500,5.0,2.8408387672594606,0.3472885489463806,finite_metric
gaussian_npe,10,500,15,19,902500,5.0,3.087558192088029,0.27100199460983276,finite_metric
flow_npe,10,500,19,23,1322500,5.0,,,missing_metrics
gaussian_npe,10,500,19,23,1322500,5.0,2.53737601813373,0.16739118099212646,finite_metric
flow_npe,11,500,5,9,202500,5.0,2.675328381866924,0.347787082195282,finite_metric
gaussian_npe,11,500,5,9,202500,5.0,2.5860027568815513,0.32283908128738403,finite_metric
flow_npe,11,500,7,11,302500,5.0,2.116785234050168,0.2722551226615906,finite_metric
gaussian_npe,11,500,7,11,302500,5.0,3.182195240159035,0.4560956358909607,finite_metric
flow_npe,11,500,11,15,562500,5.0,1.8855627601313505,0.20670700073242188,finite_metric
gaussian_npe,11,500,11,15,562500,5.0,1.8314038373930626,0.09978818893432617,finite_metric
flow_npe,11,500,15,19,902500,5.0,1.5533032212135578,0.11265957355499268,finite_metric
gaussian_npe,11,500,15,19,902500,5.0,2.502599387136065,0.15452706813812256,finite_metric
flow_npe,11,500,19,23,1322500,5.0,,,missing_metrics
gaussian_npe,11,500,19,23,1322500,5.0,2.8895828692352405,0.2571994662284851,finite_metric
flow_npe,12,500,5,9,202500,5.0,1.9806646993434491,0.23004311323165894,finite_metric
gaussian_npe,12,500,5,9,202500,5.0,3.1039171499782148,0.47479575872421265,finite_metric
flow_npe,12,500,7,11,302500,5.0,1.8185747830703283,0.07792484760284424,finite_metric
gaussian_npe,12,500,7,11,302500,5.0,2.6766754017532337,0.20750802755355835,finite_metric
flow_npe,12,500,11,15,562500,5.0,2.509181588884437,0.1099388599395752,finite_metric
gaussian_npe,12,500,11,15,562500,5.0,2.7083959282106935,0.2626533508300781,finite_metric
flow_npe,12,500,15,19,902500,5.0,2.136896327582119,0.08579361438751221,finite_metric
gaussian_npe,12,500,15,19,902500,5.0,2.8602464645307046,0.2173217535018921,finite_metric
flow_npe,12,500,19,23,1322500,5.0,2.767546556482486,0.13099169731140137,finite_metric
gaussian_npe,12,500,19,23,1322500,5.0,3.0695222546971954,0.12828171253204346,finite_metric
flow_npe,13,500,5,9,202500,5.0,2.8105244286944013,0.3886159658432007,finite_metric
gaussian_npe,13,500,5,9,202500,5.0,4.014441861409215,0.6592722535133362,finite_metric
flow_npe,13,500,7,11,302500,5.0,3.0876995769502638,0.18967759609222412,finite_metric
gaussian_npe,13,500,7,11,302500,5.0,3.6522444657188786,0.24034219980239868,finite_metric
flow_npe,13,500,11,15,562500,5.0,2.15032987432804,0.13176465034484863,finite_metric
gaussian_npe,13,500,11,15,562500,5.0,3.573386341807556,0.25208234786987305,finite_metric
flow_npe,13,500,15,19,902500,5.0,3.6808610955742207,0.22779619693756104,finite_metric
gaussian_npe,13,500,15,19,902500,5.0,3.2294908606733936,0.1889488697052002,finite_metric
flow_npe,13,500,19,23,1322500,5.0,,,missing_metrics
gaussian_npe,13,500,19,23,1322500,5.0,4.1269503374967815,0.3166236877441406,finite_metric
flow_npe,14,500,5,9,202500,5.0,2.4411547738839117,0.31620144844055176,finite_metric
gaussian_npe,14,500,5,9,202500,5.0,2.635920622249152,0.3167955279350281,finite_metric
flow_npe,14,500,7,11,302500,5.0,1.7940076807965726,0.12752580642700195,finite_metric
gaussian_npe,14,500,7,11,302500,5.0,2.7594568879190864,0.17815744876861572,finite_metric
flow_npe,14,500,11,15,562500,5.0,2.273788807125275,0.22331905364990234,finite_metric
gaussian_npe,14,500,11,15,562500,5.0,3.2125644836811715,0.2596617341041565,finite_metric
flow_npe,14,500,15,19,902500,5.0,2.7965137426609625,0.22327876091003418,finite_metric
gaussian_npe,14,500,15,19,902500,5.0,2.7475285754898766,0.1794896125793457,finite_metric
flow_npe,14,500,19,23,1322500,5.0,2.145079214307462,0.14134347438812256,finite_metric
gaussian_npe,14,500,19,23,1322500,5.0,2.905932177927496,0.22810626029968262,finite_metric
flow_npe,15,500,5,9,202500,5.0,2.406923834187754,0.25690633058547974,finite_metric
gaussian_npe,15,500,5,9,202500,5.0,2.782579085131213,0.24815011024475098,finite_metric
flow_npe,15,500,7,11,302500,5.0,1.8977321474243178,0.17385125160217285,finite_metric
gaussian_npe,15,500,7,11,302500,5.0,2.625038727394801,0.34587281942367554,finite_metric
flow_npe,15,500,11,15,562500,5.0,2.3556748395279854,0.13648557662963867,finite_metric
gaussian_npe,15,500,11,15,562500,5.0,2.981524547441015,0.17293858528137207,finite_metric
flow_npe,15,500,15,19,902500,5.0,2.8491265804067942,0.33227336406707764,finite_metric
gaussian_npe,15,500,15,19,902500,5.0,2.8087834816777812,0.1783522367477417,finite_metric
flow_npe,15,500,19,23,1322500,5.0,,,missing_metrics
gaussian_npe,15,500,19,23,1322500,5.0,3.0391316567263225,0.14489078521728516,finite_metric
flow_npe,16,500,5,9,202500,5.0,1.6756188563517456,0.10715353488922119,finite_metric
gaussian_npe,16,500,5,9,202500,5.0,2.0859808958647537,0.19212007522583008,finite_metric
flow_npe,16,500,7,11,302500,5.0,1.8655016902395316,0.14635491371154785,finite_metric
gaussian_npe,16,500,7,11,302500,5.0,3.057743178655267,0.19357621669769287,finite_metric
flow_npe,16,500,11,15,562500,5.0,1.7048035667571846,0.1248859167098999,finite_metric
gaussian_npe,16,500,11,15,562500,5.0,2.81627234522709,0.1721510887145996,finite_metric
flow_npe,16,500,15,19,902500,5.0,2.28822039901567,0.22759902477264404,finite_metric
gaussian_npe,16,500,15,19,902500,5.0,3.093915658155867,0.2064450979232788,finite_metric
flow_npe,16,500,19,23,1322500,5.0,,,missing_metrics
gaussian_npe,16,500,19,23,1322500,5.0,2.838799501428657,0.18481159210205078,finite_metric
flow_npe,17,500,5,9,202500,5.0,2.3829784247673453,0.2874106764793396,finite_metric
gaussian_npe,17,500,5,9,202500,5.0,2.7156639688849236,0.3382606506347656,finite_metric
flow_npe,17,500,7,11,302500,5.0,2.432465753354203,0.13236403465270996,finite_metric
gaussian_npe,17,500,7,11,302500,5.0,3.7843737786598473,0.2987021803855896,finite_metric
flow_npe,17,500,11,15,562500,5.0,3.797416606498638,0.663597583770752,finite_metric
gaussian_npe,17,500,11,15,562500,5.0,2.9285393259795947,0.3464793562889099,finite_metric
flow_npe,17,500,15,19,902500,5.0,5.17526687769702,0.6814959645271301,finite_metric
gaussian_npe,17,500,15,19,902500,5.0,4.624698822263264,0.74494868516922,finite_metric
flow_npe,17,500,19,23,1322500,5.0,,,missing_metrics
gaussian_npe,17,500,19,23,1322500,5.0,4.693856144573728,0.7468810081481934,finite_metric
flow_npe,18,500,5,9,202500,5.0,1.9134245772732514,0.1722337007522583,finite_metric
gaussian_npe,18,500,5,9,202500,5.0,2.8654956555386413,0.34871482849121094,finite_metric
flow_npe,18,500,7,11,302500,5.0,,,missing_metrics
gaussian_npe,18,500,7,11,302500,5.0,2.391208053733764,0.2581719756126404,finite_metric
flow_npe,18,500,11,15,562500,5.0,2.3970618365275533,0.23291802406311035,finite_metric
gaussian_npe,18,500,11,15,562500,5.0,2.553545238363116,0.16729736328125,finite_metric
flow_npe,18,500,15,19,902500,5.0,,,missing_metrics
gaussian_npe,18,500,15,19,902500,5.0,2.75673921196017,0.3033345937728882,finite_metric
flow_npe,18,500,19,23,1322500,5.0,,,missing_metrics
gaussian_npe,18,500,19,23,1322500,5.0,,,missing_metrics
flow_npe,19,500,5,9,202500,5.0,2.046665572694402,0.19613409042358398,finite_metric
gaussian_npe,19,500,5,9,202500,5.0,2.405529302067246,0.2242329716682434,finite_metric
flow_npe,19,500,7,11,302500,5.0,2.7813583170725766,0.26205575466156006,finite_metric
gaussian_npe,19,500,7,11,302500,5.0,2.8983094033624273,0.22728615999221802,finite_metric
flow_npe,19,500,11,15,562500,5.0,,,missing_metrics
gaussian_npe,19,500,11,15,562500,5.0,2.7677671790498013,0.1868993043899536,finite_metric
flow_npe,19,500,15,19,902500,5.0,,,missing_metrics
gaussian_npe,19,500,15,19,902500,5.0,3.7206009103969815,0.2962360382080078,finite_metric
flow_npe,19,500,19,23,1322500,5.0,,,missing_metrics
gaussian_npe,19,500,19,23,1322500,5.0,2.9926281137272213,0.16404390335083008,finite_metric
flow_npe,20,500,5,9,202500,5.0,2.076152446087513,0.1807878017425537,finite_metric
gaussian_npe,20,500,5,9,202500,5.0,2.7982955222315704,0.3180299401283264,finite_metric
flow_npe,20,500,7,11,302500,5.0,2.4126949158406843,0.29798567295074463,finite_metric
gaussian_npe,20,500,7,11,302500,5.0,2.734336218258869,0.16684246063232422,finite_metric
flow_npe,20,500,11,15,562500,5.0,,,missing_metrics
gaussian_npe,20,500,11,15,562500,5.0,2.9204420221918626,0.15471303462982178,finite_metric
flow_npe,20,500,15,19,902500,5.0,,,missing_metrics
gaussian_npe,20,500,15,19,902500,5.0,,,missing_metrics
flow_npe,20,500,19,23,1322500,5.0,,,missing_metrics
gaussian_npe,20,500,19,23,1322500,5.0,,,missing_metrics
flow_npe,21,500,5,9,202500,5.0,,,missing_metrics
gaussian_npe,21,500,5,9,202500,5.0,2.258793736850317,0.16927820444107056,finite_metric
flow_npe,21,500,7,11,302500,5.0,,,missing_metrics
gaussian_npe,21,500,7,11,302500,5.0,2.1651154264559005,0.16521203517913818,finite_metric
flow_npe,21,500,11,15,562500,5.0,,,missing_metrics
gaussian_npe,21,500,11,15,562500,5.0,,,missing_metrics
flow_npe,21,500,15,19,902500,5.0,,,missing_metrics
gaussian_npe,21,500,15,19,902500,5.0,,,missing_metrics
flow_npe,21,500,19,23,1322500,5.0,,,missing_metrics
gaussian_npe,21,500,19,23,1322500,5.0,,,missing_metrics
flow_npe,22,500,5,9,202500,5.0,,,missing_metrics
gaussian_npe,22,500,5,9,202500,5.0,,,missing_metrics
flow_npe,22,500,7,11,302500,5.0,,,missing_metrics
gaussian_npe,22,500,7,11,302500,5.0,,,missing_metrics
flow_npe,22,500,11,15,562500,5.0,,,missing_metrics
gaussian_npe,22,500,11,15,562500,5.0,,,missing_metrics
flow_npe,22,500,15,19,902500,5.0,,,missing_metrics
gaussian_npe,22,500,15,19,902500,5.0,,,missing_metrics
flow_npe,22,500,19,23,1322500,5.0,,,missing_metrics
gaussian_npe,22,500,19,23,1322500,5.0,,,missing_metrics
flow_npe,23,500,5,9,202500,5.0,,,missing_metrics
gaussian_npe,23,500,5,9,202500,5.0,,,missing_metrics
flow_npe,23,500,7,11,302500,5.0,,,missing_metrics
gaussian_npe,23,500,7,11,302500,5.0,,,missing_metrics
flow_npe,23,500,11,15,562500,5.0,,,missing_metrics
gaussian_npe,23,500,11,15,562500,5.0,,,missing_metrics
flow_npe,23,500,15,19,902500,5.0,,,missing_metrics
gaussian_npe,23,500,15,19,902500,5.0,,,missing_metrics
flow_npe,23,500,19,23,1322500,5.0,,,missing_metrics
gaussian_npe,23,500,19,23,1322500,5.0,,,missing_metrics
flow_npe,24,500,5,9,202500,5.0,,,missing_metrics
gaussian_npe,24,500,5,9,202500,5.0,,,missing_metrics
flow_npe,24,500,7,11,302500,5.0,,,missing_metrics
gaussian_npe,24,500,7,11,302500,5.0,,,missing_metrics
flow_npe,24,500,11,15,562500,5.0,,,missing_metrics
gaussian_npe,24,500,11,15,562500,5.0,,,missing_metrics
flow_npe,24,500,15,19,902500,5.0,,,missing_metrics
gaussian_npe,24,500,15,19,902500,5.0,,,missing_metrics
flow_npe,24,500,19,23,1322500,5.0,,,missing_metrics
gaussian_npe,24,500,19,23,1322500,5.0,,,missing_metrics
flow_npe,25,500,5,9,202500,5.0,,,missing_metrics
gaussian_npe,25,500,5,9,202500,5.0,,,missing_metrics
flow_npe,25,500,7,11,302500,5.0,,,missing_metrics
gaussian_npe,25,500,7,11,302500,5.0,,,missing_metrics
flow_npe,25,500,11,15,562500,5.0,,,missing_metrics
gaussian_npe,25,500,11,15,562500,5.0,,,missing_metrics
flow_npe,25,500,15,19,902500,5.0,,,missing_metrics
gaussian_npe,25,500,15,19,902500,5.0,,,missing_metrics
flow_npe,25,500,19,23,1322500,5.0,,,missing_metrics
gaussian_npe,25,500,19,23,1322500,5.0,,,missing_metrics
flow_npe,26,500,5,9,202500,5.0,,,missing_metrics
gaussian_npe,26,500,5,9,202500,5.0,,,missing_metrics
flow_npe,26,500,7,11,302500,5.0,,,missing_metrics
gaussian_npe,26,500,7,11,302500,5.0,,,missing_metrics
flow_npe,26,500,11,15,562500,5.0,,,missing_metrics
gaussian_npe,26,500,11,15,562500,5.0,,,missing_metrics
flow_npe,26,500,15,19,902500,5.0,,,missing_metrics
gaussian_npe,26,500,15,19,902500,5.0,,,missing_metrics
flow_npe,26,500,19,23,1322500,5.0,,,missing_metrics
gaussian_npe,26,500,19,23,1322500,5.0,,,missing_metrics
flow_npe,27,500,5,9,202500,5.0,,,missing_metrics
gaussian_npe,27,500,5,9,202500,5.0,,,missing_metrics
flow_npe,27,500,7,11,302500,5.0,,,missing_metrics
gaussian_npe,27,500,7,11,302500,5.0,,,missing_metrics
flow_npe,27,500,11,15,562500,5.0,,,missing_metrics
gaussian_npe,27,500,11,15,562500,5.0,,,missing_metrics
flow_npe,27,500,15,19,902500,5.0,,,missing_metrics
gaussian_npe,27,500,15,19,902500,5.0,,,missing_metrics
flow_npe,27,500,19,23,1322500,5.0,,,missing_metrics
gaussian_npe,27,500,19,23,1322500,5.0,,,missing_metrics
flow_npe,28,500,5,9,202500,5.0,,,missing_metrics
gaussian_npe,28,500,5,9,202500,5.0,,,missing_metrics
flow_npe,28,500,7,11,302500,5.0,,,missing_metrics
gaussian_npe,28,500,7,11,302500,5.0,,,missing_metrics
flow_npe,28,500,11,15,562500,5.0,,,missing_metrics
gaussian_npe,28,500,11,15,562500,5.0,,,missing_metrics
flow_npe,28,500,15,19,902500,5.0,,,missing_metrics
gaussian_npe,28,500,15,19,902500,5.0,,,missing_metrics
flow_npe,28,500,19,23,1322500,5.0,,,missing_metrics
gaussian_npe,28,500,19,23,1322500,5.0,,,missing_metrics
flow_npe,29,500,5,9,202500,5.0,,,missing_metrics
gaussian_npe,29,500,5,9,202500,5.0,,,missing_metrics
flow_npe,29,500,7,11,302500,5.0,,,missing_metrics
gaussian_npe,29,500,7,11,302500,5.0,,,missing_metrics
flow_npe,29,500,11,15,562500,5.0,,,missing_metrics
gaussian_npe,29,500,11,15,562500,5.0,,,missing_metrics
flow_npe,29,500,15,19,902500,5.0,,,missing_metrics
gaussian_npe,29,500,15,19,902500,5.0,,,missing_metrics
flow_npe,29,500,19,23,1322500,5.0,,,missing_metrics
gaussian_npe,29,500,19,23,1322500,5.0,,,missing_metrics
