method,standardisation,seed,n_obs,N_sims,theta_kl,status
flow_npe,robust_asinh_median_iqr,0,1000,1000000,1.21539506561,finite_metric
flow_npe,robust_asinh_median_iqr,1,1000,1000000,0.906301055754,finite_metric
flow_npe,robust_asinh_median_iqr,2,1000,1000000,1.14894043098,finite_metric
flow_npe,robust_asinh_median_iqr,3,1000,1000000,0.659868257349,finite_metric
flow_npe,robust_asinh_median_iqr,4,1000,1000000,1.05919466079,finite_metric
flow_npe,robust_asinh_median_iqr,5,1000,1000000,1.5863779652,finite_metric
flow_npe,robust_asinh_median_iqr,6,1000,1000000,1.06404001757,finite_metric
flow_npe,robust_asinh_median_iqr,7,1000,1000000,0.882667267174,finite_metric
flow_npe,robust_asinh_median_iqr,8,1000,1000000,0.781717850067,finite_metric
flow_npe,robust_asinh_median_iqr,9,1000,1000000,1.17255235827,finite_metric
flow_npe,robust_asinh_median_iqr,10,1000,1000000,0.756979972391,finite_metric
flow_npe,robust_asinh_median_iqr,11,1000,1000000,1.51781617335,finite_metric
flow_npe,robust_asinh_median_iqr,12,1000,1000000,1.15763729523,finite_metric
flow_npe,robust_asinh_median_iqr,13,1000,1000000,3.54562608289,finite_metric
flow_npe,robust_asinh_median_iqr,14,1000,1000000,1.02534047661,finite_metric
flow_npe,robust_asinh_median_iqr,0,1000,3000000,0.951704990839,finite_metric
flow_npe,robust_asinh_median_iqr,1,1000,3000000,0.898407333043,finite_metric
flow_npe,robust_asinh_median_iqr,2,1000,3000000,0.796183282514,finite_metric
flow_npe,robust_asinh_median_iqr,3,1000,3000000,0.757271287253,finite_metric
flow_npe,robust_asinh_median_iqr,4,1000,3000000,0.906027829207,finite_metric
flow_npe,robust_asinh_median_iqr,5,1000,3000000,1.07329324008,finite_metric
flow_npe,robust_asinh_median_iqr,6,1000,3000000,5.79118784558,finite_metric
flow_npe,robust_asinh_median_iqr,7,1000,3000000,0.930475474872,finite_metric
flow_npe,robust_asinh_median_iqr,8,1000,3000000,1.17534135455,finite_metric
flow_npe,robust_asinh_median_iqr,9,1000,3000000,,missing
flow_npe,robust_asinh_median_iqr,10,1000,3000000,0.747683880745,finite_metric
flow_npe,robust_asinh_median_iqr,11,1000,3000000,1.31179395245,finite_metric
flow_npe,robust_asinh_median_iqr,12,1000,3000000,1.16483859872,finite_metric
flow_npe,robust_asinh_median_iqr,13,1000,3000000,2.26638697039,finite_metric
flow_npe,robust_asinh_median_iqr,14,1000,3000000,,missing
flow_npe,standard_zscore_baseline,0,1000,1000000,2.4166687990569033,baseline_from_v3_csv
flow_npe,standard_zscore_baseline,1,1000,1000000,2.174407735526879,baseline_from_v3_csv
flow_npe,standard_zscore_baseline,2,1000,1000000,1.9018561013548976,baseline_from_v3_csv
flow_npe,standard_zscore_baseline,3,1000,1000000,1.5942526960277144,baseline_from_v3_csv
flow_npe,standard_zscore_baseline,4,1000,1000000,1.9358506187378526,baseline_from_v3_csv
flow_npe,standard_zscore_baseline,5,1000,1000000,1.8070053788561715,baseline_from_v3_csv
flow_npe,standard_zscore_baseline,6,1000,1000000,2.2529703326188892,baseline_from_v3_csv
flow_npe,standard_zscore_baseline,7,1000,1000000,2.543026906743822,baseline_from_v3_csv
flow_npe,standard_zscore_baseline,8,1000,1000000,1.5451197418524132,baseline_from_v3_csv
flow_npe,standard_zscore_baseline,9,1000,1000000,2.1433594505794415,baseline_from_v3_csv
flow_npe,standard_zscore_baseline,10,1000,1000000,2.1798374396171876,baseline_from_v3_csv
flow_npe,standard_zscore_baseline,11,1000,1000000,1.7729184491685201,baseline_from_v3_csv
flow_npe,standard_zscore_baseline,12,1000,1000000,2.4730716234753007,baseline_from_v3_csv
flow_npe,standard_zscore_baseline,13,1000,1000000,4.048390303871531,baseline_from_v3_csv
flow_npe,standard_zscore_baseline,14,1000,1000000,1.8211863113345554,baseline_from_v3_csv
flow_npe,standard_zscore_baseline,15,1000,1000000,1.7303933221756447,baseline_from_v3_csv
flow_npe,standard_zscore_baseline,16,1000,1000000,1.6886172614210855,baseline_from_v3_csv
flow_npe,standard_zscore_baseline,17,1000,1000000,1.5501402504622357,baseline_from_v3_csv
flow_npe,standard_zscore_baseline,18,1000,1000000,2.8984506618807173,baseline_from_v3_csv
flow_npe,standard_zscore_baseline,19,1000,1000000,1.627600861650645,baseline_from_v3_csv
flow_npe,standard_zscore_baseline,20,1000,1000000,2.040459163506629,baseline_from_v3_csv
flow_npe,standard_zscore_baseline,21,1000,1000000,1.9557541039044037,baseline_from_v3_csv
flow_npe,standard_zscore_baseline,22,1000,1000000,2.0095663073525416,baseline_from_v3_csv
flow_npe,standard_zscore_baseline,23,1000,1000000,8.81919621200974,baseline_from_v3_csv
flow_npe,standard_zscore_baseline,24,1000,1000000,1.5201980669539636,baseline_from_v3_csv
flow_npe,standard_zscore_baseline,25,1000,1000000,4.647838028508258,baseline_from_v3_csv
flow_npe,standard_zscore_baseline,26,1000,1000000,3.0155360200986903,baseline_from_v3_csv
flow_npe,standard_zscore_baseline,27,1000,1000000,1.7721570633691546,baseline_from_v3_csv
flow_npe,standard_zscore_baseline,28,1000,1000000,2.4196618320620935,baseline_from_v3_csv
flow_npe,standard_zscore_baseline,29,1000,1000000,2.4075567751071714,baseline_from_v3_csv
flow_npe,standard_zscore_baseline,30,1000,1000000,1.8152362360029233,baseline_from_v3_csv
flow_npe,standard_zscore_baseline,31,1000,1000000,1.778117693992477,baseline_from_v3_csv
flow_npe,standard_zscore_baseline,32,1000,1000000,1.7473573886212523,baseline_from_v3_csv
flow_npe,standard_zscore_baseline,33,1000,1000000,1.6972764364608084,baseline_from_v3_csv
flow_npe,standard_zscore_baseline,34,1000,1000000,1.3176119312480077,baseline_from_v3_csv
flow_npe,standard_zscore_baseline,35,1000,1000000,1.6757782223123314,baseline_from_v3_csv
flow_npe,standard_zscore_baseline,36,1000,1000000,2.3423573791703496,baseline_from_v3_csv
flow_npe,standard_zscore_baseline,37,1000,1000000,1.350982299412643,baseline_from_v3_csv
flow_npe,standard_zscore_baseline,38,1000,1000000,1.92247590300912,baseline_from_v3_csv
flow_npe,standard_zscore_baseline,39,1000,1000000,3.0467238068261393,baseline_from_v3_csv
flow_npe,standard_zscore_baseline,40,1000,1000000,3.7593961150589754,baseline_from_v3_csv
flow_npe,standard_zscore_baseline,41,1000,1000000,6.228841816840253,baseline_from_v3_csv
flow_npe,standard_zscore_baseline,42,1000,1000000,2.257605126057916,baseline_from_v3_csv
flow_npe,standard_zscore_baseline,43,1000,1000000,1.6846307651741919,baseline_from_v3_csv
flow_npe,standard_zscore_baseline,44,1000,1000000,1.7010890633873956,baseline_from_v3_csv
flow_npe,standard_zscore_baseline,45,1000,1000000,2.981732585032395,baseline_from_v3_csv
flow_npe,standard_zscore_baseline,46,1000,1000000,1.5385212703864797,baseline_from_v3_csv
flow_npe,standard_zscore_baseline,47,1000,1000000,1.7831919026576635,baseline_from_v3_csv
flow_npe,standard_zscore_baseline,48,1000,1000000,1.432731915507761,baseline_from_v3_csv
flow_npe,standard_zscore_baseline,49,1000,1000000,1.8545597278434145,baseline_from_v3_csv
flow_npe,standard_zscore_baseline,50,1000,1000000,1.6052638208472827,baseline_from_v3_csv
flow_npe,standard_zscore_baseline,51,1000,1000000,1.5806189265760133,baseline_from_v3_csv
flow_npe,standard_zscore_baseline,52,1000,1000000,1.6925604493430089,baseline_from_v3_csv
flow_npe,standard_zscore_baseline,53,1000,1000000,1.6833726242847595,baseline_from_v3_csv
flow_npe,standard_zscore_baseline,54,1000,1000000,1.9615959671165744,baseline_from_v3_csv
flow_npe,standard_zscore_baseline,55,1000,1000000,6.8791277786351035,baseline_from_v3_csv
flow_npe,standard_zscore_baseline,56,1000,1000000,1.9834940210197023,baseline_from_v3_csv
flow_npe,standard_zscore_baseline,57,1000,1000000,1.353977191020336,baseline_from_v3_csv
flow_npe,standard_zscore_baseline,58,1000,1000000,1.3550613745900715,baseline_from_v3_csv
flow_npe,standard_zscore_baseline,59,1000,1000000,1.6878166951654858,baseline_from_v3_csv
flow_npe,standard_zscore_baseline,60,1000,1000000,1.7467899525908646,baseline_from_v3_csv
flow_npe,standard_zscore_baseline,61,1000,1000000,1.4667400451720456,baseline_from_v3_csv
flow_npe,standard_zscore_baseline,62,1000,1000000,1.6468605593645422,baseline_from_v3_csv
flow_npe,standard_zscore_baseline,63,1000,1000000,2.54923581475225,baseline_from_v3_csv
flow_npe,standard_zscore_baseline,64,1000,1000000,1.9005348196165948,baseline_from_v3_csv
flow_npe,standard_zscore_baseline,65,1000,1000000,2.1451179612224456,baseline_from_v3_csv
flow_npe,standard_zscore_baseline,66,1000,1000000,1.880818002321812,baseline_from_v3_csv
flow_npe,standard_zscore_baseline,67,1000,1000000,2.3821440943730154,baseline_from_v3_csv
flow_npe,standard_zscore_baseline,68,1000,1000000,2.0097644635385494,baseline_from_v3_csv
flow_npe,standard_zscore_baseline,69,1000,1000000,2.084006615606253,baseline_from_v3_csv
flow_npe,standard_zscore_baseline,70,1000,1000000,2.5187833322156563,baseline_from_v3_csv
flow_npe,standard_zscore_baseline,71,1000,1000000,1.6870097026028827,baseline_from_v3_csv
flow_npe,standard_zscore_baseline,72,1000,1000000,2.8109222261155926,baseline_from_v3_csv
flow_npe,standard_zscore_baseline,73,1000,1000000,2.6168746219002594,baseline_from_v3_csv
flow_npe,standard_zscore_baseline,74,1000,1000000,1.7083013886254077,baseline_from_v3_csv
flow_npe,standard_zscore_baseline,75,1000,1000000,2.350369034144072,baseline_from_v3_csv
flow_npe,standard_zscore_baseline,76,1000,1000000,3.0947594877739086,baseline_from_v3_csv
flow_npe,standard_zscore_baseline,77,1000,1000000,1.6882902238658903,baseline_from_v3_csv
flow_npe,standard_zscore_baseline,78,1000,1000000,1.8143035751188816,baseline_from_v3_csv
flow_npe,standard_zscore_baseline,79,1000,1000000,2.9075699614407298,baseline_from_v3_csv
flow_npe,standard_zscore_baseline,80,1000,1000000,2.385699575952811,baseline_from_v3_csv
flow_npe,standard_zscore_baseline,81,1000,1000000,1.4991640383609257,baseline_from_v3_csv
flow_npe,standard_zscore_baseline,82,1000,1000000,1.3956893898393132,baseline_from_v3_csv
flow_npe,standard_zscore_baseline,83,1000,1000000,1.565220170612901,baseline_from_v3_csv
flow_npe,standard_zscore_baseline,84,1000,1000000,2.640590848224116,baseline_from_v3_csv
flow_npe,standard_zscore_baseline,85,1000,1000000,1.424022006816383,baseline_from_v3_csv
flow_npe,standard_zscore_baseline,86,1000,1000000,1.5748791700083942,baseline_from_v3_csv
flow_npe,standard_zscore_baseline,87,1000,1000000,1.54570054056223,baseline_from_v3_csv
flow_npe,standard_zscore_baseline,88,1000,1000000,1.4983635767336152,baseline_from_v3_csv
flow_npe,standard_zscore_baseline,89,1000,1000000,1.7249082661503004,baseline_from_v3_csv
flow_npe,standard_zscore_baseline,90,1000,1000000,1.5568644485485599,baseline_from_v3_csv
flow_npe,standard_zscore_baseline,91,1000,1000000,1.8612167126342412,baseline_from_v3_csv
flow_npe,standard_zscore_baseline,92,1000,1000000,4.45508490117545,baseline_from_v3_csv
flow_npe,standard_zscore_baseline,93,1000,1000000,1.6117666812612266,baseline_from_v3_csv
flow_npe,standard_zscore_baseline,94,1000,1000000,3.983406777353474,baseline_from_v3_csv
flow_npe,standard_zscore_baseline,95,1000,1000000,1.498918204860409,baseline_from_v3_csv
flow_npe,standard_zscore_baseline,96,1000,1000000,2.7449679559574793,baseline_from_v3_csv
flow_npe,standard_zscore_baseline,97,1000,1000000,1.491905336512411,baseline_from_v3_csv
flow_npe,standard_zscore_baseline,98,1000,1000000,2.2595860006330337,baseline_from_v3_csv
flow_npe,standard_zscore_baseline,99,1000,1000000,1.4488890449289584,baseline_from_v3_csv
flow_npe,standard_zscore_baseline,100,1000,1000000,1.3063196575617113,baseline_from_v3_csv
gaussian_npe,identity_median_iqr,0,1000,1000000,3.12015082193,finite_metric
gaussian_npe,identity_median_iqr,1,1000,1000000,1.88859133352,finite_metric
gaussian_npe,identity_median_iqr,2,1000,1000000,1.74861407714,finite_metric
gaussian_npe,identity_median_iqr,3,1000,1000000,1.36351150727,finite_metric
gaussian_npe,identity_median_iqr,4,1000,1000000,1.58573918423,finite_metric
gaussian_npe,identity_median_iqr,5,1000,1000000,1.98332901274,finite_metric
gaussian_npe,identity_median_iqr,6,1000,1000000,1.36724944404,finite_metric
gaussian_npe,identity_median_iqr,7,1000,1000000,1.54457152755,finite_metric
gaussian_npe,identity_median_iqr,8,1000,1000000,1.88909044952,finite_metric
gaussian_npe,identity_median_iqr,9,1000,1000000,1.5124074259,finite_metric
gaussian_npe,identity_median_iqr,10,1000,1000000,2.01828751133,finite_metric
gaussian_npe,identity_median_iqr,11,1000,1000000,2.10227020756,finite_metric
gaussian_npe,identity_median_iqr,12,1000,1000000,1.51717006593,finite_metric
gaussian_npe,identity_median_iqr,13,1000,1000000,1.75578368171,finite_metric
gaussian_npe,identity_median_iqr,14,1000,1000000,1.84237505734,finite_metric
gaussian_npe,identity_median_iqr,15,1000,1000000,2.53053088997,finite_metric
gaussian_npe,identity_median_iqr,16,1000,1000000,2.14084373962,finite_metric
gaussian_npe,identity_median_iqr,17,1000,1000000,1.1485315346,finite_metric
gaussian_npe,identity_median_iqr,18,1000,1000000,1.32811181013,finite_metric
gaussian_npe,identity_median_iqr,19,1000,1000000,1.49817467617,finite_metric
gaussian_npe,identity_median_iqr,20,1000,1000000,1.23042828249,finite_metric
gaussian_npe,identity_median_iqr,21,1000,1000000,1.79495670196,finite_metric
gaussian_npe,identity_median_iqr,22,1000,1000000,0.984792348586,finite_metric
gaussian_npe,identity_median_iqr,23,1000,1000000,1.92644804681,finite_metric
gaussian_npe,identity_median_iqr,24,1000,1000000,2.1688342809,finite_metric
gaussian_npe,robust_asinh_median_iqr,0,1000,1000,9.30737486178,finite_metric
gaussian_npe,robust_asinh_median_iqr,1,1000,1000,8.99316957442,finite_metric
gaussian_npe,robust_asinh_median_iqr,2,1000,1000,7.76821735766,finite_metric
gaussian_npe,robust_asinh_median_iqr,3,1000,1000,9.06196919495,finite_metric
gaussian_npe,robust_asinh_median_iqr,4,1000,1000,7.35360812395,finite_metric
gaussian_npe,robust_asinh_median_iqr,5,1000,1000,8.92112874837,finite_metric
gaussian_npe,robust_asinh_median_iqr,6,1000,1000,7.46477059971,finite_metric
gaussian_npe,robust_asinh_median_iqr,7,1000,1000,10.6892979327,finite_metric
gaussian_npe,robust_asinh_median_iqr,8,1000,1000,8.70465396199,finite_metric
gaussian_npe,robust_asinh_median_iqr,9,1000,1000,7.51731276429,finite_metric
gaussian_npe,robust_asinh_median_iqr,10,1000,1000,9.74799605273,finite_metric
gaussian_npe,robust_asinh_median_iqr,11,1000,1000,8.10232737901,finite_metric
gaussian_npe,robust_asinh_median_iqr,12,1000,1000,8.7763187494,finite_metric
gaussian_npe,robust_asinh_median_iqr,13,1000,1000,8.73569119865,finite_metric
gaussian_npe,robust_asinh_median_iqr,14,1000,1000,10.1597140297,finite_metric
gaussian_npe,robust_asinh_median_iqr,15,1000,1000,9.81422697038,finite_metric
gaussian_npe,robust_asinh_median_iqr,16,1000,1000,10.0185606841,finite_metric
gaussian_npe,robust_asinh_median_iqr,17,1000,1000,8.77846280254,finite_metric
gaussian_npe,robust_asinh_median_iqr,18,1000,1000,9.82964526434,finite_metric
gaussian_npe,robust_asinh_median_iqr,19,1000,1000,8.11190900572,finite_metric
gaussian_npe,robust_asinh_median_iqr,20,1000,1000,8.36503887438,finite_metric
gaussian_npe,robust_asinh_median_iqr,21,1000,1000,9.41843991166,finite_metric
gaussian_npe,robust_asinh_median_iqr,22,1000,1000,8.5585060358,finite_metric
gaussian_npe,robust_asinh_median_iqr,23,1000,1000,9.84140163303,finite_metric
gaussian_npe,robust_asinh_median_iqr,24,1000,1000,7.7723090648,finite_metric
gaussian_npe,robust_asinh_median_iqr,0,1000,6907,5.09350288981,finite_metric
gaussian_npe,robust_asinh_median_iqr,1,1000,6907,5.02086406084,finite_metric
gaussian_npe,robust_asinh_median_iqr,2,1000,6907,7.05072992125,finite_metric
gaussian_npe,robust_asinh_median_iqr,3,1000,6907,5.52583711788,finite_metric
gaussian_npe,robust_asinh_median_iqr,4,1000,6907,4.78900094928,finite_metric
gaussian_npe,robust_asinh_median_iqr,5,1000,6907,5.84963631004,finite_metric
gaussian_npe,robust_asinh_median_iqr,6,1000,6907,4.79571586489,finite_metric
gaussian_npe,robust_asinh_median_iqr,7,1000,6907,5.47833596121,finite_metric
gaussian_npe,robust_asinh_median_iqr,8,1000,6907,4.75031925724,finite_metric
gaussian_npe,robust_asinh_median_iqr,9,1000,6907,5.85094935213,finite_metric
gaussian_npe,robust_asinh_median_iqr,10,1000,6907,5.55786629921,finite_metric
gaussian_npe,robust_asinh_median_iqr,11,1000,6907,6.34865187481,finite_metric
gaussian_npe,robust_asinh_median_iqr,12,1000,6907,4.40657295704,finite_metric
gaussian_npe,robust_asinh_median_iqr,13,1000,6907,4.7475956324,finite_metric
gaussian_npe,robust_asinh_median_iqr,14,1000,6907,5.50784099478,finite_metric
gaussian_npe,robust_asinh_median_iqr,15,1000,6907,5.85011757956,finite_metric
gaussian_npe,robust_asinh_median_iqr,16,1000,6907,4.78002843475,finite_metric
gaussian_npe,robust_asinh_median_iqr,17,1000,6907,3.91436566321,finite_metric
gaussian_npe,robust_asinh_median_iqr,18,1000,6907,5.28130760519,finite_metric
gaussian_npe,robust_asinh_median_iqr,19,1000,6907,5.10290221884,finite_metric
gaussian_npe,robust_asinh_median_iqr,20,1000,6907,4.79584658796,finite_metric
gaussian_npe,robust_asinh_median_iqr,21,1000,6907,4.34959621732,finite_metric
gaussian_npe,robust_asinh_median_iqr,22,1000,6907,4.68774429031,finite_metric
gaussian_npe,robust_asinh_median_iqr,23,1000,6907,4.32219519452,finite_metric
gaussian_npe,robust_asinh_median_iqr,24,1000,6907,5.00458595826,finite_metric
gaussian_npe,robust_asinh_median_iqr,0,1000,31623,4.17545510764,finite_metric
gaussian_npe,robust_asinh_median_iqr,1,1000,31623,3.31246723986,finite_metric
gaussian_npe,robust_asinh_median_iqr,2,1000,31623,2.61100439779,finite_metric
gaussian_npe,robust_asinh_median_iqr,3,1000,31623,3.0488993034,finite_metric
gaussian_npe,robust_asinh_median_iqr,4,1000,31623,3.57347582598,finite_metric
gaussian_npe,robust_asinh_median_iqr,5,1000,31623,4.75827096104,finite_metric
gaussian_npe,robust_asinh_median_iqr,6,1000,31623,3.29425327489,finite_metric
gaussian_npe,robust_asinh_median_iqr,7,1000,31623,3.41935078662,finite_metric
gaussian_npe,robust_asinh_median_iqr,8,1000,31623,3.76842368111,finite_metric
gaussian_npe,robust_asinh_median_iqr,9,1000,31623,4.5191559617,finite_metric
gaussian_npe,robust_asinh_median_iqr,10,1000,31623,4.92045131491,finite_metric
gaussian_npe,robust_asinh_median_iqr,11,1000,31623,4.49215083891,finite_metric
gaussian_npe,robust_asinh_median_iqr,12,1000,31623,3.08324783653,finite_metric
gaussian_npe,robust_asinh_median_iqr,13,1000,31623,3.4489513017,finite_metric
gaussian_npe,robust_asinh_median_iqr,14,1000,31623,3.13749479144,finite_metric
gaussian_npe,robust_asinh_median_iqr,15,1000,31623,3.09031854527,finite_metric
gaussian_npe,robust_asinh_median_iqr,16,1000,31623,4.14163241013,finite_metric
gaussian_npe,robust_asinh_median_iqr,17,1000,31623,3.72748709423,finite_metric
gaussian_npe,robust_asinh_median_iqr,18,1000,31623,3.59361884943,finite_metric
gaussian_npe,robust_asinh_median_iqr,19,1000,31623,2.97543936688,finite_metric
gaussian_npe,robust_asinh_median_iqr,20,1000,31623,3.49005273535,finite_metric
gaussian_npe,robust_asinh_median_iqr,21,1000,31623,3.76083050054,finite_metric
gaussian_npe,robust_asinh_median_iqr,22,1000,31623,2.91746727593,finite_metric
gaussian_npe,robust_asinh_median_iqr,23,1000,31623,3.66714749154,finite_metric
gaussian_npe,robust_asinh_median_iqr,24,1000,31623,3.25105608892,finite_metric
gaussian_npe,robust_asinh_median_iqr,0,1000,1000000,1.44718093541,finite_metric
gaussian_npe,robust_asinh_median_iqr,1,1000,1000000,1.55201924234,finite_metric
gaussian_npe,robust_asinh_median_iqr,2,1000,1000000,1.26304316445,finite_metric
gaussian_npe,robust_asinh_median_iqr,3,1000,1000000,2.32138721073,finite_metric
gaussian_npe,robust_asinh_median_iqr,4,1000,1000000,1.75150404257,finite_metric
gaussian_npe,robust_asinh_median_iqr,5,1000,1000000,1.59465091272,finite_metric
gaussian_npe,robust_asinh_median_iqr,6,1000,1000000,1.35919345099,finite_metric
gaussian_npe,robust_asinh_median_iqr,7,1000,1000000,1.87867929097,finite_metric
gaussian_npe,robust_asinh_median_iqr,8,1000,1000000,1.93051290851,finite_metric
gaussian_npe,robust_asinh_median_iqr,9,1000,1000000,1.55986041232,finite_metric
gaussian_npe,robust_asinh_median_iqr,10,1000,1000000,2.03893432323,finite_metric
gaussian_npe,robust_asinh_median_iqr,11,1000,1000000,2.38617000704,finite_metric
gaussian_npe,robust_asinh_median_iqr,12,1000,1000000,1.13437583486,finite_metric
gaussian_npe,robust_asinh_median_iqr,13,1000,1000000,2.23440519801,finite_metric
gaussian_npe,robust_asinh_median_iqr,14,1000,1000000,1.87926411159,finite_metric
gaussian_npe,robust_asinh_median_iqr,15,1000,1000000,1.95367687475,finite_metric
gaussian_npe,robust_asinh_median_iqr,16,1000,1000000,2.51151555392,finite_metric
gaussian_npe,robust_asinh_median_iqr,17,1000,1000000,1.09621121038,finite_metric
gaussian_npe,robust_asinh_median_iqr,18,1000,1000000,1.25907589967,finite_metric
gaussian_npe,robust_asinh_median_iqr,19,1000,1000000,1.35768768747,finite_metric
gaussian_npe,robust_asinh_median_iqr,20,1000,1000000,1.26865785077,finite_metric
gaussian_npe,robust_asinh_median_iqr,21,1000,1000000,1.58098579104,finite_metric
gaussian_npe,robust_asinh_median_iqr,22,1000,1000000,1.13661331037,finite_metric
gaussian_npe,robust_asinh_median_iqr,23,1000,1000000,1.9157808617,finite_metric
gaussian_npe,robust_asinh_median_iqr,24,1000,1000000,1.2644249086,finite_metric
gaussian_npe,robust_asinh_median_iqr,0,1000,3000000,1.51669292288,finite_metric
gaussian_npe,robust_asinh_median_iqr,1,1000,3000000,1.11803423549,finite_metric
gaussian_npe,robust_asinh_median_iqr,2,1000,3000000,1.10501276159,finite_metric
gaussian_npe,robust_asinh_median_iqr,3,1000,3000000,1.67993622079,finite_metric
gaussian_npe,robust_asinh_median_iqr,4,1000,3000000,0.97593657435,finite_metric
gaussian_npe,robust_asinh_median_iqr,5,1000,3000000,1.2108686139,finite_metric
gaussian_npe,robust_asinh_median_iqr,6,1000,3000000,1.7187577841,finite_metric
gaussian_npe,robust_asinh_median_iqr,7,1000,3000000,1.53691725977,finite_metric
gaussian_npe,robust_asinh_median_iqr,8,1000,3000000,1.44889886542,finite_metric
gaussian_npe,robust_asinh_median_iqr,9,1000,3000000,1.05697407029,finite_metric
gaussian_npe,robust_asinh_median_iqr,10,1000,3000000,1.73404427957,finite_metric
gaussian_npe,robust_asinh_median_iqr,11,1000,3000000,1.65831688392,finite_metric
gaussian_npe,robust_asinh_median_iqr,12,1000,3000000,1.47620111518,finite_metric
gaussian_npe,robust_asinh_median_iqr,13,1000,3000000,2.31515497352,finite_metric
gaussian_npe,robust_asinh_median_iqr,14,1000,3000000,1.57545200316,finite_metric
gaussian_npe,robust_asinh_median_iqr,15,1000,3000000,1.93695065551,finite_metric
gaussian_npe,robust_asinh_median_iqr,16,1000,3000000,3.22119126495,finite_metric
gaussian_npe,robust_asinh_median_iqr,17,1000,3000000,1.06744225266,finite_metric
gaussian_npe,robust_asinh_median_iqr,18,1000,3000000,1.286548435,finite_metric
gaussian_npe,robust_asinh_median_iqr,19,1000,3000000,1.0183881605,finite_metric
gaussian_npe,robust_asinh_median_iqr,20,1000,3000000,1.23291919277,finite_metric
gaussian_npe,robust_asinh_median_iqr,21,1000,3000000,1.35638099273,finite_metric
gaussian_npe,robust_asinh_median_iqr,22,1000,3000000,1.46712455655,finite_metric
gaussian_npe,robust_asinh_median_iqr,23,1000,3000000,0.930516579551,finite_metric
gaussian_npe,robust_asinh_median_iqr,24,1000,3000000,1.55729374252,finite_metric
gaussian_npe,standard_zscore_baseline,0,1000,1000000,4.803427043186789,baseline_from_v3_csv
gaussian_npe,standard_zscore_baseline,1,1000,1000000,2.2871461825843005,baseline_from_v3_csv
gaussian_npe,standard_zscore_baseline,2,1000,1000000,2.053035653785616,baseline_from_v3_csv
gaussian_npe,standard_zscore_baseline,3,1000,1000000,2.5147563905938286,baseline_from_v3_csv
gaussian_npe,standard_zscore_baseline,4,1000,1000000,2.259066529511577,baseline_from_v3_csv
gaussian_npe,standard_zscore_baseline,5,1000,1000000,4.383792926034703,baseline_from_v3_csv
gaussian_npe,standard_zscore_baseline,6,1000,1000000,1.7668569046496847,baseline_from_v3_csv
gaussian_npe,standard_zscore_baseline,7,1000,1000000,2.409318667780819,baseline_from_v3_csv
gaussian_npe,standard_zscore_baseline,8,1000,1000000,2.5754285951066938,baseline_from_v3_csv
gaussian_npe,standard_zscore_baseline,9,1000,1000000,3.103100176732365,baseline_from_v3_csv
gaussian_npe,standard_zscore_baseline,10,1000,1000000,2.037253641639452,baseline_from_v3_csv
gaussian_npe,standard_zscore_baseline,11,1000,1000000,3.160857117478656,baseline_from_v3_csv
gaussian_npe,standard_zscore_baseline,12,1000,1000000,2.182393806438061,baseline_from_v3_csv
gaussian_npe,standard_zscore_baseline,13,1000,1000000,2.839705980167344,baseline_from_v3_csv
gaussian_npe,standard_zscore_baseline,14,1000,1000000,2.4082034692617116,baseline_from_v3_csv
gaussian_npe,standard_zscore_baseline,15,1000,1000000,3.0464045344292625,baseline_from_v3_csv
gaussian_npe,standard_zscore_baseline,16,1000,1000000,2.949589374194553,baseline_from_v3_csv
gaussian_npe,standard_zscore_baseline,17,1000,1000000,2.137691414967995,baseline_from_v3_csv
gaussian_npe,standard_zscore_baseline,18,1000,1000000,1.7065473366556305,baseline_from_v3_csv
gaussian_npe,standard_zscore_baseline,19,1000,1000000,2.1771323918802143,baseline_from_v3_csv
gaussian_npe,standard_zscore_baseline,20,1000,1000000,2.0035756491139773,baseline_from_v3_csv
gaussian_npe,standard_zscore_baseline,21,1000,1000000,2.4541605927426016,baseline_from_v3_csv
gaussian_npe,standard_zscore_baseline,22,1000,1000000,2.067599391605701,baseline_from_v3_csv
gaussian_npe,standard_zscore_baseline,23,1000,1000000,3.230762592465407,baseline_from_v3_csv
gaussian_npe,standard_zscore_baseline,24,1000,1000000,3.3571969216648307,baseline_from_v3_csv
gaussian_npe,standard_zscore_baseline,25,1000,1000000,1.9391698154371102,baseline_from_v3_csv
gaussian_npe,standard_zscore_baseline,26,1000,1000000,3.5214498608700677,baseline_from_v3_csv
gaussian_npe,standard_zscore_baseline,27,1000,1000000,2.8728699104951203,baseline_from_v3_csv
gaussian_npe,standard_zscore_baseline,28,1000,1000000,2.4299660129364318,baseline_from_v3_csv
gaussian_npe,standard_zscore_baseline,29,1000,1000000,2.3918972282777986,baseline_from_v3_csv
gaussian_npe,standard_zscore_baseline,30,1000,1000000,2.8410447115343693,baseline_from_v3_csv
gaussian_npe,standard_zscore_baseline,31,1000,1000000,2.840119693778897,baseline_from_v3_csv
gaussian_npe,standard_zscore_baseline,32,1000,1000000,2.0345212426169508,baseline_from_v3_csv
gaussian_npe,standard_zscore_baseline,33,1000,1000000,1.8487288365303376,baseline_from_v3_csv
gaussian_npe,standard_zscore_baseline,34,1000,1000000,2.037706110406698,baseline_from_v3_csv
gaussian_npe,standard_zscore_baseline,35,1000,1000000,2.884533852515963,baseline_from_v3_csv
gaussian_npe,standard_zscore_baseline,36,1000,1000000,1.9341235123426779,baseline_from_v3_csv
gaussian_npe,standard_zscore_baseline,37,1000,1000000,3.056452204873405,baseline_from_v3_csv
gaussian_npe,standard_zscore_baseline,38,1000,1000000,2.363766710495028,baseline_from_v3_csv
gaussian_npe,standard_zscore_baseline,39,1000,1000000,2.081571539961157,baseline_from_v3_csv
gaussian_npe,standard_zscore_baseline,40,1000,1000000,2.200980303316266,baseline_from_v3_csv
gaussian_npe,standard_zscore_baseline,41,1000,1000000,2.383379090206671,baseline_from_v3_csv
gaussian_npe,standard_zscore_baseline,42,1000,1000000,2.079213414368661,baseline_from_v3_csv
gaussian_npe,standard_zscore_baseline,43,1000,1000000,2.3075154243753695,baseline_from_v3_csv
gaussian_npe,standard_zscore_baseline,44,1000,1000000,2.2397274904451994,baseline_from_v3_csv
gaussian_npe,standard_zscore_baseline,45,1000,1000000,1.8972089348030887,baseline_from_v3_csv
gaussian_npe,standard_zscore_baseline,46,1000,1000000,1.9895451654662022,baseline_from_v3_csv
gaussian_npe,standard_zscore_baseline,47,1000,1000000,2.5118185780294504,baseline_from_v3_csv
gaussian_npe,standard_zscore_baseline,48,1000,1000000,2.2480249733894277,baseline_from_v3_csv
gaussian_npe,standard_zscore_baseline,49,1000,1000000,2.435089342650346,baseline_from_v3_csv
gaussian_npe,standard_zscore_baseline,50,1000,1000000,3.2243515274648233,baseline_from_v3_csv
gaussian_npe,standard_zscore_baseline,51,1000,1000000,2.891684132712361,baseline_from_v3_csv
gaussian_npe,standard_zscore_baseline,52,1000,1000000,2.037829348470008,baseline_from_v3_csv
gaussian_npe,standard_zscore_baseline,53,1000,1000000,3.592328298818525,baseline_from_v3_csv
gaussian_npe,standard_zscore_baseline,54,1000,1000000,1.880195389184255,baseline_from_v3_csv
gaussian_npe,standard_zscore_baseline,55,1000,1000000,2.39270686675146,baseline_from_v3_csv
gaussian_npe,standard_zscore_baseline,56,1000,1000000,1.9897163776543867,baseline_from_v3_csv
gaussian_npe,standard_zscore_baseline,57,1000,1000000,4.085511773250622,baseline_from_v3_csv
gaussian_npe,standard_zscore_baseline,58,1000,1000000,2.006445747423485,baseline_from_v3_csv
gaussian_npe,standard_zscore_baseline,59,1000,1000000,2.5416245424825155,baseline_from_v3_csv
gaussian_npe,standard_zscore_baseline,60,1000,1000000,3.2637004784494565,baseline_from_v3_csv
gaussian_npe,standard_zscore_baseline,61,1000,1000000,1.9995141337767721,baseline_from_v3_csv
gaussian_npe,standard_zscore_baseline,62,1000,1000000,2.593348066107167,baseline_from_v3_csv
gaussian_npe,standard_zscore_baseline,63,1000,1000000,1.8933830375560055,baseline_from_v3_csv
gaussian_npe,standard_zscore_baseline,64,1000,1000000,1.9787279304436085,baseline_from_v3_csv
gaussian_npe,standard_zscore_baseline,65,1000,1000000,4.370920052596486,baseline_from_v3_csv
gaussian_npe,standard_zscore_baseline,66,1000,1000000,3.0351675799890527,baseline_from_v3_csv
gaussian_npe,standard_zscore_baseline,67,1000,1000000,3.086275554229056,baseline_from_v3_csv
gaussian_npe,standard_zscore_baseline,68,1000,1000000,2.711078278579421,baseline_from_v3_csv
gaussian_npe,standard_zscore_baseline,69,1000,1000000,2.6843446794283974,baseline_from_v3_csv
gaussian_npe,standard_zscore_baseline,70,1000,1000000,2.7206012693391513,baseline_from_v3_csv
gaussian_npe,standard_zscore_baseline,71,1000,1000000,1.8001955911111227,baseline_from_v3_csv
gaussian_npe,standard_zscore_baseline,72,1000,1000000,3.290743436796281,baseline_from_v3_csv
gaussian_npe,standard_zscore_baseline,73,1000,1000000,2.2826815865443564,baseline_from_v3_csv
gaussian_npe,standard_zscore_baseline,74,1000,1000000,3.113243256556186,baseline_from_v3_csv
gaussian_npe,standard_zscore_baseline,75,1000,1000000,2.8295891317715096,baseline_from_v3_csv
gaussian_npe,standard_zscore_baseline,76,1000,1000000,2.6638153229802084,baseline_from_v3_csv
gaussian_npe,standard_zscore_baseline,77,1000,1000000,2.5083545408810224,baseline_from_v3_csv
gaussian_npe,standard_zscore_baseline,78,1000,1000000,3.0890139136225723,baseline_from_v3_csv
gaussian_npe,standard_zscore_baseline,79,1000,1000000,3.0417505802238365,baseline_from_v3_csv
gaussian_npe,standard_zscore_baseline,80,1000,1000000,2.8715913093607472,baseline_from_v3_csv
gaussian_npe,standard_zscore_baseline,81,1000,1000000,2.0900178347801885,baseline_from_v3_csv
gaussian_npe,standard_zscore_baseline,82,1000,1000000,2.4585318761749293,baseline_from_v3_csv
gaussian_npe,standard_zscore_baseline,83,1000,1000000,2.073594245191749,baseline_from_v3_csv
gaussian_npe,standard_zscore_baseline,84,1000,1000000,2.576010280291179,baseline_from_v3_csv
gaussian_npe,standard_zscore_baseline,85,1000,1000000,2.0546766097240576,baseline_from_v3_csv
gaussian_npe,standard_zscore_baseline,86,1000,1000000,2.3835286335233272,baseline_from_v3_csv
gaussian_npe,standard_zscore_baseline,87,1000,1000000,3.4811081652598266,baseline_from_v3_csv
gaussian_npe,standard_zscore_baseline,88,1000,1000000,2.657120002146288,baseline_from_v3_csv
gaussian_npe,standard_zscore_baseline,89,1000,1000000,2.5792589845479594,baseline_from_v3_csv
gaussian_npe,standard_zscore_baseline,90,1000,1000000,2.4505247839272903,baseline_from_v3_csv
gaussian_npe,standard_zscore_baseline,91,1000,1000000,2.398782716927415,baseline_from_v3_csv
gaussian_npe,standard_zscore_baseline,92,1000,1000000,2.687967365114469,baseline_from_v3_csv
gaussian_npe,standard_zscore_baseline,93,1000,1000000,2.5740457899956053,baseline_from_v3_csv
gaussian_npe,standard_zscore_baseline,94,1000,1000000,2.1919947208333834,baseline_from_v3_csv
gaussian_npe,standard_zscore_baseline,95,1000,1000000,1.925674198733454,baseline_from_v3_csv
gaussian_npe,standard_zscore_baseline,96,1000,1000000,2.1505545160453865,baseline_from_v3_csv
gaussian_npe,standard_zscore_baseline,97,1000,1000000,2.0432273141367148,baseline_from_v3_csv
gaussian_npe,standard_zscore_baseline,98,1000,1000000,3.312380475262718,baseline_from_v3_csv
gaussian_npe,standard_zscore_baseline,99,1000,1000000,2.9341175103686172,baseline_from_v3_csv
gaussian_npe,standard_zscore_baseline,100,1000,1000000,3.6588154567814053,baseline_from_v3_csv
