n_obs,n_sims,budget_label,delta0,rows,complete_rows,shape_ok_rows,finite_kl_rows,infinite_kl_rows,nan_kl_rows,finite_kl_fraction,infinite_kl_fraction,finite_kl_min,finite_kl_q25,finite_kl_median,finite_kl_q75,finite_kl_max,finite_mmd_rows,mmd_min,mmd_q25,mmd_median,mmd_q75,mmd_max
100,100,N=n,0.01,101,0,0,101,0,0,1.0,0.0,0.9544944550236146,3.4722004373402195,4.913044972202636,5.960029371900627,7.625957316300423,0,,,,,
100,100,N=n,0.1,101,0,0,101,0,0,1.0,0.0,0.6796103234585609,2.9354964304238926,4.49636452625742,5.518552902000701,6.938799495529463,0,,,,,
100,100,N=n,0.25,101,0,0,101,0,0,1.0,0.0,0.5863413070574987,2.2738925636792087,3.723554859026939,4.676606562293371,6.544136444447462,0,,,,,
100,100,N=n,0.5,101,0,0,101,0,0,1.0,0.0,0.3260767721239574,1.2506051824041235,2.0637950195957724,3.01537132476881,5.180301444355272,0,,,,,
100,100,N=n,0.75,101,0,0,101,0,0,1.0,0.0,0.40938574090392205,0.7109702574842489,1.0232363847278911,1.399106816953177,3.61065737433017,0,,,,,
100,100,N=n,0.99,101,0,0,101,0,0,1.0,0.0,0.36203005728432613,0.6760830554939303,0.8425931701375351,1.1026581854340045,2.0023939437181157,0,,,,,
100,460,N=n log(n),0.01,101,0,0,101,0,0,1.0,0.0,1.9386360147424548,5.6089274897211325,6.170148548966919,6.455162321185013,7.138318667321682,0,,,,,
100,460,N=n log(n),0.1,101,0,0,101,0,0,1.0,0.0,1.4541680667671246,5.054198628731966,5.689041453297514,6.021078736664972,6.762933568561346,0,,,,,
100,460,N=n log(n),0.25,101,0,0,101,0,0,1.0,0.0,1.152794104895505,4.4408738840365265,5.0074984114054235,5.398293945831677,6.1640302982407436,0,,,,,
100,460,N=n log(n),0.5,101,0,0,101,0,0,1.0,0.0,0.763933603737217,2.535962799195802,3.1423877934423547,3.5453982077512682,4.592570686448594,0,,,,,
100,460,N=n log(n),0.75,101,0,0,101,0,0,1.0,0.0,0.5261746442705955,1.0101740386452103,1.2165347045137829,1.422766595076296,2.1679076063574505,0,,,,,
100,460,N=n log(n),0.99,101,0,0,101,0,0,1.0,0.0,0.15180188051367216,0.36001658497200345,0.41337133640950907,0.49768454173483934,0.8905074658702428,0,,,,,
100,1000,N=n^(3/2),0.01,101,0,0,101,0,0,1.0,0.0,5.257290881030428,6.3693633944964665,6.57604941766431,6.824771404632398,7.953614930995576,0,,,,,
100,1000,N=n^(3/2),0.1,101,0,0,101,0,0,1.0,0.0,4.885926624748588,5.8226612251908225,6.086615386014818,6.42358966348019,7.2100020722929585,0,,,,,
100,1000,N=n^(3/2),0.25,101,0,0,101,0,0,1.0,0.0,4.09560529746451,5.193739993750045,5.480037971562307,5.743191831862185,6.719796828077029,0,,,,,
100,1000,N=n^(3/2),0.5,101,0,0,101,0,0,1.0,0.0,2.2243796993752376,3.176527304256828,3.4780813784340845,3.8495501179699283,4.638141372908539,0,,,,,
100,1000,N=n^(3/2),0.75,101,0,0,101,0,0,1.0,0.0,0.6760075690556839,1.094969672639708,1.2628629934562383,1.4170577616585136,1.8779482173250808,0,,,,,
100,1000,N=n^(3/2),0.99,101,0,0,101,0,0,1.0,0.0,0.13349148550880743,0.2373792336369785,0.28667345313756026,0.3284000390627447,0.49573219023652065,0,,,,,
100,10000,N=n^2,0.01,99,0,0,99,0,0,1.0,0.0,4.4988858198278985,5.836859429261645,6.219802486905106,6.529627144925965,7.1560729270687045,0,,,,,
100,10000,N=n^2,0.1,99,0,0,99,0,0,1.0,0.0,3.7450896232803523,4.978296155761015,5.407318887218197,5.919202581730886,7.012974117381209,0,,,,,
100,10000,N=n^2,0.25,99,0,0,99,0,0,1.0,0.0,3.2714503914192012,4.3247729157367285,4.771254022156325,5.090230957187611,5.947345819023408,0,,,,,
100,10000,N=n^2,0.5,99,0,0,99,0,0,1.0,0.0,1.5825968466889515,2.1644804317979904,2.3926067227277596,2.6282137690974197,3.5312881353337198,0,,,,,
100,10000,N=n^2,0.75,99,0,0,99,0,0,1.0,0.0,0.40618083341217676,0.6372687624252016,0.7225925816384807,0.7966099139544731,1.0792029616336352,0,,,,,
100,10000,N=n^2,0.99,99,0,0,99,0,0,1.0,0.0,0.02338648424033883,0.08042871219087663,0.10120238911597787,0.12484240522745099,0.204430278192204,0,,,,,
500,500,N=n,0.01,101,0,0,101,0,0,1.0,0.0,9.613451281669326,10.947822708402688,11.267014313162512,11.69760157555279,12.469757065979788,0,,,,,
500,500,N=n,0.1,101,0,0,101,0,0,1.0,0.0,9.484655613013995,10.467879155880178,10.758744681491747,11.03411838343912,11.722843043779731,0,,,,,
500,500,N=n,0.25,101,0,0,101,0,0,1.0,0.0,9.155726347074058,10.642969538191004,11.0538516087008,11.369798306127596,11.81412200992361,0,,,,,
500,500,N=n,0.5,101,0,0,101,0,0,1.0,0.0,3.5088398648779133,5.627017190603849,6.062496241246644,6.357567096842152,7.027915606314291,0,,,,,
500,500,N=n,0.75,101,0,0,101,0,0,1.0,0.0,0.908383386136155,2.0601162009243055,2.5541522136076775,3.1278237424539634,4.562969894973811,0,,,,,
500,500,N=n,0.99,101,0,0,101,0,0,1.0,0.0,0.25420446146763764,0.4786227054887678,0.6051810611833767,0.7705112479598164,1.6693304563156819,0,,,,,
500,3107,N=n log(n),0.01,101,0,0,101,0,0,1.0,0.0,10.982534477125949,11.876200436216054,12.075086643308358,12.211461628258485,12.554132001295185,0,,,,,
500,3107,N=n log(n),0.1,101,0,0,101,0,0,1.0,0.0,10.36848477119739,11.281322799309116,11.430839807247581,11.575928029219154,11.813624958260219,0,,,,,
500,3107,N=n log(n),0.25,101,0,0,101,0,0,1.0,0.0,9.479356162917558,11.665198337840625,11.837159622455525,11.960995923820512,12.21390411752518,0,,,,,
500,3107,N=n log(n),0.5,101,0,0,101,0,0,1.0,0.0,5.656640512492305,6.557507100813386,6.86313454443258,7.107969551486233,7.654803828023015,0,,,,,
500,3107,N=n log(n),0.75,101,0,0,101,0,0,1.0,0.0,1.1546815532055195,1.8134711729527915,2.0606391465695775,2.3817801378416,3.5803063958158705,0,,,,,
500,3107,N=n log(n),0.99,101,0,0,101,0,0,1.0,0.0,0.031205443247861016,0.0914425179474035,0.12143196991111577,0.1668744864251389,0.3977103673576891,0,,,,,
500,11180,N=n^(3/2),0.01,101,0,0,101,0,0,1.0,0.0,11.124204709848906,11.886142678575409,12.07213321456896,12.169081864771147,12.464522314342537,0,,,,,
500,11180,N=n^(3/2),0.1,101,0,0,101,0,0,1.0,0.0,9.929086233936426,11.254003610336401,11.427554020505259,11.508366761027572,11.90985776761097,0,,,,,
500,11180,N=n^(3/2),0.25,101,0,0,101,0,0,1.0,0.0,10.945631865363794,11.713850533198261,11.820871322290195,11.931861252440834,12.305276312095748,0,,,,,
500,11180,N=n^(3/2),0.5,101,0,0,101,0,0,1.0,0.0,4.822417159194591,6.020358527577986,6.278615196336876,6.574267110483368,7.519625047876512,0,,,,,
500,11180,N=n^(3/2),0.75,101,0,0,101,0,0,1.0,0.0,0.4073411297593777,1.0551830560958995,1.2374685898742648,1.391767660599315,4.02261367919181,0,,,,,
500,11180,N=n^(3/2),0.99,101,0,0,101,0,0,1.0,0.0,-0.011253102959869159,0.04033590192139847,0.061328348130734824,0.09523782728215147,0.26885116236841133,0,,,,,
500,250000,N=n^2,0.01,96,0,0,96,0,0,1.0,0.0,9.527980583967468,10.608613219694483,11.018795444542981,11.397090531883254,12.162288072258491,0,,,,,
500,250000,N=n^2,0.1,96,0,0,96,0,0,1.0,0.0,8.53739063687274,9.830544618468245,10.333239590265507,10.53158374013842,11.287064748886745,0,,,,,
500,250000,N=n^2,0.25,96,0,0,96,0,0,1.0,0.0,7.973406342525584,10.199665712337241,10.680487046646547,11.172188337346217,11.582884844714798,0,,,,,
500,250000,N=n^2,0.5,96,0,0,96,0,0,1.0,0.0,2.601173422563303,3.9229822599582143,4.306907778195946,4.639561228467929,5.601846338337062,0,,,,,
500,250000,N=n^2,0.75,96,0,0,96,0,0,1.0,0.0,0.07343003984422206,0.3031793137724831,0.3810916143421098,0.4569935866003707,0.7403409531096523,0,,,,,
500,250000,N=n^2,0.99,96,0,0,96,0,0,1.0,0.0,-0.034756575466815945,0.01682154605280117,0.034549464510837735,0.056928499569889685,0.11935385909019174,0,,,,,
1000,1000,N=n,0.01,101,0,0,101,0,0,1.0,0.0,11.363141996463376,12.469384714968177,12.744888280782193,12.953138650922455,13.41797991034894,0,,,,,
1000,1000,N=n,0.1,101,0,0,101,0,0,1.0,0.0,11.680021513626311,12.098062883457642,12.279757552893566,12.512050995571878,12.902309423192975,0,,,,,
1000,1000,N=n,0.25,101,0,0,101,0,0,1.0,0.0,10.386301092106844,12.326071266118168,12.677597687181203,12.869128101913295,13.251170216308656,0,,,,,
1000,1000,N=n,0.5,101,0,0,101,0,0,1.0,0.0,6.388645446443006,7.0016632789650854,7.2851967055197395,7.5767014298838005,8.273803947949592,0,,,,,
1000,1000,N=n,0.75,101,0,0,101,0,0,1.0,0.0,1.2330389740791743,2.591643936399814,3.1494716446913307,3.6006044828317822,5.639019599958464,0,,,,,
1000,1000,N=n,0.99,101,0,0,101,0,0,1.0,0.0,0.12661234513806202,0.27394764110361564,0.3850308129997149,0.46718873328209815,0.9980570288921199,0,,,,,
1000,6907,N=n log(n),0.01,101,0,0,101,0,0,1.0,0.0,12.268392799736397,12.83124334390159,12.93464957269513,13.041902051656571,13.41551182700733,0,,,,,
1000,6907,N=n log(n),0.1,101,0,0,101,0,0,1.0,0.0,11.58546845762378,12.452503815680965,12.549935218879668,12.606838623265594,12.920582142618846,0,,,,,
1000,6907,N=n log(n),0.25,101,0,0,101,0,0,1.0,0.0,12.510974662138798,12.893357708088486,12.967107354806359,13.046340751846264,13.200740419035894,0,,,,,
1000,6907,N=n log(n),0.5,101,0,0,101,0,0,1.0,0.0,5.995057183550108,7.587935744609778,7.805349862101075,7.956162114134901,8.517809833453905,0,,,,,
1000,6907,N=n log(n),0.75,101,0,0,101,0,0,1.0,0.0,1.0259738437015076,1.86639206130938,2.2734501955135387,2.6437489389675863,3.8309399632204353,0,,,,,
1000,6907,N=n log(n),0.99,101,0,0,101,0,0,1.0,0.0,-0.001885145310701679,0.06461725185788676,0.09405646552402196,0.15957011149396466,0.4929970159043833,0,,,,,
1000,31622,N=n^(3/2),0.01,100,0,0,100,0,0,1.0,0.0,11.506636523578964,12.592345406570143,12.765911971016354,12.8784124931434,13.249622172271788,0,,,,,
1000,31622,N=n^(3/2),0.1,100,0,0,100,0,0,1.0,0.0,10.434045252312211,12.236352601599418,12.378229980139498,12.48815348041547,12.697629114145357,0,,,,,
1000,31622,N=n^(3/2),0.25,100,0,0,100,0,0,1.0,0.0,11.970142566249292,12.646511106318925,12.780687962320012,12.892772788883427,13.136850372635921,0,,,,,
1000,31622,N=n^(3/2),0.5,100,0,0,100,0,0,1.0,0.0,3.656298643731314,6.311871886303331,6.81777565734912,7.147571161347758,7.6909365270519,0,,,,,
1000,31622,N=n^(3/2),0.75,100,0,0,100,0,0,1.0,0.0,0.18898296353519134,0.875376069424683,1.034762020628306,1.2697580695364075,2.2124000885220902,0,,,,,
1000,31622,N=n^(3/2),0.99,100,0,0,100,0,0,1.0,0.0,-0.01497624174100988,0.018863162995626823,0.041539363898368,0.06712912224873227,0.16273928563732892,0,,,,,
1000,1000000,N=n^2,0.01,80,0,0,80,0,0,1.0,0.0,9.281575404240865,11.09296284011609,11.566276178528511,11.974347870493036,12.85184120500905,0,,,,,
1000,1000000,N=n^2,0.1,80,0,0,80,0,0,1.0,0.0,8.786443475413403,10.383852151083715,10.994136412718602,11.488639581707291,12.501058822960601,0,,,,,
1000,1000000,N=n^2,0.25,80,0,0,80,0,0,1.0,0.0,9.039317169224555,10.769817733362043,11.627165687385837,12.084697383147322,12.851789369581121,0,,,,,
1000,1000000,N=n^2,0.5,80,0,0,80,0,0,1.0,0.0,3.998578547231711,5.565263975634615,6.070722489003597,6.452924931651007,7.501672996846857,0,,,,,
1000,1000000,N=n^2,0.75,80,0,0,80,0,0,1.0,0.0,0.10143390331924532,0.3779638892076911,0.48374790997780104,0.5897976008178247,1.1534935511002176,0,,,,,
1000,1000000,N=n^2,0.99,80,0,0,80,0,0,1.0,0.0,-0.034302091138775546,0.010277742351421287,0.021045209978177708,0.04123487234980476,0.08263530628002486,0,,,,,
5000,5000,N=n,0.01,101,0,0,101,0,0,1.0,0.0,13.835430146647314,14.434761451747908,14.536178378335473,14.675100330879964,15.167873604501985,0,,,,,
5000,5000,N=n,0.1,101,0,0,101,0,0,1.0,0.0,15.17495270906372,15.66253093728528,15.753236461264729,15.838868510029261,16.096279795680516,0,,,,,
5000,5000,N=n,0.25,101,0,0,101,0,0,1.0,0.0,13.934800541278495,14.642407633568517,14.709745092081938,14.782632320490874,14.953897569093233,0,,,,,
5000,5000,N=n,0.5,101,0,0,101,0,0,1.0,0.0,8.23814157772882,10.153534745023173,10.325490366873428,10.59484588732235,10.999377018954528,0,,,,,
5000,5000,N=n,0.75,101,0,0,101,0,0,1.0,0.0,1.0651648509972926,3.0634885382160686,4.028783942020504,5.83730231315465,8.691323384673423,0,,,,,
5000,5000,N=n,0.99,101,0,0,101,0,0,1.0,0.0,0.027302193815554265,0.0885100719237603,0.12990443994457077,0.21530146980783874,0.7228274695602299,0,,,,,
5000,42585,N=n log(n),0.01,99,0,0,99,0,0,1.0,0.0,13.633147836055246,14.461889522802974,14.591065713731277,14.712902466933006,15.024351830497762,0,,,,,
5000,42585,N=n log(n),0.1,99,0,0,99,0,0,1.0,0.0,14.574335811692345,15.599861570879689,15.755901336629389,15.853030321585718,16.053057843023595,0,,,,,
5000,42585,N=n log(n),0.25,99,0,0,99,0,0,1.0,0.0,13.46062451289277,14.62254194172922,14.70484488355631,14.801827731774408,14.961990936304428,0,,,,,
5000,42585,N=n log(n),0.5,99,0,0,99,0,0,1.0,0.0,9.480803928145884,10.25724678791241,10.429744915154899,10.683152970490688,11.076735093543713,0,,,,,
5000,42585,N=n log(n),0.75,99,0,0,99,0,0,1.0,0.0,0.3985572729514725,1.8462825249933816,2.633857239528019,3.699184012553831,8.175233261917878,0,,,,,
5000,42585,N=n log(n),0.99,99,0,0,99,0,0,1.0,0.0,-0.022370157673370326,0.022247014631682535,0.05014695914634039,0.07415604880092141,0.21285820150655393,0,,,,,
5000,353553,N=n^(3/2),0.01,95,0,0,95,0,0,1.0,0.0,10.826241175870681,13.484516319238978,14.103556164508904,14.416491581303347,14.967650820236823,0,,,,,
5000,353553,N=n^(3/2),0.1,95,0,0,95,0,0,1.0,0.0,12.482332485744505,14.437466910422035,14.96708136600828,15.400400122439503,16.063013239521055,0,,,,,
5000,353553,N=n^(3/2),0.25,95,0,0,95,0,0,1.0,0.0,11.031249878178615,13.708395890761206,14.12199660916649,14.468658826814927,14.822214535686353,0,,,,,
5000,353553,N=n^(3/2),0.5,95,0,0,95,0,0,1.0,0.0,8.530481056886682,9.829819427395215,10.076157054943907,10.320762940860142,10.957003750735414,0,,,,,
5000,353553,N=n^(3/2),0.75,95,0,0,95,0,0,1.0,0.0,0.20726600379621501,0.7823941516956214,1.095821285261989,1.8013119977904644,5.3371310694787715,0,,,,,
5000,353553,N=n^(3/2),0.99,95,0,0,95,0,0,1.0,0.0,-0.01780817358390179,0.012103118316603066,0.023925038783907705,0.04456729673316899,0.11673474425712205,0,,,,,
5000,25000000,N=n^2,0.01,0,0,0,0,0,0,,,,,,,,0,,,,,
5000,25000000,N=n^2,0.1,0,0,0,0,0,0,,,,,,,,0,,,,,
5000,25000000,N=n^2,0.25,0,0,0,0,0,0,,,,,,,,0,,,,,
5000,25000000,N=n^2,0.5,0,0,0,0,0,0,,,,,,,,0,,,,,
5000,25000000,N=n^2,0.75,0,0,0,0,0,0,,,,,,,,0,,,,,
5000,25000000,N=n^2,0.99,0,0,0,0,0,0,,,,,,,,0,,,,,
