method,n_obs,n_sims,budget_label,delta0,rows,complete_rows,status_complete_rows,nonfinite_kl_status_rows,missing_rows,timed_out_rows,partial_training_only_rows,bad_shape_rows,shape_ok_rows,finite_kl_rows,infinite_kl_rows,nan_kl_rows,finite_kl_fraction,infinite_kl_fraction,finite_kl_min,finite_kl_q25,finite_kl_median,finite_kl_q75,finite_kl_max,finite_mmd_rows,mmd_min,mmd_q25,mmd_median,mmd_q75,mmd_max
flow_npe,100,100,N=n,1.0,101,101,101,0,0,0,0,0,101,101,0,0,1.0,0.0,0.3201023579558074,0.689710820178426,0.8352573631364221,1.119703464105012,2.166119852130872,101,0.006473541259765625,0.04953110218048096,0.09112894535064697,0.14835524559020996,0.3259504437446594
flow_npe,100,460,N=n log(n),1.0,101,101,101,0,0,0,0,0,101,101,0,0,1.0,0.0,0.14377616369496304,0.3568449393980868,0.429461512168426,0.5083351664174093,0.7540395300014987,101,0.0036057233810424805,0.01402425765991211,0.020803213119506836,0.032006025314331055,0.08244156837463379
flow_npe,100,1000,N=n^(3/2),1.0,101,101,101,0,0,0,0,0,101,101,0,0,1.0,0.0,0.12857955105972044,0.21961712983600226,0.2542432090676553,0.30249510796744356,0.4941859684594006,101,0.0007823705673217773,0.004565238952636719,0.00882863998413086,0.013031601905822754,0.03175795078277588
flow_npe,100,10000,N=n^2,1.0,101,99,99,0,0,0,2,0,99,99,0,2,0.9801980198019802,0.0,-0.03848669560439261,0.05092205946818047,0.08402437348458333,0.11722118906700743,0.2883761558720904,99,6.61611557006836e-05,0.0012552738189697266,0.003258943557739258,0.005601227283477783,0.021892189979553223
flow_npe,500,500,N=n,1.0,101,101,101,0,0,0,0,0,101,101,0,0,1.0,0.0,0.15205646397621614,0.3993885461082134,0.49818182128010663,0.6714605483393026,1.1307277730849592,101,0.0005757808685302734,0.0056591033935546875,0.012276768684387207,0.02572762966156006,0.09159982204437256
flow_npe,500,3107,N=n log(n),1.0,101,101,101,0,0,0,0,0,101,101,0,0,1.0,0.0,-0.05436279549168803,0.07028999377050994,0.11242288159571097,0.17127379502149742,0.3551388129585161,101,0.00010263919830322266,0.0021358728408813477,0.0043942928314208984,0.00801551342010498,0.02476942539215088
flow_npe,500,11180,N=n^(3/2),1.0,101,100,100,0,0,0,1,0,100,100,0,1,0.9900990099009901,0.0,-0.07059980927159136,0.021856156340447984,0.05820421288720401,0.09549025549371679,0.2002630066876715,100,-2.1576881408691406e-05,0.001142740249633789,0.002459704875946045,0.005174130201339722,0.012750506401062012
flow_npe,500,250000,N=n^2,1.0,101,99,99,0,0,0,2,0,99,99,0,2,0.9801980198019802,0.0,-0.07219088361719388,-0.0028533655146145646,0.021382993789644467,0.058821381141866684,0.16047607632906888,99,-6.580352783203125e-05,0.00035196542739868164,0.0006996393203735352,0.0010148286819458008,0.0028401613235473633
flow_npe,1000,1000,N=n,1.0,101,101,101,0,0,0,0,0,101,101,0,0,1.0,0.0,0.05844886965196336,0.21998617899186595,0.28325958469781826,0.38329508131160933,0.7125221023336077,101,7.43865966796875e-05,0.003062009811401367,0.006737709045410156,0.011482477188110352,0.03463447093963623
flow_npe,1000,6907,N=n log(n),1.0,101,101,101,0,0,0,0,0,101,101,0,0,1.0,0.0,-0.0646415604927072,0.04719407894590641,0.08950839443969143,0.12601357303736793,0.35056777881328033,101,-3.4570693969726562e-06,0.0011906623840332031,0.003124237060546875,0.006764888763427734,0.01878523826599121
flow_npe,1000,31622,N=n^(3/2),1.0,101,100,100,0,0,0,1,0,100,100,0,1,0.9900990099009901,0.0,-0.06949665661028827,0.007254110302030653,0.04354588944050806,0.08033918011138462,0.2819862735469298,100,-3.8504600524902344e-05,0.0007121562957763672,0.0013987421989440918,0.0022788047790527344,0.013092517852783203
flow_npe,1000,1000000,N=n^2,1.0,101,77,77,0,0,0,24,0,77,77,0,24,0.7623762376237624,0.0,-0.06665426872449669,-0.01667236859382812,0.014185713448369226,0.03831821991050452,0.09397741195771261,77,-2.777576446533203e-05,0.00018656253814697266,0.0003902912139892578,0.0007854700088500977,0.0022513866424560547
flow_npe,5000,5000,N=n,1.0,101,101,101,0,0,0,0,0,101,101,0,0,1.0,0.0,-0.10226559163050206,0.06589646908961369,0.11171748956828868,0.1990531500484478,0.46009666983268344,101,-2.8371810913085938e-05,0.0011196136474609375,0.002617359161376953,0.005075573921203613,0.01479494571685791
flow_npe,5000,42585,N=n log(n),1.0,101,99,99,0,0,0,2,0,99,99,0,2,0.9801980198019802,0.0,-0.07829838051396944,0.02046155737196595,0.05522616218298501,0.09080426760683194,0.33477129543032674,99,2.7418136596679688e-06,0.000500798225402832,0.0010368824005126953,0.0017902255058288574,0.007912993431091309
flow_npe,5000,353553,N=n^(3/2),1.0,101,97,96,1,0,0,4,0,97,96,1,4,0.9504950495049505,0.009900990099009901,-0.10605981092875881,-0.013028092970191352,0.01917033953120844,0.05209212559558006,0.16165094392422205,97,-3.325939178466797e-05,0.0002053976058959961,0.00040853023529052734,0.0009819269180297852,0.0045506954193115234
flow_npe,5000,25000000,N=n^2,1.0,101,0,0,0,0,0,101,0,0,0,0,101,0.0,0.0,,,,,,0,,,,,
gaussian_npe,100,100,N=n,1.0,101,101,101,0,0,0,0,0,101,101,0,0,1.0,0.0,0.11295975961128718,0.36895311059417146,0.6538464178309105,1.0851568381109398,2.065084481989,101,0.0021965503692626953,0.023514747619628906,0.05615794658660889,0.10490894317626953,0.27521586418151855
gaussian_npe,100,460,N=n log(n),1.0,101,101,101,0,0,0,0,0,101,101,0,0,1.0,0.0,0.02602733621335244,0.1351032912971027,0.19197459239791867,0.2877670954793804,0.9770956605477572,101,0.0003687143325805664,0.004848480224609375,0.009385943412780762,0.01859128475189209,0.08896851539611816
gaussian_npe,100,1000,N=n^(3/2),1.0,101,101,101,0,0,0,0,0,101,101,0,0,1.0,0.0,0.02423842109727925,0.15764969036869286,0.20355127159656727,0.264249892614568,1.4758174873125025,101,0.0009169578552246094,0.005738735198974609,0.01061701774597168,0.015018224716186523,0.1453162431716919
gaussian_npe,100,10000,N=n^2,1.0,101,101,99,2,0,0,0,0,101,99,2,0,0.9801980198019802,0.019801980198019802,0.006051067935572711,0.08693392965540639,0.11910004864928923,0.15270437694812683,0.30519910305286296,101,0.00033867359161376953,0.001674652099609375,0.003293156623840332,0.005176067352294922,1.6558632850646973
gaussian_npe,500,500,N=n,1.0,101,101,101,0,0,0,0,0,101,101,0,0,1.0,0.0,0.01334041621672771,0.16542067777932057,0.24598850309721781,0.4416119128203175,2.874250645778392,101,0.0006614923477172852,0.0032300949096679688,0.008755087852478027,0.016132473945617676,0.25906312465667725
gaussian_npe,500,3107,N=n log(n),1.0,101,101,101,0,0,0,0,0,101,101,0,0,1.0,0.0,-0.05654106444253819,0.02850512666096543,0.0553677670291263,0.10767966883719886,0.28210784479786877,101,3.0994415283203125e-06,0.0014945268630981445,0.002892732620239258,0.0052841901779174805,0.020128488540649414
gaussian_npe,500,11180,N=n^(3/2),1.0,101,101,100,1,0,0,0,0,101,100,1,0,0.9900990099009901,0.009900990099009901,-0.08353005380792297,0.015528745870448763,0.05331352450256237,0.09407652961601816,0.22302912809024084,101,-4.2438507080078125e-05,0.000947117805480957,0.0019353628158569336,0.004317045211791992,1.5907881259918213
gaussian_npe,500,250000,N=n^2,1.0,101,101,100,1,0,0,0,0,101,100,1,0,0.9900990099009901,0.009900990099009901,-0.07775718983364771,-0.004712285205667757,0.029921658897860998,0.05574282476992291,19.872730003816887,101,1.3113021850585938e-06,0.0004105567932128906,0.0009659528732299805,0.0017300844192504883,1.3878161907196045
gaussian_npe,1000,1000,N=n,1.0,101,101,101,0,0,0,0,0,101,101,0,0,1.0,0.0,-0.030200673566876245,0.10514928849211037,0.1952734789603327,0.31257272155240595,1.1590539825221777,101,0.0002048015594482422,0.0022971630096435547,0.006153106689453125,0.011841535568237305,0.05059397220611572
gaussian_npe,1000,6907,N=n log(n),1.0,101,101,101,0,0,0,0,0,101,101,0,0,1.0,0.0,-0.060409126913134034,0.03433579302961938,0.06472739727141757,0.11635763554468753,0.29983761858753893,101,-2.8967857360839844e-05,0.0011789798736572266,0.0025621652603149414,0.004432082176208496,0.018337011337280273
gaussian_npe,1000,31622,N=n^(3/2),1.0,101,101,100,1,0,0,0,0,101,100,1,0,0.9900990099009901,0.009900990099009901,-0.10916496249980348,0.015831418090436193,0.05991147823267114,0.08534651980825796,0.26811924173863527,101,-3.0994415283203125e-05,0.0006655454635620117,0.001456141471862793,0.0032459497451782227,1.549055576324463
gaussian_npe,1000,1000000,N=n^2,1.0,101,101,87,14,0,0,0,0,101,87,14,0,0.8613861386138614,0.13861386138613863,-0.052986679413863993,0.0006906739410575856,0.025111833095399834,0.06288869449986803,22.189977340418,101,-6.103515625e-05,0.00022029876708984375,0.000630497932434082,0.002130270004272461,1.9930130243301392
gaussian_npe,5000,5000,N=n,1.0,101,101,101,0,0,0,0,0,101,101,0,0,1.0,0.0,-0.06450866662908443,0.04196910147175137,0.09436384576800157,0.1936439084462982,0.4583105387297129,101,-8.702278137207031e-06,0.0007799863815307617,0.0021322965621948242,0.003782033920288086,0.009724020957946777
gaussian_npe,5000,42585,N=n log(n),1.0,101,101,99,2,0,0,0,0,101,99,2,0,0.9801980198019802,0.019801980198019802,-0.07801468461531297,0.012076892692364873,0.05260796631338674,0.10100820835574773,0.19991086212244039,101,-2.8371810913085938e-05,0.00033593177795410156,0.0010170936584472656,0.0021959543228149414,1.5876296758651733
gaussian_npe,5000,353553,N=n^(3/2),1.0,101,101,97,4,0,0,0,0,101,97,4,0,0.9603960396039604,0.039603960396039604,-0.07489986869340057,-0.01383245372307401,0.024988020708883476,0.055437762066309626,0.15577559200499366,101,-1.4185905456542969e-05,0.0002117156982421875,0.0006053447723388672,0.001128554344177246,1.5930545330047607
gaussian_npe,5000,25000000,N=n^2,1.0,101,101,3,98,0,0,0,0,101,3,98,0,0.0297029702970297,0.9702970297029703,22.16193458989918,22.278899430283605,22.39586427066803,22.39787888022026,22.39989348977249,101,1.322313666343689,1.9930130243301392,1.9930130243301392,1.9930130243301392,1.9930130243301392
