delta0,seed,n_obs,n_sims,kl
0.01,0,1000,1000,11.485048741603892
0.01,1,1000,1000,11.574865171928455
0.01,2,1000,1000,11.538460916181364
0.01,3,1000,1000,11.359110272783564
0.01,4,1000,1000,10.894131939542072
0.01,5,1000,1000,11.192739352282464
0.01,6,1000,1000,11.048721961960663
0.01,7,1000,1000,11.531450702048144
0.01,8,1000,1000,10.764332256668594
0.01,9,1000,1000,11.064784507714059
0.01,10,1000,1000,10.605990567869446
0.01,11,1000,1000,11.207168603578785
0.01,12,1000,1000,11.158980758745237
0.01,13,1000,1000,11.609086280659255
0.01,14,1000,1000,11.547426182337357
0.01,15,1000,1000,10.690306690380995
0.01,16,1000,1000,11.223608610406199
0.01,17,1000,1000,11.025769451356977
0.01,18,1000,1000,11.329432868129723
0.01,19,1000,1000,11.524768580512907
0.01,20,1000,1000,10.908485204165737
0.01,21,1000,1000,11.126654805721085
0.01,22,1000,1000,11.074832126939501
0.01,23,1000,1000,10.990186925499154
0.01,24,1000,1000,11.462534148942254
0.01,25,1000,1000,11.389128545647575
0.01,26,1000,1000,11.438070505161173
0.01,27,1000,1000,11.307997542993668
0.01,28,1000,1000,11.22097808179021
0.01,29,1000,1000,11.311962169836233
0.01,30,1000,1000,11.07239943297666
0.01,31,1000,1000,11.032839916614645
0.01,32,1000,1000,11.153356435559635
0.01,33,1000,1000,11.373945120292117
0.01,34,1000,1000,10.793985400022914
0.01,35,1000,1000,10.993906104664754
0.01,36,1000,1000,11.40222694992243
0.01,37,1000,1000,11.149506041177052
0.01,38,1000,1000,11.25897090409982
0.01,39,1000,1000,11.0392397591501
0.01,40,1000,1000,10.521227329826168
0.01,41,1000,1000,11.113759211910889
0.01,42,1000,1000,11.505538019767922
0.01,43,1000,1000,11.770228713151514
0.01,44,1000,1000,11.012491141455506
0.01,45,1000,1000,11.528729170596282
0.01,46,1000,1000,11.443204066134344
0.01,47,1000,1000,11.406118484547157
0.01,48,1000,1000,11.161444445540667
0.01,49,1000,1000,10.757308209058568
0.01,50,1000,1000,10.8686640324704
0.01,51,1000,1000,11.381903010055627
0.01,52,1000,1000,11.02707525085182
0.01,53,1000,1000,11.217304032725053
0.01,54,1000,1000,11.220494160815587
0.01,55,1000,1000,11.416770764713608
0.01,56,1000,1000,11.243227046435731
0.01,57,1000,1000,11.147853464085806
0.01,58,1000,1000,11.129517876409594
0.01,59,1000,1000,11.510626644402477
0.01,60,1000,1000,11.37391995959327
0.01,61,1000,1000,11.684149589911032
0.01,62,1000,1000,11.388724097595038
0.01,63,1000,1000,11.524578117659486
0.01,64,1000,1000,10.838549491339524
0.01,65,1000,1000,11.434714322529388
0.01,66,1000,1000,11.349447349448319
0.01,67,1000,1000,11.404788623046624
0.01,68,1000,1000,11.654364296736793
0.01,69,1000,1000,11.051837083009099
0.01,70,1000,1000,11.002218354521094
0.01,71,1000,1000,11.415657662080475
0.01,72,1000,1000,11.442416141988287
0.01,73,1000,1000,11.27249701759664
0.01,74,1000,1000,10.909275859082593
0.01,75,1000,1000,11.424404257064957
0.01,76,1000,1000,11.032609049817296
0.01,77,1000,1000,11.369456321049281
0.01,78,1000,1000,11.47577309441485
0.01,79,1000,1000,11.64190747438449
0.01,80,1000,1000,10.738252351062341
0.01,81,1000,1000,11.176338992313399
0.01,82,1000,1000,11.362007141513837
0.01,83,1000,1000,11.16718938044278
0.01,84,1000,1000,10.78819491253366
0.01,85,1000,1000,11.89362958282617
0.01,86,1000,1000,10.85965208802322
0.01,87,1000,1000,11.20609379281861
0.01,88,1000,1000,11.604595203981665
0.01,89,1000,1000,11.410423418944003
0.01,90,1000,1000,10.877355320916669
0.01,91,1000,1000,10.887379099028587
0.01,92,1000,1000,11.433841364476532
0.01,93,1000,1000,11.4526414939761
0.01,94,1000,1000,11.041306862132805
0.01,95,1000,1000,11.220002860405984
0.01,96,1000,1000,11.16027472293545
0.01,97,1000,1000,11.002749996833252
0.01,98,1000,1000,11.352068549547475
0.01,99,1000,1000,10.905786299501488
0.01,100,1000,1000,11.153248081728476
0.01,0,1000,6907,11.23871857979806
0.01,1,1000,6907,11.28141116845829
0.01,2,1000,6907,11.579720536052822
0.01,3,1000,6907,11.814385123501497
0.01,4,1000,6907,11.39129273088208
0.01,5,1000,6907,11.4321301132767
0.01,6,1000,6907,11.333243930615444
0.01,7,1000,6907,11.355764743381485
0.01,8,1000,6907,11.672258503186127
0.01,9,1000,6907,11.52460306962079
0.01,10,1000,6907,11.536609752862732
0.01,11,1000,6907,11.12976782462975
0.01,12,1000,6907,10.889903061707576
0.01,13,1000,6907,11.488865656959462
0.01,14,1000,6907,11.053728409125233
0.01,15,1000,6907,11.054779279113713
0.01,16,1000,6907,11.766748114702215
0.01,17,1000,6907,11.14942374058591
0.01,18,1000,6907,11.4005187575627
0.01,19,1000,6907,11.435615200533396
0.01,20,1000,6907,11.340629820332508
0.01,21,1000,6907,11.420429167690555
0.01,22,1000,6907,11.395276882231682
0.01,23,1000,6907,11.854526965596683
0.01,24,1000,6907,11.365533896919263
0.01,25,1000,6907,11.47357480885166
0.01,26,1000,6907,11.597077183679724
0.01,27,1000,6907,11.1108803487203
0.01,28,1000,6907,10.99240889151413
0.01,29,1000,6907,11.763813767715721
0.01,30,1000,6907,11.297623307303198
0.01,31,1000,6907,11.587978509263724
0.01,32,1000,6907,11.562832981691116
0.01,33,1000,6907,11.53779760425645
0.01,34,1000,6907,11.159387242531565
0.01,35,1000,6907,10.953485182156536
0.01,36,1000,6907,11.256901343322156
0.01,37,1000,6907,11.419681472094036
0.01,38,1000,6907,11.53573328991979
0.01,39,1000,6907,11.375050531481195
0.01,40,1000,6907,11.317261141913587
0.01,41,1000,6907,11.24622996245485
0.01,42,1000,6907,11.48349579458961
0.01,43,1000,6907,11.187749845468545
0.01,44,1000,6907,11.432260645461
0.01,45,1000,6907,11.622215084119361
0.01,46,1000,6907,11.259246053366537
0.01,47,1000,6907,11.180097672756904
0.01,48,1000,6907,11.230103713348475
0.01,49,1000,6907,11.531007045650743
0.01,50,1000,6907,11.201660338660886
0.01,51,1000,6907,11.216196157629948
0.01,52,1000,6907,11.559768530366652
0.01,53,1000,6907,11.145428738038671
0.01,54,1000,6907,11.357790570911385
0.01,55,1000,6907,11.453515706297837
0.01,56,1000,6907,11.594303180486314
0.01,57,1000,6907,11.18151867680203
0.01,58,1000,6907,11.758200553191429
0.01,59,1000,6907,11.48358640397117
0.01,60,1000,6907,10.863532047658584
0.01,61,1000,6907,11.449546676789877
0.01,62,1000,6907,11.27839941378108
0.01,63,1000,6907,11.333112110411513
0.01,64,1000,6907,11.306555452546792
0.01,65,1000,6907,11.54704595226654
0.01,66,1000,6907,11.458643176236347
0.01,67,1000,6907,11.120897612207374
0.01,68,1000,6907,10.982640619820007
0.01,69,1000,6907,11.130422488370808
0.01,70,1000,6907,11.656205789010091
0.01,71,1000,6907,11.093474295351596
0.01,72,1000,6907,11.155535115172583
0.01,73,1000,6907,11.576913155530619
0.01,74,1000,6907,11.595476572978987
0.01,75,1000,6907,11.517916595804982
0.01,76,1000,6907,11.207216937236028
0.01,77,1000,6907,11.406999148535538
0.01,78,1000,6907,11.210532217709625
0.01,79,1000,6907,11.09864209001805
0.01,80,1000,6907,11.485397922135489
0.01,81,1000,6907,11.31013626618955
0.01,82,1000,6907,11.573261051017656
0.01,83,1000,6907,11.54762664501748
0.01,84,1000,6907,10.958333420496142
0.01,85,1000,6907,11.59810123259074
0.01,86,1000,6907,11.392831823755836
0.01,87,1000,6907,11.341508055912488
0.01,88,1000,6907,11.719641403635277
0.01,89,1000,6907,10.834287363203474
0.01,90,1000,6907,10.994598020791797
0.01,91,1000,6907,11.272627794030496
0.01,92,1000,6907,11.522841505555077
0.01,93,1000,6907,11.506615564253226
0.01,94,1000,6907,11.300088007743659
0.01,95,1000,6907,11.189688050479816
0.01,96,1000,6907,11.490607349587567
0.01,97,1000,6907,11.249931648692238
0.01,98,1000,6907,11.221995272265476
0.01,99,1000,6907,11.11324929214286
0.01,100,1000,6907,11.232810706120082
0.01,0,1000,31622,11.044506313358413
0.01,1,1000,31622,11.439707784415873
0.01,2,1000,31622,11.1298071296427
0.01,3,1000,31622,11.15039498869482
0.01,4,1000,31622,11.132103898769543
0.01,5,1000,31622,10.897796163904856
0.01,6,1000,31622,11.687060933397936
0.01,7,1000,31622,11.229605052570154
0.01,8,1000,31622,11.548923475030083
0.01,9,1000,31622,11.702379991316977
0.01,10,1000,31622,11.207342196196562
0.01,11,1000,31622,11.573731110377445
0.01,12,1000,31622,11.32379758361401
0.01,13,1000,31622,11.25890033011556
0.01,14,1000,31622,11.496115493020708
0.01,15,1000,31622,11.34699126187207
0.01,16,1000,31622,10.82821261514932
0.01,17,1000,31622,11.226924903217613
0.01,18,1000,31622,11.559243965880558
0.01,19,1000,31622,inf
0.01,20,1000,31622,11.526682829025107
0.01,21,1000,31622,11.370882415892577
0.01,22,1000,31622,11.345882604892795
0.01,23,1000,31622,11.424117640500967
0.01,24,1000,31622,11.941160214094143
0.01,25,1000,31622,11.526820549167878
0.01,26,1000,31622,11.363979437118633
0.01,27,1000,31622,10.992598520008785
0.01,28,1000,31622,11.112216597582897
0.01,29,1000,31622,11.664275800187056
0.01,30,1000,31622,11.495294541343373
0.01,31,1000,31622,11.182796993739537
0.01,32,1000,31622,11.130091533081355
0.01,33,1000,31622,11.221095878287512
0.01,34,1000,31622,11.132727343415784
0.01,35,1000,31622,11.366925664137707
0.01,36,1000,31622,11.001159334347907
0.01,37,1000,31622,11.825139105391923
0.01,38,1000,31622,10.758973810310282
0.01,39,1000,31622,11.285013946106304
0.01,40,1000,31622,10.722535802573583
0.01,41,1000,31622,11.019250028465814
0.01,42,1000,31622,10.274105282750321
0.01,43,1000,31622,11.400557723404793
0.01,44,1000,31622,11.31691118456214
0.01,45,1000,31622,11.567488740179542
0.01,46,1000,31622,10.944821332710113
0.01,47,1000,31622,11.542044853548552
0.01,48,1000,31622,11.102894193206295
0.01,49,1000,31622,11.317575712304158
0.01,50,1000,31622,11.197374243072096
0.01,51,1000,31622,11.256615553805569
0.01,52,1000,31622,11.670823908969796
0.01,53,1000,31622,11.879089163907434
0.01,54,1000,31622,10.938832133654305
0.01,55,1000,31622,11.61376984083792
0.01,56,1000,31622,11.354980769240756
0.01,57,1000,31622,11.214781789973658
0.01,58,1000,31622,10.783913079818596
0.01,59,1000,31622,11.03792656685266
0.01,60,1000,31622,11.84845579343119
0.01,61,1000,31622,11.406825371791962
0.01,62,1000,31622,11.37639628562677
0.01,63,1000,31622,10.957836680059847
0.01,64,1000,31622,11.140169346658165
0.01,65,1000,31622,11.356072443826088
0.01,66,1000,31622,11.537867151871664
0.01,67,1000,31622,10.91134988708905
0.01,68,1000,31622,11.114733900635565
0.01,69,1000,31622,11.109972910036022
0.01,70,1000,31622,11.605078962445901
0.01,71,1000,31622,11.213176818276423
0.01,72,1000,31622,11.132858909446776
0.01,73,1000,31622,11.16184608512539
0.01,74,1000,31622,11.13120154463839
0.01,75,1000,31622,11.587995989460312
0.01,76,1000,31622,11.403163651719838
0.01,77,1000,31622,11.378814743008613
0.01,78,1000,31622,11.654836133930079
0.01,79,1000,31622,11.079830568322155
0.01,80,1000,31622,11.376640554174294
0.01,81,1000,31622,11.212338850566088
0.01,82,1000,31622,11.337463788494908
0.01,83,1000,31622,10.875993359050169
0.01,84,1000,31622,11.305872839497868
0.01,85,1000,31622,11.349673699915842
0.01,86,1000,31622,11.223610535043615
0.01,87,1000,31622,11.754649683282977
0.01,88,1000,31622,11.391248092933504
0.01,89,1000,31622,11.068890023205169
0.01,90,1000,31622,10.970738300305825
0.01,91,1000,31622,11.206647147278229
0.01,92,1000,31622,11.22284955650906
0.01,93,1000,31622,10.97926545795236
0.01,94,1000,31622,11.267548221417258
0.01,95,1000,31622,10.771385683227694
0.01,96,1000,31622,11.56799878566408
0.01,97,1000,31622,11.574530672324078
0.01,98,1000,31622,10.805603751528725
0.01,99,1000,31622,11.238088592524022
0.01,100,1000,31622,11.490213146490078
0.01,0,1000,1000000,10.55440036852597
0.01,1,1000,1000000,10.64425791837906
0.01,2,1000,1000000,10.533480342209955
0.01,3,1000,1000000,19.434019813517548
0.01,4,1000,1000000,10.905760305003996
0.01,5,1000,1000000,10.324603475246496
0.01,6,1000,1000000,10.963320586136764
0.01,7,1000,1000000,10.509695661790502
0.01,8,1000,1000000,9.928606752822972
0.01,9,1000,1000000,10.893472011174909
0.01,10,1000,1000000,inf
0.01,11,1000,1000000,10.524313294655581
0.01,12,1000,1000000,10.697586808174165
0.01,13,1000,1000000,11.10365019604617
0.01,14,1000,1000000,11.006729287975542
0.01,15,1000,1000000,inf
0.01,16,1000,1000000,inf
0.01,17,1000,1000000,inf
0.01,18,1000,1000000,11.004131005599273
0.01,19,1000,1000000,11.260419844284272
0.01,20,1000,1000000,10.566472713938285
0.01,21,1000,1000000,inf
0.01,22,1000,1000000,inf
0.01,23,1000,1000000,10.368314042944803
0.01,24,1000,1000000,11.076838775831538
0.01,25,1000,1000000,11.041850612191565
0.01,26,1000,1000000,10.2546038204322
0.01,27,1000,1000000,10.592835846715952
0.01,28,1000,1000000,10.335565350711159
0.01,29,1000,1000000,11.096625799763496
0.01,30,1000,1000000,9.638335062304234
0.01,31,1000,1000000,19.396861259669446
0.01,32,1000,1000000,11.46832476773264
0.01,33,1000,1000000,10.877714688078042
0.01,34,1000,1000000,10.489558436016322
0.01,35,1000,1000000,11.165735075952954
0.01,36,1000,1000000,19.507349531118894
0.01,37,1000,1000000,11.219180796066517
0.01,38,1000,1000000,19.29746263207974
0.01,39,1000,1000000,10.543048359580784
0.01,40,1000,1000000,11.343178322509928
0.01,41,1000,1000000,10.743212886447145
0.01,42,1000,1000000,11.019910379709144
0.01,43,1000,1000000,11.204462832385117
0.01,44,1000,1000000,10.550312398835596
0.01,45,1000,1000000,10.766223461160688
0.01,46,1000,1000000,10.066917758028985
0.01,47,1000,1000000,10.720514204387403
0.01,48,1000,1000000,11.039891504283544
0.01,49,1000,1000000,inf
0.01,50,1000,1000000,10.1684190440463
0.01,51,1000,1000000,10.870199770510451
0.01,52,1000,1000000,9.765595087569164
0.01,53,1000,1000000,10.940791115126808
0.01,54,1000,1000000,10.26272899312092
0.01,55,1000,1000000,inf
0.01,56,1000,1000000,10.416340036338577
0.01,57,1000,1000000,9.870694180999852
0.01,58,1000,1000000,10.805802235210885
0.01,59,1000,1000000,11.06879879816642
0.01,60,1000,1000000,10.709641832759305
0.01,61,1000,1000000,inf
0.01,62,1000,1000000,11.045626021022906
0.01,63,1000,1000000,10.937266350637714
0.01,64,1000,1000000,10.630349538693284
0.01,65,1000,1000000,10.911834490084908
0.01,66,1000,1000000,10.79579904043632
0.01,67,1000,1000000,9.866176208495633
0.01,68,1000,1000000,10.874637642020911
0.01,69,1000,1000000,10.459721860640315
0.01,70,1000,1000000,inf
0.01,71,1000,1000000,11.466424864860167
0.01,72,1000,1000000,inf
0.01,73,1000,1000000,10.388286772101639
0.01,74,1000,1000000,11.005460578579434
0.01,75,1000,1000000,11.26622334672627
0.01,76,1000,1000000,inf
0.01,77,1000,1000000,10.207634054802732
0.01,78,1000,1000000,11.350479210992097
0.01,79,1000,1000000,10.931920186504795
0.01,80,1000,1000000,10.354727350282975
0.01,81,1000,1000000,10.88537000481056
0.01,82,1000,1000000,10.36962372276997
0.01,83,1000,1000000,inf
0.01,84,1000,1000000,10.113195687353429
0.01,85,1000,1000000,10.750207370406653
0.01,86,1000,1000000,10.35770938552346
0.01,87,1000,1000000,10.432200176173035
0.01,88,1000,1000000,19.188245402955303
0.01,89,1000,1000000,10.727404026606171
0.01,90,1000,1000000,19.517710868062697
0.01,91,1000,1000000,inf
0.01,92,1000,1000000,11.065687208500941
0.01,93,1000,1000000,19.374054287380712
0.01,94,1000,1000000,10.704144759710891
0.01,95,1000,1000000,19.38258112373687
0.01,96,1000,1000000,11.108334292081846
0.01,97,1000,1000000,11.296779701080716
0.01,98,1000,1000000,10.6316658198961
0.01,99,1000,1000000,19.527701465320128
0.01,100,1000,1000000,inf
0.99,0,1000,1000,0.32314586381508054
0.99,1,1000,1000,0.7315011368427216
0.99,2,1000,1000,0.10788943834991638
0.99,3,1000,1000,0.2845821713688498
0.99,4,1000,1000,0.4539911116599836
0.99,5,1000,1000,0.5840455437153981
0.99,6,1000,1000,0.2722899810697634
0.99,7,1000,1000,0.3280020092170321
0.99,8,1000,1000,0.10522210481024268
0.99,9,1000,1000,0.45824951646392154
0.99,10,1000,1000,0.3276407572588475
0.99,11,1000,1000,0.2015926759934644
0.99,12,1000,1000,0.46946190291780976
0.99,13,1000,1000,0.13601463924856097
0.99,14,1000,1000,0.33196684281583544
0.99,15,1000,1000,0.37308260867423554
0.99,16,1000,1000,0.8819152281460424
0.99,17,1000,1000,0.44532677643237917
0.99,18,1000,1000,0.08699566719770001
0.99,19,1000,1000,0.11682223594668695
0.99,20,1000,1000,0.47805921595724205
0.99,21,1000,1000,0.2678871859898227
0.99,22,1000,1000,0.20902226283920264
0.99,23,1000,1000,0.3964563847497906
0.99,24,1000,1000,0.1300043912998979
0.99,25,1000,1000,0.21547148201814598
0.99,26,1000,1000,0.003024795610206361
0.99,27,1000,1000,0.4256805878402396
0.99,28,1000,1000,0.25772764957585764
0.99,29,1000,1000,0.877617007990089
0.99,30,1000,1000,0.15819027523374019
0.99,31,1000,1000,0.15243132942060592
0.99,32,1000,1000,0.3153429577659026
0.99,33,1000,1000,0.5078859548182111
0.99,34,1000,1000,0.21445640358954546
0.99,35,1000,1000,0.23160012435638405
0.99,36,1000,1000,0.3757592547432069
0.99,37,1000,1000,0.38440133843852414
0.99,38,1000,1000,0.09872584893665677
0.99,39,1000,1000,0.11817350281252585
0.99,40,1000,1000,0.12530850079617853
0.99,41,1000,1000,0.20914288945849527
0.99,42,1000,1000,0.19964547996026338
0.99,43,1000,1000,0.2595289294331863
0.99,44,1000,1000,0.1418203069958957
0.99,45,1000,1000,0.432933581644886
0.99,46,1000,1000,0.053249722231185875
0.99,47,1000,1000,0.20424978362664767
0.99,48,1000,1000,0.2630975347352203
0.99,49,1000,1000,0.9789502067462295
0.99,50,1000,1000,0.14921006582698457
0.99,51,1000,1000,0.21183636393176505
0.99,52,1000,1000,0.16014187311144648
0.99,53,1000,1000,0.03135514207424005
0.99,54,1000,1000,1.0063686861626264
0.99,55,1000,1000,0.3641248684873062
0.99,56,1000,1000,0.3152832604845542
0.99,57,1000,1000,0.32447690974819154
0.99,58,1000,1000,0.308837436179049
0.99,59,1000,1000,0.11241935097406858
0.99,60,1000,1000,0.7760326594074941
0.99,61,1000,1000,0.4198705804025318
0.99,62,1000,1000,0.08009642359051873
0.99,63,1000,1000,0.0419897242350704
0.99,64,1000,1000,0.16477780068348533
0.99,65,1000,1000,0.5725345880705208
0.99,66,1000,1000,0.11262685101767728
0.99,67,1000,1000,0.2772858415673187
0.99,68,1000,1000,0.27957087066574365
0.99,69,1000,1000,0.5471876608050161
0.99,70,1000,1000,0.12837962968214542
0.99,71,1000,1000,0.07014189242320373
0.99,72,1000,1000,0.07365634224605216
0.99,73,1000,1000,0.6166718048204832
0.99,74,1000,1000,0.11812414009496967
0.99,75,1000,1000,0.3597336616281806
0.99,76,1000,1000,0.1299679015413826
0.99,77,1000,1000,0.21019533673113006
0.99,78,1000,1000,0.3415498023833635
0.99,79,1000,1000,0.14361133567260384
0.99,80,1000,1000,1.1245630786258871
0.99,81,1000,1000,0.1365892582440379
0.99,82,1000,1000,0.20782245532890137
0.99,83,1000,1000,0.6481389005362278
0.99,84,1000,1000,0.014815015656405393
0.99,85,1000,1000,0.8397855181770966
0.99,86,1000,1000,0.31287341078415976
0.99,87,1000,1000,0.3430861736968025
0.99,88,1000,1000,0.29942385401684074
0.99,89,1000,1000,0.3685914480791437
0.99,90,1000,1000,0.10947406651028266
0.99,91,1000,1000,0.0732267234724674
0.99,92,1000,1000,0.363046459296528
0.99,93,1000,1000,0.2043224744827655
0.99,94,1000,1000,0.1515892550413223
0.99,95,1000,1000,0.3630434839328826
0.99,96,1000,1000,-0.005678444740354039
0.99,97,1000,1000,0.2526719313976939
0.99,98,1000,1000,0.21134253943670844
0.99,99,1000,1000,0.6946278208862642
0.99,100,1000,1000,0.10979512610768
0.99,0,1000,6907,0.12002644534557845
0.99,1,1000,6907,0.034832229725623914
0.99,2,1000,6907,0.14764814618913244
0.99,3,1000,6907,0.009901098987639674
0.99,4,1000,6907,0.06957503999153113
0.99,5,1000,6907,0.11522817444685496
0.99,6,1000,6907,0.11152048375696276
0.99,7,1000,6907,0.17789433546940206
0.99,8,1000,6907,0.0002630521638866391
0.99,9,1000,6907,-0.011776916781329902
0.99,10,1000,6907,0.04029986501118846
0.99,11,1000,6907,0.07998864909217784
0.99,12,1000,6907,0.09158284184862188
0.99,13,1000,6907,-0.007648093616053559
0.99,14,1000,6907,0.18979134423933514
0.99,15,1000,6907,0.06080748576760257
0.99,16,1000,6907,0.025241428667554796
0.99,17,1000,6907,0.03114755352603662
0.99,18,1000,6907,0.02941145834472816
0.99,19,1000,6907,0.11749872990321977
0.99,20,1000,6907,0.08091524103099204
0.99,21,1000,6907,0.0163439884937317
0.99,22,1000,6907,0.0183958272902601
0.99,23,1000,6907,0.07989463522988419
0.99,24,1000,6907,0.1429657533970088
0.99,25,1000,6907,-0.009520967022015573
0.99,26,1000,6907,0.13044484493804656
0.99,27,1000,6907,0.18828204708221374
0.99,28,1000,6907,0.0505225555970257
0.99,29,1000,6907,0.027319237839616532
0.99,30,1000,6907,0.050570314868833524
0.99,31,1000,6907,0.11433373885750557
0.99,32,1000,6907,0.008938709384417159
0.99,33,1000,6907,0.031132664327209587
0.99,34,1000,6907,-0.06672341661113183
0.99,35,1000,6907,0.05523989491282767
0.99,36,1000,6907,0.13999023032402527
0.99,37,1000,6907,0.03239237797400826
0.99,38,1000,6907,0.05739436504798605
0.99,39,1000,6907,0.15152988816267965
0.99,40,1000,6907,0.13014173617244612
0.99,41,1000,6907,0.02947030212162938
0.99,42,1000,6907,0.023178386770211182
0.99,43,1000,6907,0.005054456063358621
0.99,44,1000,6907,0.16341765055129598
0.99,45,1000,6907,0.036776359434059894
0.99,46,1000,6907,0.13083163591509347
0.99,47,1000,6907,0.037583142459281335
0.99,48,1000,6907,0.05029020310539861
0.99,49,1000,6907,0.1454985445330025
0.99,50,1000,6907,0.13681117300171008
0.99,51,1000,6907,-0.008505390875245798
0.99,52,1000,6907,0.1132255741337854
0.99,53,1000,6907,-0.040282378233765195
0.99,54,1000,6907,0.16976886660916793
0.99,55,1000,6907,0.08372700287687058
0.99,56,1000,6907,0.038211579699868034
0.99,57,1000,6907,0.09557442170828541
0.99,58,1000,6907,0.14359502197974722
0.99,59,1000,6907,0.056556117734483075
0.99,60,1000,6907,0.015503539938251546
0.99,61,1000,6907,0.018429843687983307
0.99,62,1000,6907,0.010997029526788603
0.99,63,1000,6907,0.16272330892389247
0.99,64,1000,6907,0.08966707798252668
0.99,65,1000,6907,0.08725496574299862
0.99,66,1000,6907,-0.03573924201207215
0.99,67,1000,6907,-0.006909613943319151
0.99,68,1000,6907,0.11517088059304197
0.99,69,1000,6907,0.04364705209352096
0.99,70,1000,6907,0.09718963726289953
0.99,71,1000,6907,0.05492036504895724
0.99,72,1000,6907,0.05752189537403116
0.99,73,1000,6907,0.11270541037536158
0.99,74,1000,6907,0.1768091371471334
0.99,75,1000,6907,0.06996381050187132
0.99,76,1000,6907,0.02822311145194226
0.99,77,1000,6907,0.044887094519745235
0.99,78,1000,6907,0.12329194122331956
0.99,79,1000,6907,-0.05656938278607877
0.99,80,1000,6907,0.0807242837772491
0.99,81,1000,6907,0.09983657908748243
0.99,82,1000,6907,-0.0778318438997064
0.99,83,1000,6907,0.08737950068299864
0.99,84,1000,6907,0.061763826080416334
0.99,85,1000,6907,0.0497866342404297
0.99,86,1000,6907,0.07932684703906728
0.99,87,1000,6907,0.07599682410539245
0.99,88,1000,6907,-0.004483059190173263
0.99,89,1000,6907,0.04522847736654985
0.99,90,1000,6907,0.0461259416789493
0.99,91,1000,6907,0.17063823822321908
0.99,92,1000,6907,0.09976361960234124
0.99,93,1000,6907,0.10072842863338159
0.99,94,1000,6907,-0.02850092393428636
0.99,95,1000,6907,0.14381582596405953
0.99,96,1000,6907,0.2648976120728328
0.99,97,1000,6907,0.11426294519215854
0.99,98,1000,6907,0.03220015518945481
0.99,99,1000,6907,0.13084608216573432
0.99,100,1000,6907,0.12321631382539087
0.99,0,1000,31622,0.0339507870777698
0.99,1,1000,31622,0.04208888841059209
0.99,2,1000,31622,0.03316889580857868
0.99,3,1000,31622,-0.04586072978016155
0.99,4,1000,31622,0.18222433644238398
0.99,5,1000,31622,0.0253306359673189
0.99,6,1000,31622,-0.005906325040377706
0.99,7,1000,31622,-0.012504091324126854
0.99,8,1000,31622,0.015175797420469997
0.99,9,1000,31622,0.11080718078445043
0.99,10,1000,31622,-0.041468955101584104
0.99,11,1000,31622,0.10358538121504492
0.99,12,1000,31622,0.04769468276113212
0.99,13,1000,31622,0.05563113132386183
0.99,14,1000,31622,0.13945850481049324
0.99,15,1000,31622,0.062362834916412466
0.99,16,1000,31622,0.08870078602682807
0.99,17,1000,31622,-0.017332860995638993
0.99,18,1000,31622,0.11938841517088826
0.99,19,1000,31622,22.02422719611324
0.99,20,1000,31622,0.060117153112110064
0.99,21,1000,31622,0.042233912995582434
0.99,22,1000,31622,0.12607291514668603
0.99,23,1000,31622,0.17971823122094754
0.99,24,1000,31622,0.15799742353750698
0.99,25,1000,31622,-0.004948940822756939
0.99,26,1000,31622,0.06258587981611233
0.99,27,1000,31622,0.027235090429062466
0.99,28,1000,31622,0.023399644316594963
0.99,29,1000,31622,0.08913719037733207
0.99,30,1000,31622,0.050787230131479136
0.99,31,1000,31622,0.005913266793344224
0.99,32,1000,31622,0.07932588096226229
0.99,33,1000,31622,0.026253861561150508
0.99,34,1000,31622,-0.0685480120519978
0.99,35,1000,31622,0.11325788940927024
0.99,36,1000,31622,0.0962565503522672
0.99,37,1000,31622,0.12537084944661328
0.99,38,1000,31622,0.08354535845908338
0.99,39,1000,31622,-0.05449748459584358
0.99,40,1000,31622,0.04969369211255112
0.99,41,1000,31622,0.041321948164199665
0.99,42,1000,31622,0.010160592005723536
0.99,43,1000,31622,0.07393979383715597
0.99,44,1000,31622,0.024927269277130737
0.99,45,1000,31622,0.02967932123663649
0.99,46,1000,31622,0.12584024413883416
0.99,47,1000,31622,0.07083298701506395
0.99,48,1000,31622,0.09145553559173653
0.99,49,1000,31622,-0.034450871134380584
0.99,50,1000,31622,0.04295878860329359
0.99,51,1000,31622,0.0708370066359242
0.99,52,1000,31622,0.05547782088648892
0.99,53,1000,31622,0.12543105168578997
0.99,54,1000,31622,0.012606947867230538
0.99,55,1000,31622,0.06763432824132148
0.99,56,1000,31622,0.005603127992261398
0.99,57,1000,31622,-0.04455191459786824
0.99,58,1000,31622,0.11504718879467879
0.99,59,1000,31622,0.15875067985997182
0.99,60,1000,31622,-0.022435273369358865
0.99,61,1000,31622,0.09688922237446375
0.99,62,1000,31622,0.049330547923417345
0.99,63,1000,31622,0.1486182273912229
0.99,64,1000,31622,0.002247030537350035
0.99,65,1000,31622,0.06334861885285772
0.99,66,1000,31622,0.0060010188304310255
0.99,67,1000,31622,0.11862624368643376
0.99,68,1000,31622,0.09703655353483835
0.99,69,1000,31622,0.05249471286977318
0.99,70,1000,31622,0.05628117424371008
0.99,71,1000,31622,0.014031330648779844
0.99,72,1000,31622,0.02023521728787817
0.99,73,1000,31622,-0.03419333601866424
0.99,74,1000,31622,0.04367752561486686
0.99,75,1000,31622,0.07239209232512508
0.99,76,1000,31622,0.014729699743223605
0.99,77,1000,31622,0.08772399630820357
0.99,78,1000,31622,0.04718185922007577
0.99,79,1000,31622,-0.04111033336964828
0.99,80,1000,31622,0.025978733422672626
0.99,81,1000,31622,-0.0025667448738475973
0.99,82,1000,31622,0.06735232705678841
0.99,83,1000,31622,0.022400321009026107
0.99,84,1000,31622,0.020525067401613598
0.99,85,1000,31622,-0.007737523680256349
0.99,86,1000,31622,0.011042503965971109
0.99,87,1000,31622,0.026848417019784857
0.99,88,1000,31622,0.0681657227267977
0.99,89,1000,31622,0.1011383566481993
0.99,90,1000,31622,0.08942663194316133
0.99,91,1000,31622,-0.04331285959720316
0.99,92,1000,31622,0.12673868348729087
0.99,93,1000,31622,0.1178481167480278
0.99,94,1000,31622,0.0013209418819160592
0.99,95,1000,31622,0.15130481094218207
0.99,96,1000,31622,0.0805407058167503
0.99,97,1000,31622,-0.0031268843922507127
0.99,98,1000,31622,0.0810678373426073
0.99,99,1000,31622,0.10405766518979226
0.99,100,1000,31622,0.10625551709877935
0.99,0,1000,1000000,0.008409343685142349
0.99,1,1000,1000000,0.028862460331918093
0.99,2,1000,1000000,0.04514845936670302
0.99,3,1000,1000000,inf
0.99,4,1000,1000000,-0.041258889048776975
0.99,5,1000,1000000,-0.005095929185707613
0.99,6,1000,1000000,0.00808851796895111
0.99,7,1000,1000000,0.04342722301474433
0.99,8,1000,1000000,-0.004219614641222457
0.99,9,1000,1000000,0.01891106841311991
0.99,10,1000,1000000,21.90706347330353
0.99,11,1000,1000000,-0.03495460401898601
0.99,12,1000,1000000,0.030739292378048667
0.99,13,1000,1000000,0.09962470803031409
0.99,14,1000,1000000,0.09664546160283731
0.99,15,1000,1000000,22.287989630949514
0.99,16,1000,1000000,inf
0.99,17,1000,1000000,22.11817235535949
0.99,18,1000,1000000,-4.068255816891257e-05
0.99,19,1000,1000000,0.04016273403985676
0.99,20,1000,1000000,0.06496682707794661
0.99,21,1000,1000000,inf
0.99,22,1000,1000000,inf
0.99,23,1000,1000000,0.011211180705822091
0.99,24,1000,1000000,0.018559080402408907
0.99,25,1000,1000000,0.03907613499042127
0.99,26,1000,1000000,0.03435758468232471
0.99,27,1000,1000000,0.05539552861094403
0.99,28,1000,1000000,0.07447492081791345
0.99,29,1000,1000000,0.034709954997810835
0.99,30,1000,1000000,-0.04499985457225049
0.99,31,1000,1000000,20.507501959436347
0.99,32,1000,1000000,0.015880427458054857
0.99,33,1000,1000000,-0.007131770296943606
0.99,34,1000,1000000,-0.007361527228106866
0.99,35,1000,1000000,0.06782513856373848
0.99,36,1000,1000000,inf
0.99,37,1000,1000000,0.04165111144718077
0.99,38,1000,1000000,20.56787139420513
0.99,39,1000,1000000,0.05016089475415701
0.99,40,1000,1000000,-0.003873656591486711
0.99,41,1000,1000000,0.04147365565104458
0.99,42,1000,1000000,0.05099885625558065
0.99,43,1000,1000000,-0.022674349125549
0.99,44,1000,1000000,0.08363242741106865
0.99,45,1000,1000000,-0.06273782265813942
0.99,46,1000,1000000,0.025038736121046443
0.99,47,1000,1000000,0.057383484197988555
0.99,48,1000,1000000,-0.04563801719824451
0.99,49,1000,1000000,inf
0.99,50,1000,1000000,-0.013028137412449405
0.99,51,1000,1000000,0.0320905273179318
0.99,52,1000,1000000,-0.05398030618580048
0.99,53,1000,1000000,0.01429704967543918
0.99,54,1000,1000000,0.1106514370804558
0.99,55,1000,1000000,21.978087622246385
0.99,56,1000,1000000,-0.01269318319009549
0.99,57,1000,1000000,-0.06687259358925535
0.99,58,1000,1000000,0.14831172827091316
0.99,59,1000,1000000,-0.005574886566207575
0.99,60,1000,1000000,0.0407291122984956
0.99,61,1000,1000000,inf
0.99,62,1000,1000000,-0.0076109514982807235
0.99,63,1000,1000000,-0.011507863548089664
0.99,64,1000,1000000,0.04182764573676208
0.99,65,1000,1000000,0.009023990802719943
0.99,66,1000,1000000,0.006533109878343829
0.99,67,1000,1000000,0.07596875794830374
0.99,68,1000,1000000,-0.11448453493013923
0.99,69,1000,1000000,0.005029250602282221
0.99,70,1000,1000000,inf
0.99,71,1000,1000000,-0.1014940063857326
0.99,72,1000,1000000,inf
0.99,73,1000,1000000,-0.024152142771644496
0.99,74,1000,1000000,0.047709871438131005
0.99,75,1000,1000000,0.12375108089705626
0.99,76,1000,1000000,22.111221206680437
0.99,77,1000,1000000,0.06540110585239864
0.99,78,1000,1000000,-0.03377727737813245
0.99,79,1000,1000000,-0.039031015874859715
0.99,80,1000,1000000,0.055085397310657466
0.99,81,1000,1000000,0.08463218729431157
0.99,82,1000,1000000,0.00837649209072742
0.99,83,1000,1000000,20.746251966108215
0.99,84,1000,1000000,0.045522373471733824
0.99,85,1000,1000000,0.017103108254146123
0.99,86,1000,1000000,-0.013659970544963797
0.99,87,1000,1000000,-0.02802904426407221
0.99,88,1000,1000000,inf
0.99,89,1000,1000000,-0.08685926935346444
0.99,90,1000,1000000,inf
0.99,91,1000,1000000,inf
0.99,92,1000,1000000,0.05451698579046198
0.99,93,1000,1000000,20.462509057630953
0.99,94,1000,1000000,-0.02730729678511398
0.99,95,1000,1000000,inf
0.99,96,1000,1000000,0.013034023111621856
0.99,97,1000,1000000,0.04065364358514027
0.99,98,1000,1000000,0.0537959140092186
0.99,99,1000,1000000,20.67131190420724
0.99,100,1000,1000000,inf
