method,n,N,N_label,param,seed_count,replicate_count_total,seed_mean_bias_mean,seed_mean_bias_sd,seed_mean_abs_bias_mean,seed_mean_bias_rmse,replicate_mean_abs_bias_mean,seed_mean_bias_q05,seed_mean_bias_q25,seed_mean_bias_median,seed_mean_bias_q75,seed_mean_bias_q95
flow_npe,100,100,N=n,A,101,10100,0.27522302412750693,0.5902380436094017,0.4121549027272971,0.6485979839744234,0.42648402971796473,-0.35039801836013795,-0.10000494241714478,0.11260258913040161,0.3867371702194214,1.517779631614685
flow_npe,100,100,N=n,B,101,10100,2.931828733245925,0.741045583332296,2.931828733245925,3.0231326737742026,2.931828733245925,1.532081024646759,2.496359899044037,2.99449245929718,3.3768912982940673,4.134035992622375
flow_npe,100,100,N=n,g,101,10100,2.984971148094328,0.555708780241773,2.984971148094328,3.035754841283982,2.984971148094328,2.2004039764404295,2.640385847091675,2.9747975492477416,3.307211594581604,3.971026062965393
flow_npe,100,100,N=n,k,101,10100,3.456627686849915,0.5268089431087345,3.456627686849915,3.496148570841596,3.456627686849915,2.667198374271393,3.0969564175605773,3.450684356689453,3.7829901695251467,4.401226353645325
flow_npe,100,460,N=n log(n),A,101,10100,0.01347897470587551,0.21695331916042493,0.11140992346376473,0.21629701407660146,0.1528380488169075,-0.16478775024414063,-0.0915821623802185,-0.005211572647094726,0.07676192998886108,0.1744221878051758
flow_npe,100,460,N=n log(n),B,101,10100,1.7897829597185153,0.6036508841447485,1.7897829597185153,1.8878849455357936,1.7897829597185153,0.9216857349872589,1.3873217153549193,1.6696928119659424,2.191663203239441,2.8036983251571654
flow_npe,100,460,N=n log(n),g,101,10100,3.3345482684598107,0.3006688004881832,3.3345482684598107,3.3479424749636237,3.3345482684598107,2.777431011199951,3.0949176263809206,3.333970756530762,3.5176838207244874,3.8614453983306887
flow_npe,100,460,N=n log(n),k,101,10100,2.924890783258004,0.37103338379187945,2.924890783258004,2.948099190738201,2.924890783258004,2.2935183477401733,2.7213756537437437,2.888501145839691,3.102347741127014,3.5359222078323365
flow_npe,100,1000,N=n^(3/2),A,101,10100,0.05800358725066231,0.2101982292238818,0.08362734586885659,0.21704896528394665,0.1366134319210997,-0.06936584234237671,-0.004547178745269775,0.03085040092468262,0.07757964372634887,0.2002423882484436
flow_npe,100,1000,N=n^(3/2),B,101,10100,0.9920405032375069,0.40772440485210953,0.9920405032375069,1.0717917791242788,0.9920879370859352,0.43939297914505004,0.7342464518547058,0.8997965025901794,1.2329012095928191,1.6327482914924623
flow_npe,100,1000,N=n^(3/2),g,101,10100,3.4331562812257523,0.342577490442505,3.4331562812257523,3.4500375961204353,3.4331562812257523,2.8736258697509767,3.299910068511963,3.4462070655822754,3.6108904218673707,4.002195129394531
flow_npe,100,1000,N=n^(3/2),k,101,10100,2.7392654555622893,0.30410718129036984,2.7392654555622893,2.755928293429344,2.7392654555622893,2.242563552856445,2.5308279466629027,2.7652539253234862,2.9384601593017576,3.180941939353943
flow_npe,100,10000,N=n^2,A,101,10100,0.04150764781649749,0.19917129876348158,0.048795507685972905,0.2024829046118768,0.12064149247537746,-0.026961925029754637,0.006121978759765625,0.021348998546600342,0.04229368209838867,0.07845673561096192
flow_npe,100,10000,N=n^2,B,101,10100,0.23514746340784695,0.4669980262056567,0.2361973368826479,0.5207899838227446,0.3348200647134592,0.029832550287246705,0.11706049561500549,0.18124291956424712,0.27401449143886564,0.3564695072174072
flow_npe,100,10000,N=n^2,g,101,10100,2.671015002998975,0.3834546573013602,2.671015002998975,2.6981295009460573,2.6710310450992965,1.9914125251770018,2.4325189089775083,2.6905872988700867,2.9457789039611817,3.222087016105652
flow_npe,100,10000,N=n^2,k,101,10100,1.7030309148118046,0.3702961469764718,1.7030309148118046,1.7424339060830178,1.7030309148118046,1.1096095108985902,1.4460599935054779,1.66951864361763,1.9487067544460297,2.3822646951675415
flow_npe,500,500,N=n,A,101,10100,-0.056793575900616025,0.24431319329219517,0.11789748432612657,0.2496466845598537,0.12642047395800599,-0.21894803047180175,-0.13005289554595947,-0.07822914123535156,-0.015543162822723389,0.07977907657623291
flow_npe,500,500,N=n,B,101,10100,0.2095392023985929,0.3801378408309181,0.27109263786585025,0.4324126674796663,0.274824692961013,-0.14806311428546906,-0.02371225118637085,0.1334916126728058,0.30668841004371644,0.7354818606376647
flow_npe,500,500,N=n,g,101,10100,3.03529261168867,0.4257136698818107,3.03529261168867,3.0647086304873987,3.03529261168867,2.2732974910736083,2.7748372554779053,3.009641795158386,3.288402752876282,3.7618077564239503
flow_npe,500,500,N=n,k,101,10100,2.805471961569079,0.43452094053169216,2.805471961569079,2.838593310838823,2.805471961569079,2.1040935420989992,2.5281159591674807,2.7576550436019898,3.0845684814453125,3.600412440299988
flow_npe,500,3107,N=n log(n),A,101,10100,-0.004488742516772583,0.194341971645843,0.048507918792195834,0.19342957948174452,0.06886072815054714,-0.06214250564575195,-0.04151416778564453,-0.02582888126373291,-0.00816065788269043,0.026603775024414064
flow_npe,500,3107,N=n log(n),B,101,10100,-0.12188900084188667,0.2212993830618507,0.16601357917384346,0.2516852402377151,0.18507645305430537,-0.2828568577766418,-0.19797390341758728,-0.14537457168102264,-0.07921490907669067,0.033839284777641296
flow_npe,500,3107,N=n log(n),g,101,10100,2.1240944680719087,0.49862606069481413,2.1240944680719087,2.18127109613689,2.1241929915281803,1.325189986228943,1.8373088455200195,2.151195583343506,2.4176757740974426,2.9384478235244753
flow_npe,500,3107,N=n log(n),k,101,10100,1.6682829807477426,0.43698804211366715,1.6682829807477426,1.7240173937928902,1.6682829807477426,1.0594140779972077,1.3746793246269227,1.623389321565628,1.9200289845466614,2.573705582618713
flow_npe,500,11180,N=n^(3/2),A,101,10100,0.007965757799620676,0.19552173686415017,0.035657335389958744,0.19471440730604392,0.06570503737666819,-0.04057634830474854,-0.02470839977264404,-0.00982748031616211,0.0010834431648254394,0.01589844226837158
flow_npe,500,11180,N=n^(3/2),B,101,10100,0.008966226937747243,0.33381080471928437,0.08239951811804629,0.33227516109138727,0.14561635288271574,-0.12247436344623566,-0.06279460787773132,-0.0252722430229187,0.017011885046958924,0.06683603405952454
flow_npe,500,11180,N=n^(3/2),g,101,10100,1.0802733073022104,0.42974221250972505,1.0802733073022104,1.161826273148156,1.1046464054537293,0.5317201125621795,0.7792659795284271,1.0218857026100159,1.393851499557495,1.7591172432899476
flow_npe,500,11180,N=n^(3/2),k,101,10100,0.6882223108056749,0.23843535252126372,0.6882223108056749,0.7279687363496622,0.6885423664733914,0.31088543713092803,0.5270187944173813,0.7062832355499268,0.8587202543020248,1.0585372352600098
flow_npe,500,250000,N=n^2,A,101,10100,0.012477399547501369,0.19918699868244516,0.029879222789613327,0.19859083463885616,0.06307687700384915,-0.023547351360321045,-0.013889658451080322,-0.0071534085273742675,-6.538867950439453e-05,0.01104090452194214
flow_npe,500,250000,N=n^2,B,101,10100,0.03975638626235545,0.420998318864721,0.061676220793535214,0.42079128717739067,0.13664810054963178,-0.04242404341697693,-0.01706522822380066,-0.00334178626537323,0.012761688232421875,0.047715439200401305
flow_npe,500,250000,N=n^2,g,101,10100,0.24746199227795737,0.2534941253586314,0.2630930744539393,0.35335602273304745,0.3821174152062671,-0.07570890307426453,0.12607983112335205,0.22643189668655395,0.35714253067970275,0.5315750205516815
flow_npe,500,250000,N=n^2,k,101,10100,0.12983487883416736,0.1420476066930434,0.13451606227619814,0.19192404976433738,0.20569506528353926,-0.013396961987018586,0.05477888196706772,0.11560608416795731,0.1804674255847931,0.2578104415535927
flow_npe,1000,1000,N=n,A,101,10100,-0.028447809691476353,0.2090235212687989,0.07219622050181472,0.20992267104914802,0.078522575586149,-0.10837014198303223,-0.07497551679611206,-0.042337734699249265,-0.02411153316497803,0.016098756790161133
flow_npe,1000,1000,N=n,B,101,10100,-0.16089103139273006,0.12226466894468596,0.1798400748720263,0.2017091143858724,0.18146366454587123,-0.31344439566135407,-0.2441711086034775,-0.17837977290153503,-0.10385419130325317,0.0259986686706543
flow_npe,1000,1000,N=n,g,101,10100,2.5685779076283524,0.4659830501269378,2.5685779076283524,2.6100924825687675,2.5685779076283524,1.7562906670570373,2.2478728008270266,2.6278278732299807,2.912372179031372,3.2946683168411255
flow_npe,1000,1000,N=n,k,101,10100,2.4611108515758326,0.39811918906173255,2.4611108515758326,2.4927888431465224,2.4611108515758326,1.8731318402290345,2.191910772323608,2.404121356010437,2.6854420256614686,3.174778888225555
flow_npe,1000,6907,N=n log(n),A,101,10100,0.004013432842670101,0.2008533553066458,0.038222341584687174,0.19989685225668472,0.055341321831882596,-0.046815919876098636,-0.026988670825958253,-0.01338843822479248,-0.005014214515686035,0.011934659481048583
flow_npe,1000,6907,N=n log(n),B,101,10100,-0.047733423757080985,0.31455493083191083,0.11307830946280224,0.31661274883433344,0.1377927841526447,-0.18388543844223024,-0.11605051457881928,-0.0765857982635498,-0.034227234721183775,0.021561787128448487
flow_npe,1000,6907,N=n log(n),g,101,10100,0.9318673088644991,0.4018703359572348,0.935434108099135,1.0140401573209286,0.9496427808303645,0.2912471044063568,0.6736085832118988,0.9295963954925537,1.1868518662452698,1.569756338596344
flow_npe,1000,6907,N=n log(n),k,101,10100,0.7650464048745608,0.29471824019813364,0.7650464048745608,0.819325853486376,0.7650724641019754,0.2756772857904434,0.5217586666345596,0.754143476486206,0.9799379658699036,1.204846670627594
flow_npe,1000,31622,N=n^(3/2),A,101,10100,0.012770271867808733,0.2007797872274928,0.03012436786500534,0.20019108100015517,0.0520665953891112,-0.02160987615585327,-0.01439429521560669,-0.006456913948059082,-0.0012954163551330566,0.013212757110595703
flow_npe,1000,31622,N=n^(3/2),B,101,10100,0.01965175881834313,0.392379758528943,0.06652986406689823,0.3909267086409473,0.11374755898914715,-0.06274417340755463,-0.04236181199550629,-0.017324298620224,0.00043237924575805663,0.03015794575214386
flow_npe,1000,31622,N=n^(3/2),g,101,10100,0.200049751878965,0.2516040890244723,0.2368884842584629,0.32046488489139313,0.39811216839469304,-0.16123714089393615,0.05115432262420654,0.16590449452400208,0.31504668593406676,0.5373756337165833
flow_npe,1000,31622,N=n^(3/2),k,101,10100,0.1838724072911952,0.18742375224192043,0.1915393839614226,0.26189487666787553,0.21909413694745244,-0.027032487392425537,0.09080635726451874,0.16442615985870362,0.25151525378227235,0.38843374341726306
flow_npe,1000,1000000,N=n^2,A,101,10100,0.01914024926648281,0.19890208339888402,0.025260160583080626,0.19883833777251853,0.05003095813316873,-0.014098050594329834,-0.004327952861785889,-0.0003397798538208008,0.004374303817749023,0.010338118076324463
flow_npe,1000,1000000,N=n^2,B,101,10100,nan,nan,nan,nan,nan,-0.032863984584808346,-0.011578536182641982,0.006018415689468384,0.01726305827498436,0.03659549871087075
flow_npe,1000,1000000,N=n^2,g,101,10100,nan,nan,nan,nan,nan,-0.09665410566329956,-0.0022215428948402405,0.05196409463882446,0.11287916749715805,0.2531244234442711
flow_npe,1000,1000000,N=n^2,k,101,10100,nan,nan,nan,nan,nan,-0.0533436172157526,0.0014648059755563735,0.04438919380307198,0.07149175599217415,0.1347685461938381
flow_npe,5000,5000,N=n,A,101,10100,0.010386661232107937,0.1984874359186877,0.03301864248691219,0.19777530949534983,0.038814070083127164,-0.02792340040206909,-0.018330578804016114,-0.009503874778747558,-0.00027541399002075197,0.011889634132385253
flow_npe,5000,5000,N=n,B,101,10100,-0.0655398231036592,0.125616645630504,0.0889089425070451,0.14113389736764637,0.0938990479943776,-0.1592165571451187,-0.11527296304702758,-0.07162654101848602,-0.03586017072200775,0.010572601556777955
flow_npe,5000,5000,N=n,g,101,10100,0.5036469713414069,0.4293602105507842,0.5218806586525229,0.6604431941776999,0.5392720365642321,-0.08125687122344971,0.22402395486831664,0.3996535515785217,0.7209167361259461,1.1878189492225646
flow_npe,5000,5000,N=n,k,101,10100,0.5402086106237799,0.3153399994523933,0.5412948594382494,0.624724027528093,0.5414022009355007,0.10432158410549164,0.347941632270813,0.48073526263237,0.7019476759433746,1.0004509150981904
flow_npe,5000,42585,N=n log(n),A,101,10100,0.01907049523721827,0.20035570653171492,0.02438481599977701,0.20027142415474966,0.03459811366430603,-0.010443377494812011,-0.004112200736999512,-0.0007866692543029786,0.0029685044288635253,0.009434423446655273
flow_npe,5000,42585,N=n log(n),B,101,10100,0.029985321535922517,0.3392402562344723,0.04824021482231595,0.338885859684026,0.06935375461483945,-0.03553357183933258,-0.014707929491996764,-0.0038257479667663575,0.008220022916793824,0.02843974769115448
flow_npe,5000,42585,N=n log(n),g,101,10100,0.01776860049455472,0.1615479791717138,0.10024413069876113,0.16172532015073068,0.18401959200896845,-0.16635031938552858,-0.06854158043861389,0.00960537075996399,0.07981087565422058,0.18472303748130797
flow_npe,5000,42585,N=n log(n),k,101,10100,0.011628197809257133,0.10036380200379331,0.08111274183976766,0.10054042035686642,0.1030271312978008,-0.13458378344774247,-0.05704312860965729,0.008504280745983124,0.08882190853357315,0.1540989974141121
flow_npe,5000,353553,N=n^(3/2),A,101,10100,0.01911616056272299,0.19997771100378453,0.02282806774177173,0.19990137857790302,0.03380160090946915,-0.005742857456207276,-0.0032260751724243163,-0.0012957048416137695,0.0017014193534851075,0.005598034858703613
flow_npe,5000,353553,N=n^(3/2),B,101,10100,0.02385317277790297,0.2415398988190129,0.032627225293971523,0.2415219611841638,0.05721595016446444,-0.01968197464942932,-0.006383302211761474,-0.00010918676853179931,0.006512122750282287,0.02044423043727875
flow_npe,5000,353553,N=n^(3/2),g,101,10100,nan,nan,nan,nan,nan,-0.09834996563196181,-0.02328184723854065,0.018357282280921934,0.06479964524507523,0.14094082367420194
flow_npe,5000,353553,N=n^(3/2),k,101,10100,0.03098293117957541,0.27072805777485565,0.06619495462663103,0.2711603645049988,0.10751539772099787,-0.062488493919372556,-0.03557187795639038,0.002941167950630188,0.043568732738494875,0.08573142409324647
flow_npe,5000,25000000,N=n^2,A,91,9100,0.06645366050384857,0.3617473331333206,0.06962129807734228,0.36584038540672287,0.07999660271864668,-0.005336984395980835,-0.0027182412147521975,0.00044168949127197264,0.0023706269264221194,0.00847340703010559
flow_npe,5000,25000000,N=n^2,B,91,9100,nan,nan,nan,nan,nan,-0.01542006579041481,-0.0052914957702159884,0.0011421838402748108,0.009856290519237518,0.023966572463512414
flow_npe,5000,25000000,N=n^2,g,91,9100,nan,nan,nan,nan,nan,-0.08752946692705153,-0.032562146782875064,0.0072529977560043335,0.05676963478326798,0.13376260745525356
flow_npe,5000,25000000,N=n^2,k,91,9100,nan,nan,nan,nan,nan,-0.06211836574971676,-0.027172889411449432,-0.0018157447874546052,0.02748525783419609,0.08293032293021677
gaussian_npe,100,100,N=n,A,101,10100,0.500728146180068,0.5235999032621189,0.5465129384664026,0.7226140814636136,0.5561752642499339,-0.15342883825302123,0.12507163524627685,0.3224866628646851,0.8112994599342346,1.4214030599594116
gaussian_npe,100,100,N=n,B,101,10100,2.6891455974437224,1.038665976182248,2.6891455974437224,2.880911244516957,2.6891455974437224,0.7656705403327941,1.8525244498252869,2.8373202872276306,3.5732159423828125,3.9198883819580077
gaussian_npe,100,100,N=n,g,101,10100,3.1699631683661207,0.572303071879275,3.1699631683661207,3.2207071297483854,3.1699631683661207,2.310783715248108,2.842191948890686,3.1742376708984374,3.466815128326416,4.177406167984008
gaussian_npe,100,100,N=n,k,101,10100,3.3481315324566148,0.6972844405111888,3.3481315324566148,3.41926548148384,3.3481315324566148,2.1523396277427675,2.7033014726638793,3.4434245729446413,3.895493335723877,4.332746515274048
gaussian_npe,100,460,N=n log(n),A,101,10100,0.18565551188912718,0.18204143916941998,0.20985682669252445,0.25938185154617205,0.22086572375628027,-0.07248707294464111,0.09546591281890869,0.18592487335205077,0.2380519151687622,0.4197546172142029
gaussian_npe,100,460,N=n log(n),B,101,10100,1.5338433526412092,0.8830061485058608,1.5338433526412092,1.7676695076183107,1.5338645633258439,0.49256571412086486,0.8948975419998169,1.3024883460998535,2.0673177909851073,3.3176990604400634
gaussian_npe,100,460,N=n log(n),g,101,10100,3.543479806975563,0.37144585588454376,3.543479806975563,3.56270334249924,3.543479806975563,2.9986078691482545,3.2543817472457888,3.5372187900543213,3.751847562789917,4.198183641433716
gaussian_npe,100,460,N=n log(n),k,101,10100,2.9249491016227416,0.45807415332462814,2.9249491016227416,2.960250265292941,2.9249491016227416,2.2905757451057434,2.584894802570343,2.8968378925323486,3.215220875740051,3.7045281648635866
gaussian_npe,100,1000,N=n^(3/2),A,101,10100,0.14886046220760538,0.15901737541428104,0.15524640989775704,0.2172454861484495,0.17536959671738125,-0.012835707664489746,0.06650692462921143,0.1262760019302368,0.17359824180603028,0.47345102071762085
gaussian_npe,100,1000,N=n^(3/2),B,101,10100,0.9235992880209837,0.7163478332374056,0.9235992880209837,1.1666658168401478,0.925455557798395,0.23192168414592743,0.4494123160839081,0.7353245902061463,1.0936238038539887,2.2571990036964418
gaussian_npe,100,1000,N=n^(3/2),g,101,10100,3.619687629454206,0.29678439064765416,3.619687629454206,3.631714116020032,3.619687629454206,3.0572812700271608,3.4441321182250975,3.647992506027222,3.840610122680664,4.038960919380188
gaussian_npe,100,1000,N=n^(3/2),k,101,10100,2.82250717977486,0.3627764093316919,2.82250717977486,2.8454965236642247,2.82250717977486,2.3622728514671327,2.573197908401489,2.789924347400665,3.0222859597206115,3.4998438024520873
gaussian_npe,100,10000,N=n^2,A,101,10100,0.0004343947797718615,0.03584641625941313,0.027753257090502442,0.03567116238916411,0.10280163656366934,-0.06027640104293823,-0.020632939338684084,0.005520005226135254,0.02271777868270874,0.05488694429397583
gaussian_npe,100,10000,N=n^2,B,101,10100,0.1144031575882789,0.10004119960969819,0.12247421383857729,0.15164838470730374,0.26428506506551613,-0.026226593255996702,0.045190925002098085,0.11230016171932221,0.1816912442445755,0.28999630868434906
gaussian_npe,100,10000,N=n^2,g,101,10100,2.6927303799072115,0.2718448317903776,2.6927303799072115,2.706282474560626,2.6927303799072115,2.251447162628174,2.526470663547516,2.729425449371338,2.8598737621307375,3.1289614820480347
gaussian_npe,100,10000,N=n^2,k,101,10100,1.5621887605202078,0.32489130908879116,1.5621887605202078,1.5952877463068786,1.5621887605202078,1.1336493593454362,1.3618017143011094,1.5462196111679076,1.7455192637443542,2.2429941201210024
gaussian_npe,500,500,N=n,A,101,10100,0.013621317136405717,0.10774061939591957,0.062445017890174793,0.10806780394116274,0.07588309500477101,-0.09772513389587402,-0.029203081130981447,0.007073476314544678,0.054306485652923585,0.12073739528656006
gaussian_npe,500,500,N=n,B,101,10100,0.10843425510543409,0.5692697589050304,0.26886447910625155,0.5767299640615186,0.2745378448408429,-0.2887877362966538,-0.13157665610313415,-0.04909184038639069,0.0986631166934967,1.6876761794090271
gaussian_npe,500,500,N=n,g,101,10100,3.1703569677088512,0.3627167266639519,3.1703569677088512,3.190834392184186,3.1703569677088512,2.630827713012695,2.899480381011963,3.1870681715011595,3.421750922203064,3.7177264499664306
gaussian_npe,500,500,N=n,k,101,10100,2.9732285393582716,0.37711607987200213,2.9732285393582716,2.9968143753694325,2.9732285393582716,2.46446923494339,2.7384653234481813,2.948146357536316,3.1642340540885927,3.5836365270614623
gaussian_npe,500,3107,N=n log(n),A,101,10100,-0.032954480411982776,0.029300663272523057,0.036175635097050435,0.044000299562726594,0.05435371859238879,-0.0810964322090149,-0.05139995574951172,-0.03417732000350952,-0.013976485729217529,0.014598145484924316
gaussian_npe,500,3107,N=n log(n),B,101,10100,-0.21446381182953864,0.0587068268528306,0.21446381182953864,0.2222770667999215,0.2198915763538663,-0.2988834416866302,-0.2498724377155304,-0.21722635567188264,-0.17930410146713258,-0.11560055255889892
gaussian_npe,500,3107,N=n log(n),g,101,10100,2.582371029216464,0.27425654960684714,2.582371029216464,2.5967502899166672,2.582371029216464,2.0785289144515993,2.407827157974243,2.6103112936019897,2.752540121078491,3.007826256752014
gaussian_npe,500,3107,N=n log(n),k,101,10100,2.3377730620497528,0.40960680654668125,2.3377730620497528,2.3730359162710073,2.3377730620497528,1.5790937983989715,2.1202520656585695,2.354933819770813,2.6270740270614623,2.945959377288818
gaussian_npe,500,11180,N=n^(3/2),A,101,10100,-0.022130411780706724,0.01765353452567321,0.023964321259224763,0.028254500352806595,0.048829865361204254,-0.04886212587356567,-0.03438134431838989,-0.023373284339904786,-0.009773600101470947,0.00603391170501709
gaussian_npe,500,11180,N=n^(3/2),B,101,10100,-0.04959008720841738,0.043128706821199646,0.05545012750247918,0.06558083115326677,0.11113599480968893,-0.10549436628818512,-0.07909728109836578,-0.054523149728775026,-0.02213739335536957,0.02910750389099121
gaussian_npe,500,11180,N=n^(3/2),g,101,10100,1.4475220807354052,0.37417811038468657,1.4475220807354052,1.4946381509340316,1.4540958560221269,0.8219859170913696,1.2077701091766357,1.4761436700820922,1.6961025500297546,1.9721290802955627
gaussian_npe,500,11180,N=n^(3/2),k,101,10100,0.7288806750573735,0.2166455453889943,0.7288806750573735,0.7600905373337216,0.7288806750573735,0.4598394936323166,0.5755128282308578,0.6662164306640626,0.8432148516178131,1.08260782122612
gaussian_npe,500,250000,N=n^2,A,101,10100,-0.011481056000926708,0.009354049984988929,0.012508122826566792,0.014779938386206155,0.044949177208513325,-0.02613748550415039,-0.017648489475250245,-0.011544060707092286,-0.004779448509216308,0.0020699286460876464
gaussian_npe,500,250000,N=n^2,B,101,10100,-0.007854377763106093,0.023690550272093335,0.019698808181403887,0.024847063590092727,0.09425222027419818,-0.044147606492042545,-0.022670580148696898,-0.006637337207794189,0.008048207759857177,0.028156888484954835
gaussian_npe,500,250000,N=n^2,g,101,10100,0.3480797975134142,0.1791723622589499,0.35597042768308435,0.39108110663788204,0.4897190323678573,0.10117600798606873,0.22253234624862672,0.34457207083702085,0.47918288588523866,0.6380954670906067
gaussian_npe,500,250000,N=n^2,k,101,10100,0.18003636876250256,0.07366745092707902,0.18003636876250256,0.19438687143475344,0.21627823472908228,0.04391372531652451,0.13917460530996323,0.18205996960401535,0.23368535041809083,0.30419781237840654
gaussian_npe,1000,1000,N=n,A,101,10100,-0.011017966435687377,0.047037550974203916,0.03470373066345064,0.048083474671735925,0.045680589841143926,-0.06920905828475953,-0.03460928678512573,-0.009021799564361572,0.02196629285812378,0.056585757732391356
gaussian_npe,1000,1000,N=n,B,101,10100,-0.16579979459247968,0.30887856450728696,0.22645584819930614,0.3492147275792889,0.227415335266897,-0.3322210258245468,-0.2657053107023239,-0.20436312079429628,-0.13662426114082338,0.004166361093521118
gaussian_npe,1000,1000,N=n,g,101,10100,2.7052438952427096,0.38978622822829784,2.7052438952427096,2.7329056965670415,2.7052438952427096,2.056078066825867,2.4232685947418213,2.739771761894226,2.979893751144409,3.3385364818573
gaussian_npe,1000,1000,N=n,k,101,10100,3.0185173939006162,0.3086133212582144,3.0185173939006162,3.0340973035545566,3.0185173939006162,2.5518084359169007,2.811911396980286,3.027182011604309,3.175798485279083,3.526830725669861
gaussian_npe,1000,6907,N=n log(n),A,101,10100,-0.020608794878024864,0.014494857735659184,0.021706185883814743,0.025154385704348196,0.03711976945990383,-0.04182209491729736,-0.030120658874511718,-0.02233143091201782,-0.010293564796447753,0.0026639628410339354
gaussian_npe,1000,6907,N=n log(n),B,101,10100,-0.08757269078552136,0.06388755978283132,0.08914876426210498,0.10821360535668617,0.11324774254076551,-0.19779204666614533,-0.1257724165916443,-0.0885090959072113,-0.03515873670578003,0.0014030224084854127
gaussian_npe,1000,6907,N=n log(n),g,101,10100,1.4843375838156971,0.4161200041854344,1.4843375838156971,1.541006004588113,1.4854574702989933,0.6454058802127838,1.2624504828453065,1.4841119027137757,1.745015902519226,2.0485216188430786
gaussian_npe,1000,6907,N=n log(n),k,101,10100,0.9775975852909657,0.3344349404230219,0.9775975852909657,1.032684063391278,0.9775975852909657,0.5693824338912964,0.7699620348215103,0.8698326325416565,1.115873407125473,1.6151951622962952
gaussian_npe,1000,31622,N=n^(3/2),A,101,10100,-0.01034549038008888,0.010664990970442328,0.012178876942927295,0.01482042660882264,0.03304710950001632,-0.027276270389556885,-0.017686386108398438,-0.010057103633880616,-0.002806386947631836,0.006857993602752685
gaussian_npe,1000,31622,N=n^(3/2),B,101,10100,-0.034444176418946516,0.02710527847920968,0.036970519075299246,0.043747264961262494,0.07689647554170968,-0.07784341216087341,-0.05384084284305572,-0.03144481956958771,-0.016719276309013365,0.010378271341323853
gaussian_npe,1000,31622,N=n^(3/2),g,101,10100,0.13766875431089118,0.20716224983323103,0.20301453697799451,0.24787894388271378,0.38841959614564875,-0.17691885113716124,0.021640785932540894,0.13453405499458312,0.2751933753490448,0.41654942512512205
gaussian_npe,1000,31622,N=n^(3/2),k,101,10100,0.18118681290952285,0.0810564655217799,0.18160417083466407,0.19832740803813723,0.18666719197636786,0.07407255172729492,0.12238583832979202,0.17266883105039596,0.2375004243850708,0.32350762605667116
gaussian_npe,1000,1000000,N=n^2,A,101,10100,-0.0032854204366702844,0.007004640807262402,0.006074785666890663,0.0077053999426474834,0.030764817152873117,-0.015521998405456544,-0.008090422153472901,-0.003082571029663086,0.0017777776718139648,0.007637531757354737
gaussian_npe,1000,1000000,N=n^2,B,101,10100,0.0016048504161362597,0.016135557353200304,0.012630628719188196,0.016135487959410708,0.06938585061247986,-0.023424694538116454,-0.009463103413581848,0.0014720571041107178,0.010375545024871827,0.029164767265319823
gaussian_npe,1000,1000000,N=n^2,g,101,10100,0.1103810930016017,0.11204072321783125,0.12678394560766693,0.15688473793948787,0.2077491553703157,-0.05420395493507385,0.03204660415649414,0.09726995468139649,0.18846487760543823,0.2762002897262573
gaussian_npe,1000,1000000,N=n^2,k,101,10100,0.0884452421328809,0.05378108944401785,0.09096728067881989,0.10337470076716934,0.1556547809856953,0.0029057306051254272,0.04664661854505539,0.09438996315002442,0.12460503518581391,0.17635709673166275
gaussian_npe,5000,5000,N=n,A,101,10100,-0.008805484464853117,0.014446126018280079,0.013126849018701231,0.016857071823386697,0.01918425368790579,-0.033364911079406735,-0.016491813659667967,-0.007754156589508057,-0.001114962100982666,0.014578211307525634
gaussian_npe,5000,5000,N=n,B,101,10100,-0.08994658131410581,0.05330804261465548,0.09089914783392802,0.10442221403780116,0.0929991046863027,-0.20032473266124726,-0.10683387756347656,-0.07917520821094513,-0.061501042246818544,-0.03171444118022919
gaussian_npe,5000,5000,N=n,g,101,10100,0.8036191774594902,0.505951520034679,0.8096207813933344,0.9482911993904941,0.8151068010424624,0.1072303295135498,0.4657353591918945,0.7957239031791687,1.1222758817672729,1.6464873385429382
gaussian_npe,5000,5000,N=n,k,101,10100,0.8820657817384984,0.29187602595505585,0.8820657817384984,0.9286485753552369,0.8820657817384984,0.5138399738073349,0.6880319607257843,0.8210661947727204,1.0028647482395172,1.5148943758010864
gaussian_npe,5000,42585,N=n log(n),A,101,10100,-0.0032627617722690697,0.005554276143858946,0.0050872827992580905,0.0064179554753682035,0.014648224835348599,-0.012889580726623535,-0.007019426822662354,-0.0032098698616027832,0.0005593228340148925,0.005383307933807373
gaussian_npe,5000,42585,N=n log(n),B,101,10100,-0.013402413814374719,0.01777131594773277,0.017894508862259365,0.022188227489708372,0.036875747442245484,-0.0408251941204071,-0.025833131074905397,-0.01249051332473755,-0.0018922722339630128,0.015943467617034912
gaussian_npe,5000,42585,N=n log(n),g,101,10100,0.06359479534744035,0.1653306637311604,0.1476125521825092,0.17637429075864636,0.2081838149481481,-0.28736973166465757,-0.027658073902130126,0.07106800675392151,0.16606810212135314,0.2783085823059082
gaussian_npe,5000,42585,N=n log(n),k,101,10100,0.01819469783270713,0.08150963080945507,0.0656788273052414,0.08312091523029685,0.08208408151817795,-0.09538147687911987,-0.04766986519098282,0.019421463012695313,0.07385859370231629,0.1567992502450943
gaussian_npe,5000,353553,N=n^(3/2),A,101,10100,-0.0014391636376333708,0.004029105275180373,0.003455764491959374,0.004259595250391719,0.014072544952430346,-0.007855815887451172,-0.003824207782745361,-0.0014424824714660645,0.0011546683311462402,0.00458336591720581
gaussian_npe,5000,353553,N=n^(3/2),B,101,10100,-9.621185241359299e-05,0.0120951658301611,0.00988880738763526,0.012035524387167594,0.033870366676018976,-0.018006019592285157,-0.009376896023750305,-0.00019928574562072754,0.007955973148345947,0.019600898027420044
gaussian_npe,5000,353553,N=n^(3/2),g,101,10100,0.036414763868445214,0.08101857627265452,0.06881333078488265,0.08845933830738674,0.11778764827416674,-0.09517904758453369,-0.015972880125045778,0.03323458194732666,0.08942842364311218,0.15508170366287233
gaussian_npe,5000,353553,N=n^(3/2),k,101,10100,0.035697714901796664,0.047894473725875714,0.04973999207857812,0.05954406581218814,0.09431311626540552,-0.048701353669166565,0.006077890694141388,0.03313681960105896,0.07155118077993393,0.11113502651453018
gaussian_npe,5000,25000000,N=n^2,A,101,10100,-0.0009119888343433341,0.0037714754776933183,0.003010334685297295,0.0038619838114048455,0.013923418781544905,-0.006295232772827148,-0.0030928134918212892,-0.0008829069137573242,0.0013139104843139647,0.005350406169891357
gaussian_npe,5000,25000000,N=n^2,B,101,10100,0.0020451218420916265,0.010991267276327335,0.00865652839736183,0.011126291444549874,0.033861982220470314,-0.017141713500022887,-0.004622545838356018,0.0010873943567276001,0.009180802106857299,0.020505791306495668
gaussian_npe,5000,25000000,N=n^2,g,101,10100,0.029854800712944263,0.06385264166693157,0.05581507306287785,0.07020043485741084,0.09776788911016861,-0.058447099924087524,-0.0037698566913604735,0.033577343225479124,0.061546781063079835,0.12485222101211547
gaussian_npe,5000,25000000,N=n^2,k,101,10100,0.022896879622251683,0.04668850479529994,0.03885927881934855,0.05179286857348496,0.08058045996887848,-0.03764439135789871,-0.004796799719333649,0.015040890872478485,0.05242503702640534,0.10684169977903366
