freq_err_nuts_A,nuts_covers95_A,sigma_nuts_A,freq_err_nuts_B,nuts_covers95_B,sigma_nuts_B,freq_err_nuts_g,nuts_covers95_g,sigma_nuts_g,freq_err_nuts_k,nuts_covers95_k,sigma_nuts_k,sigma_ratio_A_flow,centre_dev_A_flow,freq_err_A_flow,pit_A_flow,sigma_ratio_B_flow,centre_dev_B_flow,freq_err_B_flow,pit_B_flow,sigma_ratio_g_flow,centre_dev_g_flow,freq_err_g_flow,pit_g_flow,sigma_ratio_k_flow,centre_dev_k_flow,freq_err_k_flow,pit_k_flow,sigma_ratio_A_gnpe,centre_dev_A_gnpe,freq_err_A_gnpe,pit_A_gnpe,sigma_ratio_B_gnpe,centre_dev_B_gnpe,freq_err_B_gnpe,pit_B_gnpe,sigma_ratio_g_gnpe,centre_dev_g_gnpe,freq_err_g_gnpe,pit_g_gnpe,sigma_ratio_k_gnpe,centre_dev_k_gnpe,freq_err_k_gnpe,pit_k_gnpe,seed
1.0407088979358916,1,0.039899662137031555,0.5733638439551565,1,0.08710644394159317,0.8749257110729842,1,0.15605425834655762,0.6700126380591904,1,0.08361377567052841,1.2127421,-1.021193,0.019515831404071003,0.5065,1.0752385,-1.6012887,-1.0279247801920568,0.8396,2.2366111,-0.63864946,0.23627621883493574,0.4767,3.494062,1.8133551,2.4833676707521377,0.2321,0.9723326,-0.7765819,0.26412699930273925,0.3983,1.2435049,-0.8924646,-0.31910075493346335,0.6209,2.403908,4.05836,4.9332858699023285,0.015,3.2938623,5.243711,5.91372348161734,0.0113,0
1.0655592986514404,1,0.04277333617210388,1.5757024587329624,1,0.09137997776269913,0.738550040898211,1,0.13788731396198273,-0.9136663012825917,1,0.073163241147995,0.862408,-2.4923584,-1.4267990956184875,0.9454,1.0735853,-2.1576495,-0.5819470708603547,0.716,2.46681,2.0029366,2.7414866718517534,0.1072,3.580218,2.5935392,1.6798730402358337,0.3195,1.0234135,-0.22332232,0.8422369855807585,0.2087,1.1879811,-0.68341064,0.892291794420347,0.233,2.3335822,0.57009244,1.308642463614425,0.3018,4.4504385,3.792795,2.879128748394571,0.2882,1
-2.2247500140852003,0,0.03352316841483116,-1.468346225057195,1,0.07636546343564987,1.0750195919488092,1,0.1361050307750702,1.1216953377229806,1,0.07884106040000916,2.3705158,0.84994733,-1.3748026821777597,0.8978,1.2089026,0.47465506,-0.9936911678203215,0.8026,2.0057738,-2.2674608,-1.1924412192268454,0.7598,2.8703914,-1.5175328,-0.39583748351425285,0.5796,1.0016054,0.101609915,-2.123140100682235,0.9821,1.1760145,-0.68726903,-2.1556152587042674,0.9565,2.1124728,-0.30523807,0.7697815182944681,0.3733,4.103281,2.3278272,3.449522522866473,0.2002,2
0.22014667317672065,1,0.03858399763703346,0.05040849997070742,1,0.08495303988456726,0.601611182156359,1,0.14172722399234772,0.9140826081186232,1,0.08274887502193451,1.7575634,0.40523252,0.6253791885984328,0.2853,1.5541934,1.0820504,1.1324589526726587,0.1534,2.2855527,0.7144589,1.31607009160719,0.2644,3.3796618,-0.12879604,0.7852865644802269,0.4072,0.9308821,-0.48570436,-0.2655576789076472,0.6172,1.1605135,-0.8584972,-0.80808868180222,0.7651,2.264283,1.9502897,2.551900910436411,0.125,3.863358,4.968766,5.882848809412548,0.0238,3
-0.06864873845092297,1,0.038613058626651764,0.33740690013295793,1,0.07811016589403152,0.01649475674035967,1,0.14422404766082764,-0.3180119332133814,1,0.07492903620004654,1.1037832,-0.11730426,-0.18595299578953015,0.5703,1.4484406,0.5136565,0.8510633914196316,0.2828,1.9750477,1.3293273,1.345822047396389,0.2337,3.3880694,0.9224353,0.6044233730295059,0.4415,1.0324442,-0.08738852,-0.15603726114348573,0.5678,1.1934417,-0.45100346,-0.11359655101137768,0.5531,2.25164,1.2151667,1.2316614028808792,0.309,4.113274,3.6492758,3.3312639551030374,0.2119,4
0.8619446863957784,1,0.04222160577774048,1.2346275285897024,1,0.09640771150588989,1.2755997340629857,1,0.13674212992191315,0.004067345275386147,1,0.07957357913255692,1.9200773,-0.62382317,0.23812152278287482,0.4048,1.5920835,-1.5185715,-0.2839439538583192,0.6505,1.8483579,-3.0996678,-1.8240681279980437,0.8515,2.4621704,-1.7167395,-1.7126722055844539,0.7644,0.98681515,-0.42835787,0.4335868293144315,0.3299,1.2156252,-1.234468,0.00015951004449588335,0.5151,2.2620096,2.0150747,3.2906743656616513,0.0647,4.0725136,7.0572124,7.061279931012431,0.0117,5
1.4602542577458562,1,0.04120331257581711,1.0418868652932185,1,0.08711712807416916,0.5124846110881689,1,0.1535368710756302,0.3453726229720587,1,0.07867056131362915,2.0287156,-0.6654468,0.7948074351539678,0.2432,1.4714422,0.71582806,1.7577149020714955,0.0483,1.6749792,-1.7437645,-1.2312798770536948,0.8148,2.0282767,-4.0419354,-3.6965628511227973,0.9493,1.0780512,-0.46358848,0.9966657715839258,0.1792,1.1390976,-0.58613575,0.4557510979320964,0.3584,1.5446773,0.69111276,1.2035973537622704,0.224,3.2292137,1.7604058,2.1057783589784775,0.282,6
-1.143645499557392,1,0.03347733989357948,-1.4725087140871338,1,0.06826353073120117,-0.07481616501091891,1,0.14413399994373322,-0.23978542806200484,1,0.07523778825998306,2.389893,2.4988153,1.3551697795750406,0.1146,2.5470297,2.9622579,1.4897491600248673,0.1016,1.8344722,-1.7162378,-1.7910539479847807,0.8565,2.6812527,-3.5750268,-3.8148119797053845,0.9338,1.0747746,0.0037104525,-1.139935047051106,0.8572,1.2981784,0.1272929,-1.3452158089955923,0.851,1.9415276,0.6017607,0.5269445279270902,0.414,4.591556,0.06177747,-0.17800796078922626,0.6351,7
-0.18299278229316385,1,0.03647557273507118,-0.5520834951121694,1,0.07004062831401825,-0.47141296735626964,1,0.15328365564346313,-0.11058681103631034,1,0.07686790078878403,1.0542225,-0.17001805,-0.35301082987951493,0.6422,1.2926883,-0.7360393,-1.2881227705103475,0.8478,2.2121098,1.4725449,1.0011319479576135,0.3431,3.2949574,2.8311963,2.7206095549738856,0.2011,1.058246,-0.3935822,-0.5765749866438057,0.7017,1.2823498,0.45959246,-0.09249104374634469,0.5448,2.2168338,0.95074916,0.4793362142076384,0.4378,4.3095474,-0.02141972,-0.13200653094614878,0.6297,8
0.5078120838400716,1,0.03972265124320984,0.32640132991235077,1,0.09469247609376907,1.6805829012508204,1,0.1411488950252533,1.1946572374464839,1,0.08596926927566528,1.1327798,0.9613774,1.469189441438819,0.0943,1.1202451,1.3229368,1.6493380612741317,0.064,1.7317293,-3.333063,-1.6524800308096983,0.8442,2.2344446,-3.2270064,-2.032349158476765,0.8176,0.93235844,-0.3896071,0.11820498757944317,0.4491,1.2025872,-0.86375123,-0.5373499271287909,0.6922,2.2753518,1.7398291,3.420411974145359,0.0578,3.085053,4.717956,5.912613315306883,0.0069,9
2.445572334441152,0,0.04440030828118324,2.1386231087691217,0,0.0806015208363533,-2.421827195952634,0,0.13397830724716187,-2.72502601280676,0,0.0781281366944313,1.2136992,-1.8257366,0.6198356738873311,0.2567,1.374064,-1.0221516,1.116471545558655,0.2038,2.3402886,5.8845315,3.4627043624762712,0.0397,3.0238419,5.212639,2.487612983220488,0.1829,1.0255084,-0.14287832,2.3026940122331307,0.0123,1.2067364,-0.3917933,1.746829796176852,0.067,1.9629673,0.46724707,-1.9545801351820884,0.8397,3.5850737,1.7835287,-0.9414973859406013,0.7095,10
-0.7796909456216126,1,0.03922775760293007,0.41139037132556827,1,0.08880488574504852,0.6156696646359323,1,0.12337075173854828,-0.4082667863638206,1,0.07758249342441559,1.040516,0.58517087,-0.1945200819629708,0.5844,1.219285,0.6119275,1.023317859686774,0.1886,1.841798,-0.044759497,0.5709101682986341,0.3951,3.3917456,-1.013007,-1.4212738642839404,0.7093,1.0065218,-0.047595274,-0.8272862201678405,0.792,0.9684061,-0.9696095,-0.5582191407302006,0.7255,2.3031607,-2.2111337,-1.5954641417100612,0.7659,3.4628067,0.97076505,0.5624982593782778,0.519,11
-0.9616689603230515,1,0.03567221015691757,-0.7369752235925324,1,0.07912924140691757,1.23927256668053,1,0.1592593640089035,1.4319952240230522,1,0.07993500679731369,1.1894492,1.9188398,0.9571709013850287,0.2056,1.3004668,1.7594928,1.0225175784260452,0.2183,1.6168582,-2.4270902,-1.187817601797952,0.784,2.659796,-2.8210618,-1.3890666106176008,0.7216,1.0456805,-0.3060685,-1.26773747593645,0.8874,1.2200431,-0.3125195,-1.049494719998885,0.8079,1.9252229,1.1535172,2.3927898526485785,0.1021,3.4946482,3.4289985,4.860993811456099,0.0465,12
1.5275770354144445,1,0.045666053891181946,1.9482883717009327,0,0.08431670814752579,-1.2924329449804437,1,0.15831270813941956,-1.4679802614264257,1,0.08600418269634247,2.3903604,-1.6723112,-0.14473420159322742,0.5853,1.1556988,-0.73888046,1.2094079269955977,0.1444,1.5763837,0.6156549,-0.6767780609262677,0.7001,1.6536909,-2.5735776,-4.041557837170456,0.9753,0.9928126,-0.79296297,0.7346140455009256,0.2286,1.4131029,-0.18139267,1.76689570379322,0.101,1.9632777,2.3455396,1.0531065627051333,0.3075,3.513391,2.7845004,1.3165200966172024,0.4211,13
0.17354636277094065,1,0.034687161445617676,-1.1128584101542396,1,0.06913834810256958,-1.195655524498955,1,0.12674890458583832,-0.40345389519106095,1,0.07482559978961945,1.0636799,-0.21735051,-0.04380414946885836,0.5231,1.7991922,0.15933545,-0.9535229566127477,0.7919,2.1744523,-0.18706098,-1.3827165022234371,0.7669,3.5637755,1.7172843,1.3138303772547473,0.3522,1.0061904,-0.030229194,0.14331716939826858,0.4481,1.1951748,-0.57355714,-1.686415523441117,0.9154,2.5534449,1.5525529,0.3568973574457955,0.4676,4.3827043,3.0112343,2.6077804846039827,0.3089,14
0.302315903791946,1,0.0360858254134655,-0.9428560169322235,1,0.0656057819724083,-2.258017619368781,0,0.13634289801120758,-0.5808772671952358,1,0.07881876081228256,3.0211287,-1.0942228,-0.7919068538715137,0.8165,1.4263552,-0.53515255,-1.4780085853559706,0.8523,2.4733477,3.5232356,1.2652178726634642,0.2999,3.8294961,3.7865937,3.205716297810495,0.1941,1.1027557,-0.5850355,-0.2827195803737387,0.6017,1.3166584,0.82744396,-0.11541204155285943,0.5507,2.4747546,1.1322316,-1.1257860129880193,0.6948,3.8052013,-0.2905394,-0.8714166676513334,0.6991,15
0.4764023878885639,1,0.039454974234104156,0.3345031877742736,1,0.07458937913179398,-0.2520332740026745,1,0.17006507515907288,-0.3734657517267543,1,0.07820447534322739,1.2646791,0.4548719,0.9312742738865808,0.1744,1.7829585,-0.18313538,0.15136781072670785,0.4838,1.7250121,0.652255,0.4002217145304504,0.4229,2.8851259,1.8469691,1.4735033168905953,0.3088,1.1013103,0.114897825,0.5913002163889465,0.2906,1.1698042,0.80872804,1.1432312375208729,0.1659,1.9674757,-0.6156024,-0.8676356192138808,0.6892,3.8176305,-1.5650877,-1.9385533763060516,0.7954,16
1.3273851706319522,1,0.04106057807803154,0.8346288712253362,1,0.09023728221654892,0.4612380643785768,1,0.14844828844070435,1.3583072143606603,1,0.08415988087654114,1.3262224,-2.981787,-1.654401900179775,0.9657,1.2624265,-2.283019,-1.4483902537459823,0.8717,2.5112805,3.294628,3.755865875355193,0.0414,3.3458014,3.6853456,5.043652886024016,0.0409,0.9802125,-0.25895286,1.068432329004007,0.136,1.1314977,-0.5361898,0.2984390877288528,0.4121,2.1080391,0.5219957,0.983233817122249,0.3333,3.1913612,3.3733046,4.7316119304361255,0.0313,17
-0.417237354061785,1,0.0365150049328804,-0.20417312974030385,1,0.07798638939857483,0.9498225924688686,1,0.15460768342018127,0.4387281917921136,1,0.07306934893131256,1.1463186,0.44742897,0.030191629764040155,0.4896,1.5318676,0.3531007,0.1489275596924322,0.4458,1.841015,-0.7122332,0.23758942420957896,0.4676,3.073051,-3.563385,-3.1246567573503636,0.8893,1.1226172,0.26859713,-0.14864023606798749,0.5515,1.2332686,-0.17564733,-0.3798204593492253,0.6372,1.4989965,0.07396931,1.0237919045416983,0.2524,3.6665385,1.9245089,2.363237139400208,0.2831,18
0.2564024762287972,1,0.03614461421966553,-0.5328627266831276,1,0.07742837071418762,0.9633089151968629,1,0.16142122447490692,1.4049126528337095,1,0.0758141428232193,1.2241623,0.93865824,1.1950607348871878,0.1573,1.4258716,3.2755177,2.7426550144049515,0.0237,1.7873607,-0.15418957,0.8091193454690133,0.338,2.9797497,-2.4124532,-1.0075405858051445,0.6626,1.1111209,-0.21732634,0.039076130513220515,0.487,1.2300457,0.16573027,-0.36713246204386724,0.6354,1.6466323,-0.489453,0.4738559162247601,0.402,4.1846147,0.48147246,1.8863851003606469,0.3867,19
1.6243380395411413,1,0.0407492034137249,0.8355969997607811,1,0.08275345712900162,0.017891421436159308,1,0.15111525356769562,0.27010321393486675,1,0.0793769508600235,2.145472,-0.63967055,0.9846675024278855,0.1701,1.6962807,0.44837964,1.2839766269520043,0.1518,2.1619527,-0.3547771,-0.3368856837369799,0.6001,3.0107245,-1.2130747,-0.9429714897810113,0.6658,1.1195163,-0.13230588,1.4920321567859522,0.0898,1.3141526,-0.18873031,0.6468666868161564,0.3198,1.9706136,1.4948851,1.5127764805905588,0.2253,3.4570858,2.1385815,2.408684830962566,0.2592,20
0.5308649586665058,1,0.03981974348425865,0.49707336150969195,1,0.07254457473754883,-1.3347947898726504,1,0.14564113318920135,-1.0837571614560098,1,0.07515129446983337,1.0587177,0.20157936,0.7324443160469831,0.2488,1.4617274,-0.204071,0.2930023597152566,0.4336,2.1078808,1.0761083,-0.25868640185491615,0.5711,3.33161,1.3686918,0.28493464025072385,0.4833,1.094958,-0.2769553,0.25390963876893985,0.411,1.3796043,0.66472816,1.161801534143568,0.2036,1.8630657,0.24559264,-1.0892021546150217,0.7395,3.8833158,-0.5838359,-1.6675930409305937,0.7633,21
-0.16916393797139712,1,0.03700222074985504,-0.1757804773629739,1,0.08222963660955429,1.7490950552361877,1,0.17129559814929962,1.754825044178227,1,0.07566825300455093,1.2865181,-0.30222574,-0.4713896754037268,0.7078,1.042763,-0.80585283,-0.9816333270663492,0.8347,2.2302892,-3.300361,-1.5512658787783309,0.7887,3.72117,-2.4014723,-0.6466473434822555,0.6092,1.0382513,-0.13134143,-0.300505360673041,0.6163,1.1086929,0.21833098,0.04255049641309543,0.5005,1.794575,0.89875674,2.6478518071449644,0.0639,3.5591836,0.9971913,2.752016365464388,0.2325,22
-0.820116497830829,1,0.03884798660874367,0.45607172207722085,1,0.08276345580816269,0.7812268916977917,1,0.14869610965251923,0.17177326377080862,1,0.0718611478805542,0.87682575,0.9417746,0.1216580807939873,0.4517,0.85880387,-2.8320308,-2.375958999391717,0.9968,1.9294697,-5.019476,-4.23824884427799,0.9797,3.8468547,4.0502677,4.222040758773422,0.1331,1.0809045,0.090560794,-0.7295557027848684,0.7516,1.3112159,-0.2999711,0.15610061032614914,0.4664,2.59391,1.7630368,2.5442637696795427,0.1639,4.1278744,-0.48071674,-0.30894345694781983,0.6391,23
-0.7554264569828465,1,0.03863135725259781,0.2747532378704743,1,0.07651302218437195,0.8338089839831392,1,0.18273594975471497,-0.13064241435133392,1,0.07076095789670944,2.371328,1.9045908,1.149164331892707,0.1364,1.5120367,1.3704959,1.645249130329277,0.1339,2.1512156,0.45200986,1.2858188261108314,0.2729,3.2596834,0.42448276,0.2938403506231985,0.4871,1.031129,-0.119717345,-0.8751438038824589,0.8014,1.2769282,0.38357514,0.6583283703708609,0.3156,2.126827,0.8500423,1.6838512486379984,0.221,4.1178994,-2.5662467,-2.696889193066505,0.8358,24
-2.2633263949003157,0,0.03200500085949898,-2.0789899479858702,1,0.07087158411741257,1.7336272873759007,1,0.2024306356906891,2.185106820503461,0,0.08054324239492416,2.8095157,3.3204582,1.057131786112821,0.2441,1.5740542,4.3709226,2.2919328110789663,0.0643,1.5302948,0.29954457,2.0331718549064437,0.0573,2.5168872,-4.096749,-1.9116421134561004,0.8043,1.1409181,-0.6203874,-2.883713794817697,0.9943,1.2980131,-0.02370592,-2.1026958682528782,0.9407,1.3739914,-0.1421603,1.5914669901633358,0.124,4.0567493,1.1886688,3.3737756965998544,0.1968,25
0.35422246248739514,1,0.038479745388031006,0.15964934765546235,1,0.07220162451267242,-0.8734994850950273,1,0.14424960315227509,-0.5977266487624792,1,0.07286544889211655,1.043402,0.7249819,1.0792043780582823,0.1487,1.3743104,0.8628577,1.0225070577700068,0.2294,2.1565135,3.9212742,3.0477746487835713,0.0695,3.4338143,5.528083,4.930356391493312,0.0743,1.0464988,0.07150126,0.4257237256867049,0.3459,1.1917776,0.90761304,1.0672623694913639,0.1893,2.3149717,-0.3208065,-1.1943059949731556,0.7181,4.3454657,-2.8948371,-3.492563831598386,0.8727,26
-0.39633111499819007,1,0.036791060119867325,-0.36044625425775656,1,0.07563874125480652,0.9220342753988936,1,0.1907474249601364,1.3754675532685658,1,0.07512078434228897,2.3646598,0.39268267,-0.0036484314286365214,0.5309,1.7965171,0.49777249,0.13732621753614538,0.472,1.7617337,-0.08599433,0.8360399389321469,0.3156,4.49801,-0.011958097,1.3635094565943249,0.3542,1.1366063,-0.013867928,-0.41019904263101803,0.6401,1.2077296,0.54923475,0.18878848233757484,0.4543,1.4781857,0.12746161,1.0494958808572217,0.2414,3.652947,-3.0328608,-1.657393309880912,0.7712,27
1.5775503969745297,1,0.04025495424866676,0.9156347278234812,1,0.07881393283605576,-1.3096713493170684,1,0.13044077157974243,-0.05511441112360781,1,0.0748567283153534,1.9306728,-1.3697342,0.20781618709187064,0.422,1.3546013,-3.0992749,-2.183640037219848,0.9604,2.6873226,1.3529115,0.04324007177738592,0.5045,4.0143642,6.0134687,5.958354550069174,0.0559,1.0470161,0.00031982656,1.5778702235278517,0.0632,1.4158255,0.31262404,1.2282587620779928,0.1964,2.470351,-0.28524885,-1.5949202008926022,0.7558,4.2319393,-0.28160125,-0.33671566919807705,0.6502,28
0.09557743335913453,1,0.035975780338048935,-0.41597295863111755,1,0.06863003969192505,-1.889802884332549,1,0.12474667280912399,-1.3513258513418036,1,0.07216044515371323,0.9919061,-0.9855835,-0.8900060317846575,0.8218,1.3264068,-0.8573354,-1.2733083728714345,0.8377,2.6814513,4.5331645,2.6433613854925713,0.1343,3.3372078,4.513087,3.161760750488554,0.1664,1.0814052,-0.36584777,-0.27027034303510084,0.6004,1.2300755,-0.358735,-0.7747079478314187,0.7388,2.3916154,0.9907622,-0.8990407158959615,0.6667,4.3910227,1.182658,-0.16866787930588192,0.6254,29
0.43913676497772547,1,0.04346933588385582,1.6441027259191532,1,0.08207525312900543,-0.4388025491119819,1,0.1545443832874298,-1.901884408463142,1,0.07434573769569397,1.8535328,-0.6799065,-0.24076969598441508,0.622,1.1869208,-0.8260194,0.8180832999121093,0.2488,1.5642893,1.1468875,0.7080849475157305,0.3177,2.6010115,0.18937485,-1.7125095555290988,0.7712,1.0764037,-0.3838724,0.055264373245682404,0.4793,1.319259,-0.079929166,1.5641735613638184,0.1141,2.1125815,2.7201602,2.2813576468442043,0.1413,3.947047,3.6208751,1.718990679576001,0.3851,30
1.2347312196703137,1,0.03806394338607788,0.24390303377723785,1,0.07455204427242279,-2.245718564309139,0,0.1197061687707901,-1.0784614539530895,1,0.07446444779634476,1.088548,-0.52700955,0.707721650404709,0.2592,1.6877793,-0.24311472,0.0007883107743334487,0.5221,2.8281622,2.575225,0.3295065754053884,0.4697,3.7344446,0.30617997,-0.772281493457018,0.6363,0.99019504,0.0370306,1.2717618190843507,0.0951,1.1300989,-1.1497496,-0.9058466315804412,0.7898,2.2642088,-1.5243752,-3.770093777872107,0.9427,4.6256127,1.6875676,0.6091061148043279,0.5515,31
1.7117715220819498,1,0.041723109781742096,1.3500213285343226,1,0.08237072825431824,-0.4620140101563598,1,0.14253902435302734,-0.7863400476214111,1,0.07250411063432693,3.1283982,-2.5088942,-0.7971227045234618,0.8435,1.1246635,-2.6948926,-1.3448713648778556,0.9092,1.9943075,-0.91983384,-1.3818478486314338,0.8168,3.4613714,1.727033,0.9406929386989681,0.4027,1.0411185,-0.06488022,1.6468913019526317,0.055,1.0675081,-0.1607712,1.1892501292556215,0.1263,1.9904916,0.09724815,-0.364765861785191,0.5975,3.977241,0.55217695,-0.23416309598568008,0.6286,32
0.9124027589461131,1,0.040863681584596634,1.014763773996433,1,0.08750377595424652,0.7361738427403703,1,0.14814798533916473,0.4115561179769269,1,0.07505641877651215,0.9856766,-1.6147932,-0.7023904345060256,0.7703,1.129936,-1.354189,-0.33942528956815576,0.6388,2.5924902,2.1150389,2.851212773873539,0.1129,3.178142,2.0474727,2.459028884736024,0.2217,1.0508925,-0.12573901,0.7866637506391725,0.2307,1.1370611,-0.0936822,0.9210815766757676,0.2129,2.093944,1.5079186,2.2440924868258967,0.1388,3.5744946,2.027448,2.4390040721063198,0.2614,33
-1.7592781649267493,1,0.0347239226102829,-0.9959623630809522,1,0.07665303349494934,1.6030017365688733,1,0.17751114070415497,1.893678583191872,1,0.07645741105079651,1.1401647,1.3206842,-0.43859393901942384,0.661,1.2661918,1.2195926,0.2236302652087888,0.4419,1.6474948,0.026142467,1.6291442040513338,0.1454,3.2623155,-0.48314762,1.4105309522371015,0.3333,1.152091,-0.02108585,-1.7803640158727503,0.9385,1.3566729,0.47973502,-0.5162273347047431,0.6621,1.8249058,0.89887565,2.5018773865020405,0.0765,3.932766,-0.060959235,1.8327193493627911,0.3705,34
-0.46463530476720716,1,0.03433869779109955,-1.483556638520621,1,0.06610109657049179,-0.9095495748094811,1,0.14795655012130737,0.5678133342680564,1,0.07715827971696854,3.1402614,1.3188297,0.8541943759652599,0.2579,1.8794221,2.9989738,1.5154170920246408,0.2012,1.9772856,2.95447,2.0449204547880817,0.1395,2.709568,-1.4934112,-0.9255978823502374,0.6605,1.0736988,0.19430393,-0.2703313746430247,0.601,1.3050017,0.5624457,-0.9211109318943694,0.7644,2.346706,-0.8969749,-1.806524516184392,0.7902,4.2441487,-1.6253037,-1.0574903903617696,0.7225,35
0.2191072363479092,1,0.03764081746339798,0.1087281875334856,1,0.07727736979722977,0.358311497210004,1,0.14641079306602478,-0.2601116085853228,1,0.0732116773724556,1.2988601,1.6650428,1.8841499466059919,0.0529,1.7141178,2.2127898,2.3215179570599402,0.0314,1.8887604,-3.8633916,-3.505080168240435,0.9863,2.206275,-3.6235359,-3.8836472102178794,0.941,1.0824089,-0.06256768,0.1565395536280709,0.444,1.1842196,-0.015600474,0.09312771422040103,0.4871,1.8375363,0.5370732,0.8953846648635962,0.3293,4.234095,0.2771687,0.017057072826459182,0.604,36
-0.5293577812544141,1,0.03900576010346413,0.6481793512180056,1,0.08016280084848404,0.5392372772729283,1,0.14624544978141785,-0.27956191651654905,1,0.0683220699429512,1.2209458,1.2184141,0.6890563026949259,0.2972,1.433497,1.2978354,1.9460147339006024,0.0859,1.9299506,1.2267486,1.765985902706298,0.1678,3.995781,-0.38327408,-0.6628360006992341,0.6041,1.0728135,-0.17195387,-0.7013116529260365,0.7456,1.2096244,-0.2930028,0.3551765459158982,0.3973,2.1008928,-1.1192043,-0.5799669586400181,0.6289,4.5601983,-1.5064002,-1.7859621661121612,0.7684,37
-3.148382097301692,0,0.0328437015414238,-2.0064726320902704,1,0.06742623448371887,0.15421670142421404,1,0.1556958258152008,1.1438454645453606,1,0.07710068672895432,1.3805485,3.443105,0.2947230018916988,0.4241,2.315909,1.6299735,-0.37649909456522557,0.6281,1.7119304,-0.5065175,-0.35230084116773874,0.5992,2.9744947,1.5089372,2.6527827477399866,0.1865,1.1150975,0.11548641,-3.0328956875210262,0.9977,1.2151645,0.36355472,-1.6429179177077582,0.9059,2.0474567,-0.30099967,-0.1467829569022364,0.5534,4.143636,-0.8532449,0.29060059165393587,0.5751,38
-1.2610134472129764,1,0.034935228526592255,-1.1782792311844057,1,0.07013986259698868,0.5160140230428844,1,0.172730952501297,0.23473212569473137,1,0.07856833189725876,1.0588259,0.83160347,-0.4294099694876888,0.6787,1.102081,-0.583282,-1.7615611960595339,0.9403,1.541867,-1.8076544,-1.2916403333466187,0.8096,3.5315304,2.710557,2.945289083828445,0.1762,1.1018004,0.12856844,-1.132445013539345,0.8488,1.3063262,0.7139017,-0.46437751891780904,0.649,1.5055231,0.59343857,1.1094525792333152,0.2382,3.6283815,0.5613258,0.796057907706996,0.4985,39
1.4160558263184835,1,0.04559794440865517,2.1384191428854984,0,0.08693431317806244,0.31571961405136656,1,0.1778709590435028,-0.7819997611555467,1,0.07767375558614731,1.1853731,-1.6029928,-0.18693695846563407,0.6022,1.1330171,-2.223472,-0.08505290395389971,0.5374,1.7636151,-0.4413146,-0.12559499185622044,0.5597,2.9531069,-2.5294309,-3.3114306255182755,0.8957,1.1244224,-0.27746168,1.1385941542168143,0.1518,1.3980036,0.5110963,2.649515440611457,0.02,1.5953801,0.43857953,0.7542991297943036,0.3319,3.532812,1.3110665,0.5290667464733274,0.5242,40
-1.6808994841990406,1,0.032560478895902634,-2.0916092561162536,1,0.07014565914869308,-0.09543261544606653,1,0.13519634306430817,0.4591929420013754,1,0.08186224102973938,92.35038,61.665035,59.98413388331661,0.3276,69.13372,67.10076,65.00914911440944,0.4046,24.563322,22.710573,22.61513943819119,0.1037,54.035767,31.575455,32.03464634465555,0.5818,0.98475504,-0.33487213,-2.01577161285879,0.9795,1.1708417,-1.0383185,-3.129927791280762,0.9927,2.3565845,0.84633744,0.7509048126210959,0.3892,4.518855,3.8061845,4.26537757372924,0.1503,41
-1.0478867260786136,1,0.03763166069984436,0.1425789317561383,1,0.0856243148446083,1.9733690390943044,0,0.15989941358566284,0.8934418015999133,1,0.07398175448179245,1.0648345,1.2425159,0.19462916633998809,0.4415,1.1099257,0.35479334,0.49737228427971036,0.3397,1.4194186,-4.8980474,-2.9246783145280424,0.9755,2.533879,-4.1720395,-3.278597471031998,0.8899,0.9971349,0.16168413,-0.8862026009159671,0.8109,1.2094812,-0.35725692,-0.21467798311234626,0.5834,1.8788029,-0.92081946,1.052549571005272,0.3008,3.8875196,0.94983846,1.8432802805090163,0.3651,42
-1.7994405934573756,1,0.034002698957920074,-1.5850831898551643,1,0.07229287922382355,0.5462916666979009,1,0.15902626514434814,1.5766505959441472,1,0.08321990817785263,1.1657479,1.807476,0.008035470713325511,0.5085,1.3978193,2.060399,0.4753159491315354,0.367,1.8701448,2.1574306,2.7037223886795365,0.0507,2.6402853,-0.5986234,0.9780272090633253,0.3678,1.0224931,-0.023180861,-1.8226214539968644,0.9614,1.2932218,0.15253696,-1.4325462285527362,0.8612,2.058276,2.3982177,2.944509369876815,0.0689,3.4270406,2.4504986,4.027149079012501,0.0907,43
-1.3647594622021242,1,0.03466902673244476,-0.9545703933044983,1,0.07686153054237366,1.67094046000144,1,0.16434374451637268,0.8712676293170967,1,0.07638831436634064,1.4818238,1.4146314,0.049871937536292245,0.483,1.2455285,1.2408407,0.2862703054812925,0.4181,1.8542628,-1.471639,0.19930143671339773,0.4812,3.0215816,0.1630132,1.0342808397347578,0.3748,1.132213,-0.45665282,-1.8214122846266159,0.9457,1.3526828,0.0056811725,-0.9488892206223621,0.7641,1.8371413,1.7790242,3.44996473816752,0.0225,3.9938076,2.4300044,3.3012720788914804,0.204,44
0.14950135881358947,1,0.03729502484202385,-0.23333732898874435,1,0.07328154891729355,-0.8642016805228214,1,0.13406163454055786,-0.12055098606327971,1,0.07520976662635803,1.2473089,0.05417874,0.20368009891216002,0.4455,1.5408374,0.91957986,0.686242531403259,0.3364,2.6967428,3.4693847,2.6051829532616537,0.1389,3.0628228,0.13446195,0.013910963651039518,0.5127,1.1788079,0.07387487,0.22337622849843683,0.4261,1.3627942,0.07712815,-0.156209182422817,0.5612,1.6679665,-0.23316665,-1.0973683309613589,0.7567,3.962696,0.16725926,0.046708281473327416,0.5976,45
-0.20344061602828328,1,0.03508530184626579,-1.297261981987868,1,0.06751139461994171,-1.2586431233382234,1,0.14232879877090454,0.14340186509104808,1,0.0802474245429039,1.2051954,0.85884994,0.6554093117546895,0.305,1.4739571,1.8707067,0.5734446972186766,0.3509,1.8939589,0.82327807,-0.4353650789130614,0.6094,3.3601995,-0.6784749,-0.5350730277819481,0.5905,1.1027766,0.1960948,-0.007345824902350666,0.5077,1.316519,0.14671834,-1.1505436460805636,0.8112,1.9045597,-0.03773471,-1.2963778345738335,0.763,3.891751,0.19760187,0.34100373172332493,0.5665,46
0.15902299440382978,1,0.03949379920959473,0.5466269945275607,1,0.07888513058423996,0.5333146370343876,1,0.1759800910949707,0.24702766660480777,1,0.07796789705753326,1.4473685,-1.3482846,-1.1892616315220739,0.8801,1.1953535,-1.004461,-0.45783409047956497,0.6555,2.119682,0.14423382,0.6775484545747675,0.3885,3.8348227,-0.39804965,-0.15102200030311502,0.5503,1.1252698,0.022583898,0.18160689168060176,0.4399,1.4464796,0.53299165,1.0796186510433772,0.2348,1.6423051,1.3526257,1.88594038319284,0.1215,4.3181944,1.0240433,1.2710710338420481,0.4627,47
-0.5131193027176977,1,0.038397375494241714,0.3176415438304078,1,0.0743827223777771,-0.15548418586509025,1,0.15017451345920563,-1.0486174500385068,1,0.07164855301380157,0.9818009,-1.3610657,-1.8741850491747676,0.9645,1.4019605,-0.68095213,-0.3633105890931819,0.6198,2.1444287,4.167337,4.011852700341267,0.0181,3.574151,3.8327804,2.7841629797766467,0.2188,1.071783,0.008016131,-0.5051031718843214,0.6805,1.2523077,0.20510843,0.5227499829718695,0.3512,1.859333,0.734719,0.5792347937461259,0.3944,4.5137067,1.6821531,0.6335357145308286,0.5382,48
0.4918345085579052,1,0.038789503276348114,0.5756997465262231,1,0.08228819817304611,0.46812214967309573,1,0.13759121298789978,-0.32008550096859784,1,0.07237525284290314,1.6923943,-0.48132405,0.010510466384658869,0.5006,1.0619533,-0.31744063,0.2582591299678981,0.409,2.3673956,-1.2897251,-0.821602865191112,0.6869,3.2415085,-0.45147714,-0.7715626512629861,0.6333,1.0104777,-0.08267004,0.4091644659417288,0.3428,1.1405066,-1.1698788,-0.5941791121129137,0.7159,1.7929283,-0.88176405,-0.41364193125317456,0.6084,4.155318,2.5758386,2.2557530634518566,0.3334,49
0.054723854739474644,1,0.038779500871896744,0.4603623268531677,1,0.08186805993318558,0.16674604509520985,1,0.134660005569458,0.08880896440657611,1,0.0725875049829483,0.97131133,0.09394231,0.14866616463939292,0.4413,1.5267432,-0.5042365,-0.043874193505819226,0.5374,2.3582935,-1.2691026,-1.1023565655403191,0.7169,3.5507574,-0.8787754,-0.7899664666159611,0.6252,1.083119,0.10264796,0.157371813253155,0.4447,1.0662072,-0.055614848,0.40474748012517126,0.3638,2.287449,-2.1422367,-1.9754906560671381,0.8087,3.3413198,-2.38465,-2.2958410187086926,0.8247,50
-0.9750487356290168,1,0.03785628825426102,0.025704391081226997,1,0.0725475624203682,-0.3036664608980139,1,0.14879292249679565,-1.081737655020268,1,0.07231345027685165,1.3965755,1.9416518,0.9666031291176809,0.1936,1.8450036,1.2901376,1.3158420070556442,0.1597,1.6010387,-0.73320085,-1.036867306458959,0.7635,3.7381494,-0.87152696,-1.9532645967384066,0.7814,1.0780506,0.08330983,-0.8917389049564208,0.7953,1.2992771,-0.16121647,-0.13551207748371216,0.561,2.1753266,0.41674122,0.11307474850089992,0.5041,3.9624696,-0.6009594,-1.6826970659754474,0.7687,51
0.7964595687813029,1,0.038267750293016434,0.03393671927369145,1,0.07445856183767319,-1.0881592048305009,1,0.13948261737823486,-0.028710829419986116,1,0.0791415125131607,1.3318416,-0.68232095,0.11413862418606091,0.4705,1.427114,1.3445309,1.3784676863599208,0.1642,2.1621351,2.20508,1.1169208548243046,0.2985,3.052302,-0.4160184,-0.4447292150755296,0.584,1.0439463,-0.34023526,0.45622429220920757,0.3312,1.3204961,-0.24674286,-0.2128061403736109,0.5784,2.1270044,1.4448744,0.35671522522253035,0.4507,3.8166523,1.7377732,1.709062365082016,0.3789,52
1.3013827179540853,1,0.03776458278298378,-0.033439361525291866,1,0.07794561237096786,-1.7036402920389662,1,0.11897499859333038,-0.16647268038310006,1,0.07714840769767761,0.9951112,-1.3610685,-0.05968579766335453,0.5207,1.345372,0.38085422,0.3474148471139873,0.4183,2.6533124,4.432309,2.728668857555919,0.1265,3.446799,0.8358872,0.6694145374209391,0.4184,0.85071164,-0.12872788,1.1726548340577663,0.0831,0.9513319,-1.5671444,-1.600583768405141,0.9496,2.5414002,-1.5770274,-3.280667742364149,0.8945,4.3308287,2.628828,2.4623553939453875,0.3191,53
-1.526598791667543,1,0.034538861364126205,-1.4555064174457235,1,0.0694747120141983,0.3686912344716704,1,0.19644683599472046,1.4391363838287639,1,0.0820811539888382,2.3242896,-0.76119745,-2.287796252044582,0.9762,1.4337908,-0.23764743,-1.6931538451804222,0.8865,2.0525746,-0.6978416,-0.32915037209128745,0.6267,3.6416404,-1.0374222,0.401714262995625,0.4782,1.0985715,-0.40270185,-1.9293006329642974,0.9603,1.202525,-0.027110681,-1.4826170987324254,0.8921,1.5989736,-0.34496552,0.023725731082692044,0.5167,3.345909,0.41294372,1.8520800969723727,0.3244,54
-0.7812046171502542,1,0.03678985685110092,-0.15302425246227291,1,0.07412006705999374,-0.1802489698525949,1,0.13539673388004303,-1.1741078601252533,1,0.07025434821844101,0.8657984,-0.60460955,-1.3858141932593755,0.9426,1.180577,-2.7629125,-2.9159366789680212,0.9881,2.6754944,3.1901078,3.0098588856810142,0.1172,3.604474,11.802455,10.628347847721468,0.0014,1.0947087,-0.2634085,-1.0446131323120118,0.8299,1.2170085,-0.5598618,-0.7128860248162814,0.73,1.8987949,-0.32372177,-0.5039707489973114,0.6171,4.3969855,0.7491611,-0.4249467541817971,0.6512,55
-2.3003644399308394,0,0.0314805693924427,-2.5958682486421445,0,0.06744371354579926,0.4530927970078881,1,0.1518825739622116,2.036092044331399,0,0.08087044954299927,1.5466629,5.9180813,3.6177168667277835,0.0053,2.431167,6.0040426,3.408174551393471,0.0107,1.9920344,-0.7774656,-0.32437280644997035,0.5884,2.7868598,-3.2451015,-1.2090094127202549,0.6931,1.0198592,0.1374896,-2.1628748402017823,0.9829,1.2247338,0.08138538,-2.5144828704631457,0.9739,1.8286529,-0.45016676,0.0029260251512190087,0.5262,4.1118436,1.6355358,3.671627919317856,0.1751,56
0.37339865861910987,1,0.03886032477021217,0.20186508406665016,1,0.08646678179502487,-0.019924449191554876,1,0.12737348675727844,-0.17827115847410316,1,0.08178341388702393,1.2641925,-0.21064222,0.1627564387020875,0.4727,1.6283201,0.19257559,0.3944406794265588,0.3887,2.4384933,1.2200017,1.2000772120371226,0.3157,2.7723544,0.78162163,0.6033504895422922,0.4276,0.92981297,-0.73052657,-0.3571279229647848,0.6531,1.0880628,-1.8278055,-1.6259403939984705,0.9242,2.4306114,2.0419195,2.0219951356416614,0.2102,3.7261624,6.075863,5.897591862971887,0.0256,57
-0.5537135245733358,1,0.036925774067640305,-0.4160595584139694,1,0.07403742522001266,0.25663407007198913,1,0.15914975106716156,0.23677813396037478,1,0.07778193056583405,1.3467461,-0.28523755,-0.8389510811287156,0.7953,2.2060428,0.19366226,-0.2223973006304131,0.5932,2.0325303,0.6215821,0.8782161723215484,0.3223,2.8193486,-0.18560661,0.05117151676760494,0.5051,1.0452095,-0.06163564,-0.6153491656281302,0.7239,1.2477098,-0.0652349,-0.48129445760775114,0.6658,2.1603765,1.001066,1.2577000454759995,0.2928,4.0648856,1.671812,1.9085902161687571,0.3796,58
0.6527955695814066,1,0.04139373451471329,1.1047086044662808,1,0.08373785763978958,0.7720203081755018,1,0.18672223389148712,0.5740699877123276,1,0.0793464332818985,0.9568115,-0.92003185,-0.267236260372769,0.6276,1.1358203,-1.6279609,-0.5232523408225122,0.6947,1.8975791,-0.6495692,0.12245109358067859,0.5004,3.6517456,-0.3657854,0.2082845917320848,0.4899,1.1432601,-0.53573966,0.11705589843213536,0.4622,1.3587204,0.7439439,1.8486525395038127,0.0824,1.5414649,1.2543755,2.0263957760757028,0.0876,3.990642,0.7704053,1.3444753081261083,0.4437,59
-0.6180165921236318,1,0.036449287086725235,-0.7848908706141381,1,0.07423040270805359,-0.6517153617836636,1,0.1416705995798111,0.2859725625508994,1,0.08284110575914383,1.2606128,-0.323281,-0.9412975772057242,0.7749,1.5632991,1.0849167,0.30002581542413376,0.4225,2.1496553,0.7795861,0.1278707122792222,0.5016,3.4699056,-1.548396,-1.262423411994789,0.6722,0.93715084,-0.92084354,-1.5388601369891155,0.9467,1.151206,-1.1560677,-1.9409585592182945,0.9481,2.594373,3.388388,2.7366725522866355,0.1445,3.5951233,3.7081869,3.9941594127754527,0.1028,60
0.09848197367523606,1,0.03817816451191902,0.2898335384872752,1,0.08221568912267685,0.9857705717197545,1,0.14961974322795868,0.35072858769938553,1,0.0739067941904068,1.673846,1.8186629,1.9171448970485363,0.0467,1.9692776,0.6851994,0.9750329027169765,0.2175,1.7764689,-1.8545084,-0.8687377941881388,0.72,2.979982,-0.60779417,-0.25706555565434985,0.545,1.14827,0.1632665,0.261748474611531,0.4111,1.1546984,-0.018671108,0.27116243035784143,0.4213,1.7258306,0.3417429,1.3275134847175194,0.2279,4.188901,2.521256,2.871984581639465,0.2668,61
-1.1108159220589895,1,0.035795971751213074,-0.4957081271835786,1,0.07548623532056808,1.405440170812997,1,0.1757575124502182,0.572240784986371,1,0.07141975313425064,1.2558097,2.058863,0.9480469580934691,0.23,1.3075721,1.9673144,1.4716061870243282,0.1217,1.5201197,-1.8431906,-0.43775035742182183,0.6472,2.9291625,-2.2997432,-1.7275024705822584,0.7318,1.1217451,-0.010643457,-1.121459379151096,0.8425,1.233935,0.5029378,0.007229664126789169,0.5079,1.7255802,0.031498395,1.4369385649900672,0.208,4.911733,-1.2732004,-0.7009595550583848,0.6838,62
-0.29090689773024264,1,0.03557753562927246,-0.8351062949440865,1,0.07787979394197464,0.8935708017609191,1,0.16099409759044647,1.683082852666777,1,0.08258934319019318,2.442048,-1.6650382,-1.9559451291020822,0.9506,1.5142242,-0.022932695,-0.858038990135608,0.783,2.01595,0.70587075,1.599441546941628,0.1901,2.6518202,-2.6140976,-0.9310147791321461,0.6637,1.0485173,-0.35091105,-0.6418179503159701,0.7321,1.2281016,-0.22547652,-1.0605828133554784,0.8102,2.0194337,1.4040303,2.297601167553411,0.1249,3.6488721,2.8509195,4.534002396401465,0.0707,63
-0.5247203223008897,1,0.036980483680963516,-0.06897304220127035,1,0.07497565448284149,-0.16777452693730777,1,0.1351809799671173,-0.6357711813774573,1,0.07037060707807541,1.7655882,3.9101553,3.3854350710440237,0.0018,1.9118701,1.3709863,1.3020132440801815,0.1852,2.3329475,0.6281582,0.46038367952175535,0.4405,4.2939014,2.8815086,2.2457374460070496,0.2746,1.0185452,0.11766686,-0.4070534598357408,0.6547,1.1652216,0.057149205,-0.01182383652212418,0.517,2.070566,0.7094277,0.5416531725310031,0.4161,3.9149704,0.76098645,0.1252152597839509,0.5854,64
1.5721314571078653,1,0.04732668027281761,2.5704903613887686,0,0.08375999331474304,-0.44010405855385704,1,0.18305513262748718,-1.2903493288498729,1,0.08000533282756805,3.1993766,-2.2426116,-0.6704802734285678,0.8211,1.276598,-3.2459705,-0.6754802226919654,0.7325,2.2101123,1.2040927,0.7639886681087948,0.3659,3.251648,1.3761572,0.08580783216152825,0.5144,1.26415,-0.26092368,1.311207770620629,0.1511,1.5634112,1.3134059,3.8838961771829332,0.0025,2.1425061,1.2826508,0.842546722235328,0.3746,4.4656014,-1.7787124,-3.069061719661908,0.8688,65
0.9064109543465237,1,0.03977181017398834,0.8046937657836181,1,0.08055155724287033,-1.3472923512763453,1,0.11923190951347351,-1.4602329442608137,1,0.07163288444280624,1.2736324,0.19024062,1.0966515688593768,0.1404,1.277371,0.26631328,1.0710070539123948,0.1991,2.5518086,0.31073403,-1.0365583130600968,0.7176,2.9513495,1.503934,0.04370110135803544,0.5156,0.9926573,-0.24065572,0.6657552281887015,0.2542,1.124906,-0.97288585,-0.168192102315259,0.5748,2.3697457,-0.78284144,-2.130133807110101,0.818,3.9958615,3.5374281,2.0771952247060996,0.3433,66
0.627419202722768,1,0.041632674634456635,1.3352346379970654,1,0.08376020938158035,0.49201892292933774,1,0.1676042377948761,0.03201806405254609,1,0.06988611072301865,0.9710624,-1.2424171,-0.6149979518035851,0.7449,1.2687578,-1.1815851,0.15364951670527896,0.4441,1.5155997,-0.8003954,-0.3083765346429902,0.6021,3.2078776,-2.9651322,-2.9331142846634126,0.8712,1.046071,-0.0809987,0.5464205060879485,0.2995,1.2196424,-0.15419176,1.1810428740880823,0.1661,1.7961503,0.24161178,0.7336306970384247,0.3568,4.184575,-2.2940853,-2.262067142113155,0.8091,67
0.0737078222967603,1,0.03827231004834175,0.5245448963460557,1,0.07390888780355453,-1.5076150344314885,1,0.125356063246727,-1.8363306674680924,1,0.0702083632349968,1.2197335,-1.4274038,-1.353695986186013,0.9364,1.1894004,-2.1106586,-1.586113868480102,0.8997,2.9047415,1.2657883,-0.24182671911082826,0.566,3.4780326,1.6172638,-0.21906682088168072,0.5439,1.0256729,-0.033639472,0.04006834964610905,0.489,1.2564732,-0.69584936,-0.17130443978018692,0.572,2.2176344,2.1492105,0.6415954918530192,0.4017,4.6883593,3.71148,1.8751492989594731,0.4093,68
0.9590744337353614,1,0.041517410427331924,1.2847509176645548,1,0.08705264329910278,0.6839406453515045,1,0.14798468351364136,0.47661340675963293,1,0.0722765401005745,0.9663455,-1.5346397,-0.5755652551942642,0.7478,1.4631411,-2.2947667,-1.0100157411737478,0.8442,2.2132185,1.3417717,2.0257123995728965,0.1705,3.9623215,2.784357,3.260970520657435,0.178,1.1118743,0.23781899,1.1968934237616025,0.1442,1.1742415,0.48667547,1.7714263803996027,0.0614,2.3643785,-0.31453082,0.3694098247482349,0.4622,4.484514,-1.5386437,-1.0620302896886884,0.7184,69
-0.5445572289545692,1,0.038646019995212555,0.5210644223712803,1,0.07711818814277649,-0.09079557605625628,1,0.1422257125377655,-1.8215255500995424,1,0.07119942456483841,1.1501209,1.7741464,1.2295892350482873,0.1367,1.0662698,1.3458816,1.866946044240021,0.0339,2.0266912,-1.3314612,-1.422256717563826,0.7997,2.3557253,-2.4920485,-4.31357403158674,0.9742,1.0329561,-0.3352208,-0.8797780442997574,0.8056,1.3043342,-1.0727264,-0.5516619861133064,0.6752,2.1978836,0.5095469,0.41875128213778545,0.443,4.5027213,4.382638,2.561112573217981,0.318,70
-1.6677282988775424,1,0.03567154332995415,-0.6012732991089397,1,0.0801723524928093,1.4740827110254147,1,0.15875133872032166,0.8414385925081895,1,0.07843296974897385,2.3059814,1.8902427,0.22251437965634613,0.4435,1.553678,-0.31887066,-0.920143959170864,0.8129,1.7859365,-2.5109093,-1.0368267242821267,0.7336,3.0413036,-0.5495564,0.2918822334176713,0.4773,1.027972,-0.15837741,-1.8261057090762922,0.9625,1.054686,-0.58836836,-1.18964168284691,0.8693,1.7034957,0.36157918,1.8356618997745555,0.1424,3.67702,1.9650208,2.80645933184796,0.2296,71
-0.18495828558589358,1,0.03839920461177826,0.33295993086522097,1,0.07743843644857407,0.9505228457488192,1,0.17630310356616974,-0.4182110542721151,1,0.06889534741640091,1.2803066,1.7807939,1.5958356600710846,0.1016,1.6936327,2.5766013,2.9095612679751053,0.039,2.0257254,0.9690591,1.9195819701997237,0.1607,3.8172243,0.24574605,-0.1724650120790827,0.5427,1.0676323,-0.16609551,-0.35105379391810476,0.634,1.2914499,0.608206,0.9411658758443048,0.2373,2.1343517,-0.20779645,0.7427263878015139,0.3859,4.1446424,-2.7520251,-3.1702360674196552,0.8582,72
-0.6358774658093708,1,0.038077834993600845,0.11288039294934699,1,0.07430911809206009,0.3664748634395243,1,0.16634170711040497,-0.33995604644833993,1,0.07279790192842484,1.0858246,2.0361028,1.4002252715639605,0.0893,1.5349604,1.281848,1.3947283433536193,0.1809,2.7126606,1.0348814,1.4013562479558592,0.2765,3.469157,1.5864798,1.2465237894785968,0.3746,1.2228554,0.36675847,-0.269119001909809,0.5873,1.2416723,0.42689335,0.5397737487192439,0.3492,1.6596539,-0.14669028,0.21978458663855954,0.4701,4.220028,-0.059891295,-0.3998473405726816,0.648,73
0.3737491247057281,1,0.040799494832754135,0.9490874379483994,1,0.07937125116586685,0.2811444836274738,1,0.17808008193969727,-0.07567392923705617,1,0.07471539080142975,0.99201024,-1.3225207,-0.9487716022717613,0.8575,2.2681131,-2.1781013,-1.2290138325916506,0.8798,1.6924971,0.07451916,0.35566364359330693,0.4219,3.4632328,1.2198482,1.1441742378688748,0.3655,1.0862776,-0.27223298,0.10151614800944227,0.4644,1.3053758,0.6767968,1.6258842438145995,0.0994,1.5703648,1.7319613,2.0131057861463444,0.0943,3.8542938,-0.22336727,-0.29904119711252247,0.6322,74
-0.20011707652659844,1,0.037082184106111526,-0.14447181904088863,1,0.0712907463312149,-0.974668753681612,1,0.13579213619232178,-0.8357814988321336,1,0.06993374228477478,2.868598,-1.4522231,-1.6523401793398609,0.9478,1.4189717,0.038921952,-0.10554986673957269,0.5514,3.1040459,5.5995917,4.624922856237386,0.0304,3.7339456,5.1250486,4.289266922556036,0.1293,1.0772835,0.13570027,-0.06441680288256996,0.5269,1.1784873,0.037505634,-0.10696618335071331,0.5509,2.225366,-1.2208712,-2.1955400151171047,0.8358,4.171839,-1.2291149,-2.064896379294695,0.7874,75
1.3737534658597652,1,0.03732024505734444,-0.1833578980767853,1,0.06988120079040527,-1.3578917829317876,1,0.13912349939346313,-0.8692427965785354,1,0.07395041733980179,1.1321155,0.13521157,1.5089650438901598,0.0817,1.2497424,1.1808025,0.9974445843270113,0.2111,1.8771589,-1.4609369,-2.8188286302458545,0.9406,2.9423976,-1.0280977,-1.8973405456292844,0.7557,1.0760713,-0.15396169,1.2197917823949647,0.1293,1.3251692,0.51927733,0.33591945493563696,0.4149,2.2626143,0.14330117,-1.2145906032504965,0.7203,4.082992,-0.9723208,-1.8415635672997224,0.784,76
-1.6034376794748295,1,0.03256194293498993,-2.0416645250900483,1,0.06740594655275345,0.05370229893504696,1,0.14355558156967163,1.1597393632286408,1,0.07492522895336151,1.3391126,1.7135752,0.1101375392127476,0.47,2.024307,2.664908,0.6232433406915142,0.3372,2.1872559,1.2094103,1.2631126158051837,0.2692,3.2330492,-1.197469,-0.03772960496182789,0.5444,1.1001215,-0.044407938,-1.6478456156086756,0.9315,1.3353318,0.525197,-1.5164674806979008,0.8715,2.2188876,0.62650245,0.680204761293821,0.3993,3.9519951,-1.2031999,-0.043460543218008546,0.6066,77
1.3570411293526716,1,0.04163976386189461,0.9676172140322767,1,0.07529270648956299,-0.2533173583149668,1,0.17243973910808563,-1.041320441915935,1,0.0761081650853157,0.9385252,-0.83392006,0.5231210415770342,0.2828,1.1949736,0.055900797,1.023518012162742,0.1873,1.4314032,-0.7172291,-0.9705464847542415,0.7648,2.8350537,-0.9613319,-2.002652357082407,0.8032,1.053898,-0.025559716,1.3314814133888802,0.101,1.351195,1.0828704,2.0504875704756644,0.0564,1.9005736,0.88660973,0.6332923588226474,0.3852,4.2291183,-0.82985824,-1.8711786953876457,0.7858,78
-0.6174380403309798,1,0.037614449858665466,-0.29120176938015485,1,0.0854969397187233,0.5832933655337524,1,0.13176403939723969,0.9186837999773632,1,0.0836663618683815,3.169074,1.5524088,0.934970722147415,0.263,1.7304369,3.7280798,3.4368780339871923,0.0089,2.5765002,2.9565332,3.5398265316450543,0.0589,2.1496043,-2.9527826,-2.034098908509713,0.8344,0.9246585,-0.52035147,-1.13778952510099,0.8924,1.0027181,-1.4441181,-1.735319935460848,0.9501,2.317089,1.8040528,2.387346162610609,0.1484,3.514709,5.1326327,6.051316402168608,0.0149,79
0.369719489698073,1,0.03826748579740524,0.004606498826700114,1,0.0747629925608635,0.00240993309776135,1,0.1748121678829193,0.8010392404112437,1,0.07905108481645584,2.7683902,-0.37624887,-0.006529372538902977,0.5134,1.5282688,0.8112285,0.815835019097577,0.2428,1.3825122,-0.69328403,-0.6908740832119076,0.7273,2.4268482,-2.8998423,-2.098803050728191,0.8141,1.123781,-0.2653243,0.10439519681475028,0.4681,1.2620065,0.73876184,0.743368366734868,0.2867,1.6304258,0.12653035,0.12894028579256128,0.4865,3.9226081,-1.8389281,-1.037888863368029,0.7209,80
-0.4136749009546097,1,0.03754989057779312,-0.0042365972712999815,1,0.07608509808778763,-0.2674819072085002,1,0.13642877340316772,-0.5731334311825625,1,0.07337693125009537,1.2129279,-0.45043147,-0.864106371187618,0.8235,2.383782,-0.123365045,-0.12760164078053898,0.5643,2.4685547,3.3048217,3.037339851762532,0.0803,3.6542797,2.7203078,2.1471745146588535,0.2571,1.0841509,-0.10995224,-0.5236271397167501,0.6853,1.2247342,-0.46289292,-0.4671295026453762,0.6612,1.9677327,0.27061704,0.003135137260555858,0.5211,3.703054,1.1459825,0.5728491234946289,0.5244,81
-0.6529860780186285,1,0.035741642117500305,-0.7899977943668597,1,0.0732683464884758,0.8192793955764228,1,0.17049379646778107,0.7752913799543281,1,0.07374574989080429,1.035225,0.46662924,-0.1863568501543204,0.5789,1.3675793,0.44386166,-0.34613614054469277,0.611,2.009799,-0.04977746,0.7695019378769399,0.3628,3.653751,0.95717645,1.7324678240131048,0.3193,1.0547247,0.015482487,-0.6375035906646471,0.7253,1.2933656,0.64668065,-0.14331714004733215,0.5599,1.7333503,0.5530967,1.3723760875293718,0.217,4.417659,-1.2944624,-0.5191710193193828,0.6652,82
-0.17670919068029844,1,0.033880122005939484,-1.4740457467343913,1,0.07764270901679993,0.9535717157942849,1,0.1480436772108078,2.3978890565904987,0,0.0859871581196785,1.2440516,0.03663526,-0.14007392937323646,0.5503,1.1353182,1.2969661,-0.1770796508751344,0.5785,1.734273,-2.9667013,-2.0131294851969943,0.8785,2.6415453,-3.7600007,-1.3621116573856982,0.7331,1.0147405,-0.07166606,-0.248375249295573,0.5969,1.175111,-0.5872419,-2.061287619609121,0.955,1.959702,-0.59783214,0.3557395775740477,0.4473,3.0692163,2.3009048,4.698793804800814,0.0331,83
-0.9535415193052861,1,0.03612928092479706,-0.34394156314695,1,0.0805073231458664,1.519642628968615,1,0.1584838181734085,1.1547099728320371,1,0.07601423561573029,1.1676377,2.8362212,1.8826797877583679,0.0502,1.2202644,0.6460156,0.30207403445094216,0.3992,1.8819028,-1.5566772,-0.037034623774019296,0.5132,3.6056316,2.1381254,3.292835510815139,0.1611,1.0777295,-0.032968804,-0.9865103244046944,0.8217,1.270962,0.21707296,-0.12686860684965356,0.558,2.508803,1.3500834,2.869726013474094,0.1208,4.3925214,-0.29982656,0.8548834016273333,0.5183,84
0.24592101915822498,1,0.041807424277067184,1.3209963470843744,1,0.08737144619226456,1.4059654634258492,1,0.17681071162223816,0.20432496344751205,1,0.07463322579860687,0.8959283,-0.5592774,-0.3133564028640435,0.6433,0.99618804,-0.80107397,0.5199223624319582,0.3092,1.3786556,-1.9162359,-0.5102704750873241,0.6689,2.8154435,-1.3992207,-1.1948956893920017,0.7082,1.1100166,-0.13110124,0.11481978989707817,0.4617,1.349703,0.28826967,1.6092660254969877,0.1092,1.4022082,0.8701805,2.2761459503912413,0.0485,4.0867844,0.9922327,1.1965576471119093,0.4588,85
-0.07484249937767068,1,0.03757738694548607,-0.11515046302056452,1,0.07635057717561722,-0.016379676587447493,1,0.1392112523317337,-0.2649687308702465,1,0.07303892821073532,0.92351806,-1.5071728,-1.5820153715095404,0.9536,1.0919124,-1.9464934,-2.0616438910921686,0.9669,2.31271,1.072701,1.0563213012971417,0.3138,3.262167,3.590645,3.3256762465088916,0.1471,1.0377014,-0.1855391,-0.26038159816549905,0.6051,1.2459275,-0.19842303,-0.31357348905368193,0.6163,2.4178712,1.3516538,1.3352741811472946,0.3079,4.356077,2.2492049,1.9842362415472055,0.3767,86
1.483799571228183,1,0.04265424981713295,2.1335705358615757,0,0.07682517915964127,-1.969085028386303,1,0.12626691162586212,-3.404728587260945,0,0.06624583899974823,3.2024312,-1.2222472,0.2615523803543311,0.4193,1.285453,-1.2956704,0.8379000865167257,0.2595,2.7345603,3.4234703,1.4543851282608666,0.2879,3.6718469,3.4198103,0.015081597135918149,0.5205,1.0548447,-0.2980634,1.1857361710957979,0.1323,1.0746768,-0.70258915,1.4309814057411379,0.0878,2.8478682,0.26251894,-1.7065661005455868,0.74,4.977951,-0.29304743,-3.6977760222669946,0.8707,87
0.09707969694298096,1,0.03807144984602928,0.28386002369009844,1,0.07642395794391632,-1.941031390134529,1,0.11696815490722656,-1.5789246637995078,1,0.07371343672275543,2.1538696,-0.06274297,0.03433672934707551,0.5165,1.7751217,-0.1705843,0.11327571667422215,0.4779,2.7359366,3.0809622,1.139930697105585,0.3449,2.9826827,0.8112011,-0.7677235398462651,0.625,0.93489397,-0.055898167,0.0411815305829598,0.4849,1.0163602,-1.2581794,-0.9743193483760584,0.8338,2.2425652,0.88176006,-1.0592713004484304,0.6919,3.7767494,3.3761373,1.7972125555280407,0.3687,88
-0.14157722980042292,1,0.03593694046139717,-0.38754202920669334,1,0.07400863617658615,0.2965945841824062,1,0.14698058366775513,0.32919119787681683,1,0.0713004320859909,1.0170232,-0.14901435,-0.29059157649898426,0.6372,1.8605883,-0.045586593,-0.43312862399505664,0.6409,1.8959348,-0.05648185,0.24011273659985605,0.4633,3.143075,-1.2256597,-0.8964684879969053,0.6408,1.1252673,0.29114887,0.14957163288896602,0.442,1.2139938,0.25219327,-0.13534876879932098,0.5596,1.5582936,-1.1091765,-0.812581891176739,0.7083,4.3745675,-1.5209169,-1.191725788528934,0.7162,89
0.5051050646983254,1,0.03721010684967041,-0.37724683557292893,1,0.07079274207353592,-1.45248929627751,1,0.1306426078081131,-0.4431058878044358,1,0.07512049376964569,1.2369937,1.2808315,1.7859364838326268,0.066,1.839183,2.5138023,2.136555569716852,0.0547,2.283024,1.0103014,-0.44218792220207026,0.5874,3.4730768,-1.0558792,-1.4989850733478653,0.7025,1.1410769,0.18289171,0.6879967706901688,0.2757,1.3624691,0.27005777,-0.10718906344704036,0.5486,2.098685,-0.9175054,-2.369994697327346,0.8685,4.228448,1.6616955,1.21858959214687,0.4626,90
1.0120299905055652,1,0.04154367744922638,1.199326108739736,1,0.08390220999717712,0.26153598578508375,1,0.14454473555088043,-0.4488728330575475,1,0.07265454530715942,0.9769818,-2.0923595,-1.0803296616975417,0.8643,1.3701323,-0.7481969,0.45112920831274633,0.3799,2.1245253,2.585109,2.8466450238875707,0.0687,3.8186505,1.5853872,1.1365144006149601,0.3929,1.0620651,-0.24732734,0.7647026541733726,0.2371,1.229698,-0.25228795,0.9470381569791542,0.2237,2.145542,1.3336818,1.5952177643567944,0.2339,3.9194407,0.47939932,0.030526498001133773,0.5998,91
-0.5949216033015816,1,0.03780734911561012,-0.3017419264810235,1,0.07026425004005432,-1.560607770362886,1,0.13746513426303864,-1.240423125017808,1,0.07661723345518112,1.0502989,2.6439517,2.0490300707480356,0.0215,1.2242323,-0.29503533,-0.5967772515064617,0.7038,2.419766,-0.72219956,-2.282807319008764,0.8474,3.455683,3.7460425,2.5056194012266966,0.2178,1.0842385,-0.13684332,-0.7317649231197321,0.7485,1.3817207,0.46548784,0.16374592448414266,0.4665,2.0665596,2.0865262,0.5259182825519296,0.4142,3.4834023,0.9642508,-0.2761723248683241,0.627,92
0.10170440620070409,1,0.04120688512921333,1.2936251656261961,1,0.0851440578699112,1.1874189219444131,1,0.16592596471309662,-0.7425476642763871,1,0.07051663845777512,0.96659815,-1.3503809,-1.2486764546477842,0.9021,1.2402071,-1.950725,-0.6570997393908666,0.7151,2.1609654,2.0590782,3.246497136128871,0.0289,3.790225,4.204101,3.461553456713307,0.1457,1.082755,-0.1927917,-0.09108729473305749,0.5337,1.4319031,0.18181421,1.475439369917785,0.1539,1.9857543,1.71572,2.903139019010421,0.0635,4.659765,1.5069807,0.7644330447522094,0.5364,93
-2.6699059473730893,0,0.03093290887773037,-3.1102850549824415,0,0.06226033344864845,-0.12418266753802693,1,0.15514057874679565,0.9335125180649898,1,0.08059953153133392,1.5479562,4.094849,1.4249430916965693,0.182,1.8788387,5.3755364,2.265251574519079,0.1069,2.6893294,2.5284286,2.404245844998534,0.1443,2.5655923,-0.35245556,0.5810569643643869,0.4236,1.0758061,0.1133403,-2.55656564628642,0.9903,1.2548515,-0.15177563,-3.2620606824161555,0.9923,2.1352165,0.8529856,0.7288029515599769,0.3878,4.2342253,1.3974161,2.3309286121151582,0.3356,94
0.7792548410424175,1,0.04020215570926666,0.9239106838807223,1,0.0859406590461731,1.0062848869841698,1,0.14923004806041718,0.07472080442158614,1,0.07329010963439941,0.97562754,-0.40062848,0.37862635710978937,0.3491,1.1477934,-0.84288114,0.08102951426817723,0.4737,2.129624,-0.8876364,0.11864847320313153,0.5121,4.040967,0.7451017,0.8198224794324026,0.4258,0.99337405,-0.45032007,0.32893476124764215,0.3706,1.1436585,-0.2972178,0.6266928830768911,0.3005,1.979055,1.2742409,2.28052577726311,0.1208,4.0669727,1.7077433,1.782464110396518,0.3855,95
0.2606002480066146,1,0.03808106482028961,0.08446246614198251,1,0.07699402421712875,-0.6410281237541555,1,0.13111907243728638,-0.9660623833483211,1,0.07395385205745697,1.2470449,0.052734863,0.31333510984016527,0.4191,1.2084895,1.6406144,1.7250768170933068,0.0714,1.8911493,-1.0128688,-1.653896944876678,0.8588,2.2505763,-2.994238,-3.9603002966576994,0.9391,1.0800662,-0.407191,-0.14659076991223507,0.5506,1.251511,-0.72759384,-0.6431313911226506,0.71,2.1726873,0.7928519,0.15182381411510887,0.4911,4.4099097,3.569527,2.6034645863485877,0.3119,96
0.8459276012275335,1,0.04196610674262047,1.374756253795939,1,0.08457113802433014,0.29159481170466384,1,0.14478462934494019,-1.0154938306383459,1,0.07140979170799255,1.0415225,-0.22832245,0.6176051520120698,0.269,1.222287,0.7384759,2.113232148227998,0.035,2.104436,1.5644505,1.8560452648180403,0.1747,2.584083,0.49963713,-0.5158567097155187,0.6129,0.98030376,-0.18683252,0.6590950832524721,0.2507,1.1357499,-0.41101068,0.963745576800383,0.2042,2.1860502,0.814854,1.1064488121649199,0.3206,3.887022,2.7749863,1.7594923448999735,0.3819,97
-0.5773922164489195,1,0.0374760739505291,0.06111815375547274,1,0.08044334501028061,0.6049805749643544,1,0.14275938272476196,0.04113885851462878,1,0.07567276060581207,2.1434364,3.0306253,2.453233016965266,0.01,1.8635352,2.2138145,2.274932589590571,0.0535,2.451543,-1.0533843,-0.4484037234275742,0.6054,2.66271,-0.3615421,-0.3204032520248358,0.5725,0.9859424,-0.3616924,-0.9390846257326235,0.8285,1.3710362,-0.42790413,-0.366785981524551,0.6293,3.8752663,1.9059991,2.5109796856505247,0.2712,4.8575206,0.8896789,0.93081777354015,0.5275,98
0.191969538758323,1,0.038915589451789856,0.3137757056163866,1,0.07713035494089127,0.6485151989050095,1,0.17793366312980652,0.1723208355181823,1,0.07777898013591766,0.9861956,0.6288237,0.8207932283164873,0.2031,1.1587101,0.32650182,0.6402775200509337,0.2955,1.464813,-1.2342588,-0.5857435177137853,0.6755,3.012813,-0.57171667,-0.3993958226006718,0.5765,1.0215529,-0.5437687,-0.3517991592066262,0.6365,1.3443794,0.35503277,0.6688084854120274,0.3209,2.1613984,2.1373968,2.7859119133641728,0.0897,3.5155644,-0.7556689,-0.5833480692895838,0.6715,99
0.3370856856489958,1,0.03675168752670288,-0.5396613858159909,1,0.07476892322301865,0.20652977935754405,1,0.15549807250499725,-0.06053411916676786,1,0.07933042198419571,1.0686953,-0.25831062,0.07877507131956192,0.4806,1.3538378,0.6516116,0.11195024770024659,0.4657,1.905066,0.9623199,1.1688496898843053,0.2658,3.1285388,2.1206994,2.0601653958108104,0.261,1.0612735,-0.37449136,-0.03740567085799176,0.5139,1.4285243,0.5127684,-0.02689302727418123,0.5261,2.671158,4.178217,4.384746809842248,0.041,4.0669723,3.1678529,3.1073186890241127,0.2252,100
