method,n,N,N_label,param,seed_count,replicate_count_total,seed_mean_bias_mean,seed_mean_bias_sd,seed_mean_abs_bias_mean,seed_mean_bias_rmse,replicate_mean_abs_bias_mean,seed_mean_bias_q05,seed_mean_bias_q25,seed_mean_bias_q50,seed_mean_bias_q75,seed_mean_bias_q95
flow_npe,100,100,N=n,lambda,101,10100,-0.5767156937098739,3.0012609656245814,2.193531915645788,3.0415431181671693,2.3961937388807244,-4.649686279296875,-2.123339157104492,-0.7159152221679688,0.5163490295410156,3.353418426513672
flow_npe,100,100,N=n,sigma,101,10100,1.8697253311270536,0.7286167428016633,1.8697253311270536,2.0053675251135035,1.8697253311270536,0.8182351207733154,1.4405074071884156,1.787301173210144,2.1658611416816713,3.224415259361267
flow_npe,100,100,N=n,xi,101,10100,-1.2704330530379078,0.25984739678866653,1.2704330530379078,1.2964768761484724,1.2704330530379078,-1.647321618795395,-1.458575873374939,-1.3178665947914123,-1.0591294109821319,-0.8037455070018769
flow_npe,100,460,N=n log(n),lambda,101,10100,-0.6975841303154975,1.1985353551140387,1.0808873136916965,1.3816251202070597,1.3812008198653114,-2.6265813446044923,-1.4792154693603516,-0.6625023651123046,0.13713729858398438,1.1393509674072266
flow_npe,100,460,N=n log(n),sigma,101,10100,1.3408604710645013,0.33622146108059175,1.3408604710645013,1.3819668655966566,1.3408604710645013,0.8210520482063294,1.1112467336654663,1.340160264968872,1.5511807918548584,1.8843540668487548
flow_npe,100,460,N=n log(n),xi,101,10100,-1.248981700710731,0.13634513737178422,1.248981700710731,1.2563284705140065,1.248981700710731,-1.4652934861183167,-1.3445925533771514,-1.259087904691696,-1.1330413222312927,-1.0424614334106446
flow_npe,100,1000,N=n^(3/2),lambda,101,10100,-0.3994649634030786,0.6958892525294458,0.6065664008112237,0.7993994226747679,1.0329000068891168,-1.4840303039550782,-0.862037124633789,-0.3150078582763672,0.09716453552246093,0.5132674407958985
flow_npe,100,1000,N=n^(3/2),sigma,101,10100,0.9604543265375761,0.23392390491115744,0.9604543265375761,0.9882566066470113,0.960465025606722,0.5713112568855285,0.7689230918884278,0.9825320076942444,1.135850977897644,1.256080904006958
flow_npe,100,1000,N=n^(3/2),xi,101,10100,-1.0740478975229926,0.1619858001398591,1.0740478975229926,1.0860748084668859,1.0740478975229926,-1.3536267971992493,-1.1928100109100341,-1.0815871560573578,-0.9684329533576965,-0.8212813091278076
flow_npe,100,10000,N=n^2,lambda,100,10000,-0.005281925964355465,0.3690544138678166,0.2825747787475586,0.3672424914593318,0.854947850036621,-0.6343802185058594,-0.23260751724243164,0.019181480407714842,0.19207464218139647,0.5718335151672362
flow_npe,100,10000,N=n^2,sigma,100,10000,0.21243356100320812,0.22234320729297347,0.21329753199815746,0.30670858261799044,0.24502309650182724,0.005723329246044159,0.07317841351032257,0.12460390746593475,0.2695397388935089,0.6962642446756363
flow_npe,100,10000,N=n^2,xi,100,10000,-0.1384626188352704,0.12199030003686184,0.1384626188352704,0.18413232683256386,0.13983976768702266,-0.4324482003301382,-0.17839060893282294,-0.08783341951668264,-0.05451118672266603,-0.02403140449151397
flow_npe,500,500,N=n,lambda,101,10100,-0.8060286561569366,1.1411023578193924,1.0734143209929514,1.392445532828361,1.1486307601173327,-2.774699859619141,-1.373295211791992,-0.7144118499755859,-0.08645896911621094,0.6719974517822266
flow_npe,500,500,N=n,sigma,101,10100,1.295055289551763,0.31264835960611786,1.295055289551763,1.331896913395044,1.295055289551763,0.8912407279014587,1.088041217327118,1.240598657131195,1.4942039394378661,1.8366672325134277
flow_npe,500,500,N=n,xi,101,10100,-1.2529231791094977,0.1474643925303692,1.2529231791094977,1.2614860028505357,1.2529231791094977,-1.5016031002998351,-1.3572114408016205,-1.2595919251441956,-1.152058470249176,-1.0352777230739594
flow_npe,500,3107,N=n log(n),lambda,101,10100,-0.10165920673030437,0.3601102028182817,0.2981309290215521,0.37246476134734374,0.46398387569012034,-0.7084603118896484,-0.3584246063232422,-0.12154266357421875,0.10827468872070313,0.6109939575195312
flow_npe,500,3107,N=n log(n),sigma,101,10100,0.7502251299300996,0.2696698311188936,0.7502251299300996,0.7967681879920612,0.7503663258977455,0.27420969247817994,0.5523373031616211,0.7976369714736938,0.9632594275474549,1.1053734564781188
flow_npe,500,3107,N=n log(n),xi,101,10100,-0.8096944571419222,0.27815167718813905,0.8096944571419222,0.8556912095650632,0.8096944571419222,-1.1818840754032136,-1.0395698297023772,-0.8614120537042618,-0.6251825606822967,-0.3183818277716637
flow_npe,500,11180,N=n^(3/2),lambda,101,10100,-0.015362512569616337,0.27423109409641666,0.21717444542610995,0.2733022477830383,0.41550691963422404,-0.5303268432617188,-0.1732379150390625,-0.02297149658203125,0.17187156677246093,0.36481048583984377
flow_npe,500,11180,N=n^(3/2),sigma,101,10100,0.17580908769428144,0.23437421861538935,0.17821445603181824,0.292055192838595,0.1897994549557714,-0.008827047348022461,0.031008764505386352,0.0858865213394165,0.1918315291404724,0.6793153953552246
flow_npe,500,11180,N=n^(3/2),xi,101,10100,-0.15939413801425753,0.19223530056253943,0.15949621194217461,0.24898798517279316,0.15978943643741084,-0.5506090804934501,-0.1807377114892006,-0.0860450778901577,-0.04687825344502926,-0.011655137240886689
flow_npe,500,250000,N=n^2,lambda,94,9400,-0.011176759435775433,0.14537708163259108,0.12174581487128075,0.14503303331693496,0.37170417785644533,-0.24851249694824218,-0.1086009979248047,-0.016781425476074217,0.10584884643554687,0.1932060241699218
flow_npe,500,250000,N=n^2,sigma,94,9400,0.009438614655048288,0.01734434701889815,0.015322259981581505,0.019665033423545905,0.042552753547404676,-0.015556621491909027,-0.0033308088779449465,0.008144460916519165,0.019676143229007723,0.03915533518791196
flow_npe,500,250000,N=n^2,xi,94,9400,-0.0076401819811856495,0.00780357168936615,0.008755875156914932,0.010891293995205397,0.012798615497477508,-0.02192800060659647,-0.011557672247290611,-0.007293176352977753,-0.0031286239996552467,0.003723037891089913
flow_npe,1000,1000,N=n,lambda,101,10100,-0.39269985387821005,0.6049135668768908,0.5585837411408378,0.7186867357469896,0.621269352978999,-1.3795121002197266,-0.7292985534667968,-0.3263811492919922,0.0163800048828125,0.5457003784179687
flow_npe,1000,1000,N=n,sigma,101,10100,1.0270283657253378,0.21329495792897593,1.0270283657253378,1.0487285445343875,1.0270283657253378,0.730752956867218,0.8496618676185608,1.0251105213165284,1.1672482442855836,1.3940193462371826
flow_npe,1000,1000,N=n,xi,101,10100,-1.1287450941364363,0.1523739111765518,1.1287450941364363,1.1388825299604834,1.1287450941364363,-1.3566248083114625,-1.2447682166099547,-1.1407258772850037,-1.0269181084632875,-0.8508233648538589
flow_npe,1000,6907,N=n log(n),lambda,101,10100,-0.07918658870281559,0.24194280875001525,0.1996158229714573,0.2534309984684042,0.32480993894067134,-0.48188674926757813,-0.2287628173828125,-0.07328498840332032,0.06265129089355469,0.35379905700683595
flow_npe,1000,6907,N=n log(n),sigma,101,10100,0.4516949138310876,0.34384941477249614,0.45180728001169645,0.5666481246770961,0.45397737401546817,0.016429165601730345,0.1278727102279663,0.3788018345832825,0.7454909586906433,1.0340059781074524
flow_npe,1000,6907,N=n log(n),xi,101,10100,-0.4633956862757406,0.3344561235189988,0.4633956862757406,0.5705163687127811,0.46339589596901204,-1.0303956663608551,-0.7368247014284134,-0.42595293194055556,-0.15315971434116363,-0.048143183141946794
flow_npe,1000,31622,N=n^(3/2),lambda,100,10000,0.009180924224853518,0.1797271126385658,0.14436896438598631,0.17906173805937506,0.2911344383239746,-0.2501913337707519,-0.12707393646240234,0.005632438659667969,0.12948511123657225,0.3316281585693359
flow_npe,1000,31622,N=n^(3/2),sigma,100,10000,0.051865704953670495,0.12626232099271806,0.06180674430131911,0.13591469131696063,0.07574499231576919,-0.03334981244802475,0.0024668619036674498,0.01796019732952118,0.04960590660572052,0.27323039376735686
flow_npe,1000,31622,N=n^(3/2),xi,100,10000,-0.048561521124094724,0.09306939296540667,0.050118280633538966,0.10456344543752225,0.0513045959584415,-0.15461601860448718,-0.048665368035435676,-0.022913131415843963,-0.007987511288374664,0.005887033753097054
flow_npe,1000,1000000,N=n^2,lambda,63,6300,0.008041402423192585,0.1155178970320673,0.08823874942840092,0.11487921073940198,0.26676337226988783,-0.16770467376708983,-0.05382133483886719,0.0035417938232421876,0.08216415405273438,0.19507914733886716
flow_npe,1000,1000000,N=n^2,sigma,63,6300,0.0010581629238431418,0.013745919543834051,0.011201321208287799,0.013677382852822264,0.020032843218909375,-0.019040017604827878,-0.008661637902259826,0.0004240059852600098,0.009994886517524719,0.023631976008415222
flow_npe,1000,1000000,N=n^2,xi,63,6300,-0.0008495386051280157,0.003496772749607069,0.002781524198159339,0.003571421212572135,0.005235858627018474,-0.006020631492137909,-0.003062514625489712,-0.0005685888230800628,0.0010755675286054612,0.004847634822130202
flow_npe,5000,5000,N=n,lambda,101,10100,-0.10181470738779198,0.29847047772277824,0.24844042107610423,0.31395674019172076,0.2745532445624323,-0.5828226470947265,-0.2628363800048828,-0.09339569091796875,0.09721519470214844,0.3447178649902344
flow_npe,5000,5000,N=n,sigma,101,10100,0.6621793746122039,0.29338515274375626,0.6621793746122039,0.7236740604691765,0.6622050425911893,0.1293843126296997,0.4655889940261841,0.7099963808059693,0.8910455250740051,1.0775533843040466
flow_npe,5000,5000,N=n,xi,101,10100,-0.7359632034216185,0.3187346794465935,0.7359632034216185,0.8013911487578123,0.7359632034216185,-1.1644224393367768,-0.9536271929740906,-0.8025242233276367,-0.47398902535438536,-0.128261224552989
flow_npe,5000,42585,N=n log(n),lambda,98,9800,-0.022270890060736213,0.14169394841533617,0.11101751911396883,0.14271754772554573,0.15869344983782088,-0.2617360382080078,-0.1059199333190918,-0.010732994079589844,0.08876588821411133,0.1687838516235351
flow_npe,5000,42585,N=n log(n),sigma,98,9800,0.05383645557627386,0.15362520623854886,0.06182488505937616,0.16204395832838692,0.06529259824022954,-0.027352286875247954,0.0009947177767753602,0.020906707644462584,0.0381653892993927,0.2020475438833234
flow_npe,5000,42585,N=n log(n),xi,98,9800,-0.0580932380175408,0.13635955504284228,0.05914673956149086,0.14757716148881156,0.05944956238400571,-0.19455114588141437,-0.047103572115302084,-0.021828514449298383,-0.007578567750751972,0.0036999435201287207
flow_npe,5000,353553,N=n^(3/2),lambda,84,8400,0.004389754704066685,0.07854813689842584,0.06058645430065337,0.07820249126330608,0.12906769434611004,-0.1365582160949707,-0.04372442245483399,0.007744712829589844,0.050768527984619144,0.11222316741943358
flow_npe,5000,353553,N=n^(3/2),sigma,84,8400,0.006154695536409106,0.01661814501207413,0.013139417611417318,0.017628254850613853,0.019822451259408676,-0.022187116742134094,-0.001459721028804779,0.0054781526327133175,0.01210531622171402,0.030865365922451014
flow_npe,5000,353553,N=n^(3/2),xi,84,8400,-0.00596856353538377,0.00866875486846843,0.007564130716380617,0.010482196849927582,0.008296281164955524,-0.022597856268286705,-0.008008273690938948,-0.004821704812347888,-0.0012715918011963368,0.006247202921658754
flow_npe,5000,2500000,other,lambda,26,2600,0.008401586092435399,0.06273941246090384,0.047832832336425775,0.06209208415083977,0.1203719241802509,-0.09211460113525391,-0.015648040771484375,0.010661506652832033,0.03359580993652343,0.10617185592651368
flow_npe,5000,2500000,other,sigma,26,2600,0.0010323690909605757,0.008143833418220269,0.006353422265786391,0.008052140190973287,0.01216087620991927,-0.009887690246105195,-0.004282259047031402,-0.00046988606452941895,0.006592658758163452,0.016908395290374755
flow_npe,5000,2500000,other,xi,26,2600,-0.001012959612103609,0.003785651901329486,0.00287616779597906,0.003847862915960221,0.0037397949569500416,-0.00730488507077098,-0.0031849695928394795,-0.0010123061016201972,0.0014980869367718697,0.002950047831982374
flow_npe,5000,25000000,N=n^2,lambda,3,300,0.05122762044270834,0.05032561544221401,0.05122762044270834,0.06567125811682963,0.11793060302734375,0.013863265991210938,0.022916183471679688,0.03423233032226562,0.07104141235351563,0.10048867797851561
flow_npe,5000,25000000,N=n^2,sigma,3,300,0.002075260082880656,0.010538983639831745,0.007861124277114868,0.008851750590628498,0.013237025340398154,-0.007558971524238587,-0.0030796724557876592,0.002519451379776001,0.007452288269996644,0.011398557782173156
flow_npe,5000,25000000,N=n^2,xi,3,300,-0.002311475649476052,0.0050737238504670445,0.0033947768062353137,0.004743912114698812,0.004409896259506544,-0.007285931199789048,-0.004279689341783524,-0.000521887019276619,0.000551532357931137,0.0014102678596973417
gaussian_npe,100,100,N=n,lambda,101,10100,1.9228906023384318,6.938679542840722,5.01118670019773,7.167014454262482,5.147668349766496,-6.620733718872071,-2.0708123016357423,0.382275390625,6.215859603881836,14.989973220825195
gaussian_npe,100,100,N=n,sigma,101,10100,2.5752222029525456,1.1296811154222683,2.5752222029525456,2.809860028060885,2.5752222029525456,0.9641689372062683,1.676888473033905,2.4342612123489378,3.3386286163330077,4.709079189300537
gaussian_npe,100,100,N=n,xi,101,10100,-1.3677520564346028,0.26973083939761133,1.3677520564346028,1.3938364573306992,1.3677520564346028,-1.7505196809768677,-1.526691083908081,-1.4368457758426667,-1.2151112043857575,-0.8794045698642731
gaussian_npe,100,460,N=n log(n),lambda,101,10100,0.7867808056821918,2.586012363791286,1.703701347879844,2.6907752613627167,1.9571557186617712,-2.9310639190673826,-0.33953826904296874,0.5702311706542968,1.505473861694336,4.747218246459961
gaussian_npe,100,460,N=n log(n),sigma,101,10100,1.541076368506592,0.8936981419219433,1.541076368506592,1.7792427764652736,1.541076368506592,0.7983754014968872,0.9978406953811646,1.223938102722168,1.6486765360832214,3.6300705957412718
gaussian_npe,100,460,N=n log(n),xi,101,10100,-1.3687509727950142,0.17279264886393012,1.3687509727950142,1.3795074875483513,1.3687509727950142,-1.5940427935123445,-1.4564725935459137,-1.3866861855983734,-1.306148611307144,-1.161133210659027
gaussian_npe,100,1000,N=n^(3/2),lambda,101,10100,-0.005597435979559883,0.7355270343754198,0.5102111272528621,0.731898158053374,0.9522338836972076,-1.0443189239501953,-0.3992704772949219,-0.09818634033203125,0.3949427032470703,0.8591356658935547
gaussian_npe,100,1000,N=n^(3/2),sigma,101,10100,1.0648267929152686,0.3705611045674218,1.0648267929152686,1.1268593840419983,1.0648267929152686,0.7223004531860352,0.8737160325050354,1.019134178161621,1.1509551119804382,1.3408687496185303
gaussian_npe,100,1000,N=n^(3/2),xi,101,10100,-1.2854606878521422,0.0967654902423395,1.2854606878521422,1.2890616864988589,1.2854606878521422,-1.4447441351413728,-1.3405307245254516,-1.2889540255069734,-1.211906884908676,-1.1414039635658264
gaussian_npe,100,10000,N=n^2,lambda,101,10100,0.03559261359790764,0.3447560081250442,0.26095841058410046,0.3448865613796369,0.8351642011887956,-0.4798113250732422,-0.18609657287597656,-0.012506561279296875,0.22809173583984374,0.6007659149169922
gaussian_npe,100,10000,N=n^2,sigma,101,10100,0.021358771040888114,0.11205096768281536,0.07784759202806076,0.11352226819559874,0.12526062110863107,-0.10747719287872315,-0.05519585371017456,0.0018519043922424316,0.06340590834617615,0.21295207142829894
gaussian_npe,100,10000,N=n^2,xi,101,10100,-0.045063667701981454,0.18969915578402655,0.09071005984661308,0.19406238456323988,0.09624190303321818,-0.49449655413627625,-0.025226816684007645,0.01489182997494936,0.039918231405317785,0.07461253330111503
gaussian_npe,500,500,N=n,lambda,101,10100,0.38306065625483443,3.0074345005154006,1.6810459084085898,3.0169266861539947,1.7700452959419475,-3.458116683959961,-0.4511298370361328,0.12716423034667967,0.8256468200683593,6.2541423034667964
gaussian_npe,500,500,N=n,sigma,101,10100,1.521337966494041,0.8646539839018653,1.521337966494041,1.7477681417973427,1.521337966494041,0.7752097702026367,1.0048083877563476,1.1840039682388306,1.5189099597930908,3.5869558000564576
gaussian_npe,500,500,N=n,xi,101,10100,-1.3881702193234222,0.14564975900158608,1.3881702193234222,1.3957150038500348,1.3881702193234222,-1.6233067226409912,-1.4913598263263703,-1.3757685482501985,-1.3134770584106445,-1.1978067398071288
gaussian_npe,500,3107,N=n log(n),lambda,101,10100,-0.001313933570786271,0.3083679240525333,0.22765863626310143,0.30684036593712277,0.4286438932513247,-0.4557673645019531,-0.18746696472167967,-0.036615753173828126,0.13395301818847657,0.5512382507324218
gaussian_npe,500,3107,N=n log(n),sigma,101,10100,1.096954778232197,0.1631829074705113,1.096954778232197,1.1089070279627549,1.096954778232197,0.862482042312622,1.0112189722061158,1.0868227696418762,1.1980909538269042,1.3444272518157958
gaussian_npe,500,3107,N=n log(n),xi,101,10100,-1.2828662765616239,0.08243911709015778,1.2828662765616239,1.2854862124415443,1.2828662765616239,-1.3954067873954772,-1.3382906007766724,-1.2959259939193726,-1.223205349445343,-1.1515359282493591
gaussian_npe,500,11180,N=n^(3/2),lambda,101,10100,0.00531615984321821,0.2456499569527151,0.19584788785122412,0.24448864705040765,0.4041616345396137,-0.3902162170410156,-0.16505180358886717,0.008399200439453126,0.14296432495117187,0.4268048858642578
gaussian_npe,500,11180,N=n^(3/2),sigma,101,10100,0.7457052642520111,0.38829163448774656,0.7467212832564174,0.8398535338819024,0.7469333302148499,0.14791404128074645,0.42194095611572263,0.7293809199333191,1.0641152548789978,1.285323212146759
gaussian_npe,500,11180,N=n^(3/2),xi,101,10100,-1.1168570906130393,0.2690407224800413,1.1168570906130393,1.1484929293323782,1.1168570906130393,-1.3849060976505279,-1.3130289387702943,-1.1929606878757477,-1.0089885449409486,-0.5860522311925888
gaussian_npe,500,250000,N=n^2,lambda,95,9500,0.17747550884046054,1.4626504951485426,0.29448551218133223,1.465716408675312,0.5290017539576479,-0.2612417526245117,-0.09621360778808594,0.03324020385742187,0.15570236206054688,0.34395700073242186
gaussian_npe,500,250000,N=n^2,sigma,95,9500,0.05855947087940418,0.588206726307186,0.08976717389257331,0.5880258450718389,0.11082043251238372,-0.06571073067188263,-0.021321075558662417,-0.00013524889945983886,0.020511231422424316,0.05532354605197905
gaussian_npe,500,250000,N=n^2,xi,95,9500,0.0038153607853149106,0.044922821563061544,0.015266967708342953,0.044848346004606764,0.01906945495621154,-0.025597487442195414,-0.007718239799141884,-0.0008188127726316452,0.008644425347447394,0.022971563488245004
gaussian_npe,1000,1000,N=n,lambda,101,10100,0.08595967283343321,0.8697527493153696,0.48030117450374193,0.8696948371988351,0.5619109178297591,-0.8863477325439453,-0.32145172119140625,0.025769119262695313,0.2216339874267578,1.130193557739258
gaussian_npe,1000,1000,N=n,sigma,101,10100,1.0894333251868142,0.48173753792267054,1.0894333251868142,1.1902261517246122,1.0894333251868142,0.6923823332786561,0.9022727108001709,1.014012975692749,1.1334908652305602,1.375498158931732
gaussian_npe,1000,1000,N=n,xi,101,10100,-1.303225976110685,0.09609552385231511,1.303225976110685,1.3067290711196045,1.303225976110685,-1.447429529428482,-1.361992141008377,-1.2973716378211975,-1.237191505432129,-1.155136696100235
gaussian_npe,1000,6907,N=n log(n),lambda,101,10100,0.03516721517732828,0.23236761799425512,0.1854537691928373,0.23387355948804853,0.31222065689540146,-0.3364105224609375,-0.11234786987304687,0.00507354736328125,0.22180343627929688,0.40023910522460937
gaussian_npe,1000,6907,N=n log(n),sigma,101,10100,1.0803715114310237,0.22351028487939495,1.0803715114310237,1.1030253070109832,1.0803715114310237,0.6813273501396179,0.9822698259353637,1.1110687732696534,1.2300805521011353,1.3810791850090027
gaussian_npe,1000,6907,N=n log(n),xi,101,10100,-1.288125600307295,0.08350820698832102,1.288125600307295,1.2908029040301146,1.288125600307295,-1.4098955249786378,-1.3396555697917938,-1.2959735941886903,-1.2453703415393829,-1.1408371210098267
gaussian_npe,1000,31622,N=n^(3/2),lambda,100,10000,0.03966293334960938,0.2091667100644378,0.1765862365722656,0.21186399825143568,0.30132151641845706,-0.28223582458496094,-0.10970432281494141,0.054209022521972655,0.20717573165893555,0.33123193359374997
gaussian_npe,1000,31622,N=n^(3/2),sigma,100,10000,0.4911946092844009,0.3276142447909647,0.49432775242328636,0.5895166890310314,0.4950305709600448,0.05241414761543275,0.2320321500301361,0.4442450845241547,0.689130458831787,1.116520070195198
gaussian_npe,1000,31622,N=n^(3/2),xi,100,10000,-0.9938917674712836,0.3309340104077925,0.9950254596866667,1.047016232681868,0.9950254596866667,-1.3359144085049628,-1.2328345397114755,-1.089155285358429,-0.809155405908823,-0.30548276042193223
gaussian_npe,1000,1000000,N=n^2,lambda,70,7000,0.6209705211094448,3.0524751643476025,0.759977213178362,3.093557883649391,0.9067038127354212,-0.2876155052185058,-0.08106693267822265,-0.009002151489257813,0.07694622039794922,0.3927612037658689
gaussian_npe,1000,1000000,N=n^2,sigma,70,7000,0.21754988549436846,1.0518459797286521,0.2533593512092318,1.0667251237678306,0.2650151512793132,-0.06024841773509979,-0.03297030478715896,-0.00670579195022583,0.028414129018783568,0.08683422291278839
gaussian_npe,1000,1000000,N=n^2,xi,70,7000,5.0840619419301774e-05,0.05692699829660303,0.03239984338091952,0.05651893706070566,0.033559441060892176,-0.053410561613738534,-0.023615576550364493,-0.006284358948469161,0.016656244145706295,0.05981410897150634
gaussian_npe,5000,5000,N=n,lambda,101,10100,0.0014394038738590627,0.20390415132234824,0.15825323425897275,0.20289731961210458,0.19412618807046722,-0.33364990234375,-0.1363240051269531,0.018685379028320313,0.11585487365722656,0.2950213623046875
gaussian_npe,5000,5000,N=n,sigma,101,10100,1.1264017871582863,0.15534484420243466,1.1264017871582863,1.1369582559779534,1.1264017871582863,0.8807908511161804,1.0162940526008606,1.1447534036636353,1.220214114189148,1.3643965411186219
gaussian_npe,5000,5000,N=n,xi,101,10100,-1.2866944112754104,0.0732048040551925,1.2866944112754104,1.2887545897102426,1.2866944112754104,-1.4130473017692566,-1.340818750858307,-1.2834842085838318,-1.2313418865203858,-1.1694376289844512
gaussian_npe,5000,42585,N=n log(n),lambda,99,9900,0.008000707144689078,0.20514528762149803,0.16052454322275492,0.20426331900074451,0.19660494101167933,-0.33455972290039065,-0.09616611480712892,-0.0006992340087890625,0.14202892303466796,0.34150634002685537
gaussian_npe,5000,42585,N=n log(n),sigma,99,9900,0.6081541996772842,0.33453926862014893,0.6083544209990839,0.693280306162173,0.6084115936780217,0.21251476335525513,0.3531778848171234,0.5589883160591126,0.8363118004798888,1.308218546628952
gaussian_npe,5000,42585,N=n log(n),xi,99,9900,-1.1443752690878781,0.23313759904995043,1.1443752690878781,1.1676467252442626,1.1443752690878781,-1.4063817377090453,-1.3053086107969285,-1.2067802357673645,-1.0302062380313872,-0.6571694602370266
gaussian_npe,5000,353553,N=n^(3/2),lambda,85,8500,0.6692852666518269,3.556464769298942,0.7903197928035961,3.598274479174357,0.8312120603673598,-0.2584482116699219,-0.10751861572265625,-0.0025122833251953127,0.1329180145263672,0.26382591247558584
gaussian_npe,5000,353553,N=n^(3/2),sigma,85,8500,0.1773179397723254,0.9153972728486375,0.21329054539343895,0.9271114054491818,0.21595541829221393,-0.08191434860229492,-0.02520614266395569,0.005589191913604736,0.033497071266174315,0.15100606966018673
gaussian_npe,5000,353553,N=n^(3/2),xi,85,8500,-0.05868860733509063,0.16823369201977378,0.08187222738651667,0.17723982704068464,0.08195207802337758,-0.403981435239315,-0.05035456851124764,-0.011583542376756668,0.013521244674921036,0.05680090251564979
