method,n,N,N_label,param,seed_count,coverage_80_mean,coverage_80_sd,coverage_80_q05,coverage_80_q25,coverage_80_median,coverage_80_q75,coverage_80_q95,coverage_90_mean,coverage_90_sd,coverage_90_q05,coverage_90_q25,coverage_90_median,coverage_90_q75,coverage_90_q95,coverage_95_mean,coverage_95_sd,coverage_95_q05,coverage_95_q25,coverage_95_median,coverage_95_q75,coverage_95_q95
flow_npe,100,100,N=n,A,101,0.9977227720883813,0.019281140616549817,1.0,1.0,1.0,1.0,1.0,1.0,0.0,1.0,1.0,1.0,1.0,1.0,1.0,0.0,1.0,1.0,1.0,1.0,1.0
flow_npe,100,100,N=n,B,101,0.914554455382104,0.2691747565142129,0.0,1.0,1.0,1.0,1.0,0.9814851484676399,0.10989436862476107,0.9900000095367432,1.0,1.0,1.0,1.0,0.9910891089256447,0.08955334697062693,1.0,1.0,1.0,1.0,1.0
flow_npe,100,100,N=n,g,101,0.6764356438992637,0.451605102642739,0.0,0.0,1.0,1.0,1.0,0.9405940594059405,0.2375618731285735,0.0,1.0,1.0,1.0,1.0,0.9992079209573198,0.00796029586103244,1.0,1.0,1.0,1.0,1.0
flow_npe,100,100,N=n,k,101,0.7736633655495277,0.37941460939389327,0.0,0.7300000190734863,1.0,1.0,1.0,0.9057425754052577,0.26312486175859445,0.019999999552965164,1.0,1.0,1.0,1.0,0.9466336636001816,0.21059096484670492,0.6299999952316284,1.0,1.0,1.0,1.0
flow_npe,100,460,N=n log(n),A,101,0.9943564374848167,0.019819980340861503,0.9700000286102295,1.0,1.0,1.0,1.0,0.9996039607737324,0.002416934632232241,1.0,1.0,1.0,1.0,1.0,1.0,0.0,1.0,1.0,1.0,1.0,1.0
flow_npe,100,460,N=n log(n),B,101,1.0,0.0,1.0,1.0,1.0,1.0,1.0,1.0,0.0,1.0,1.0,1.0,1.0,1.0,1.0,0.0,1.0,1.0,1.0,1.0,1.0
flow_npe,100,460,N=n log(n),g,101,0.3229702972244508,0.4239659063322556,0.0,0.0,0.009999999776482582,0.8199999928474426,1.0,0.9800990091101958,0.09624443110778735,0.8399999737739563,1.0,1.0,1.0,1.0,1.0,0.0,1.0,1.0,1.0,1.0,1.0
flow_npe,100,460,N=n log(n),k,101,0.9770297025247375,0.1228050871183363,0.9599999785423279,1.0,1.0,1.0,1.0,1.0,0.0,1.0,1.0,1.0,1.0,1.0,1.0,0.0,1.0,1.0,1.0,1.0,1.0
flow_npe,100,1000,N=n^(3/2),A,101,0.9781188150443653,0.027302485597201262,0.9300000071525574,0.9599999785423279,0.9900000095367432,1.0,1.0,0.9973267340424037,0.007986373236820164,0.9800000190734863,1.0,1.0,1.0,1.0,0.9995049509671655,0.0025985500511259084,1.0,1.0,1.0,1.0,1.0
flow_npe,100,1000,N=n^(3/2),B,101,1.0,0.0,1.0,1.0,1.0,1.0,1.0,1.0,0.0,1.0,1.0,1.0,1.0,1.0,1.0,0.0,1.0,1.0,1.0,1.0,1.0
flow_npe,100,1000,N=n^(3/2),g,101,0.24930693163066217,0.396641545807876,0.0,0.0,0.009999999776482582,0.30000001192092896,1.0,0.9478217826621367,0.1901557463768193,0.6000000238418579,1.0,1.0,1.0,1.0,1.0,0.0,1.0,1.0,1.0,1.0,1.0
flow_npe,100,1000,N=n^(3/2),k,101,1.0,0.0,1.0,1.0,1.0,1.0,1.0,1.0,0.0,1.0,1.0,1.0,1.0,1.0,1.0,0.0,1.0,1.0,1.0,1.0,1.0
flow_npe,100,10000,N=n^2,A,101,0.7792079200839052,0.07695041597112728,0.6700000166893005,0.7099999785423279,0.7799999713897705,0.8299999833106995,0.9200000166893005,0.9063366362363985,0.050074402229298196,0.8199999928474426,0.8700000047683716,0.9100000262260437,0.9399999976158142,0.9800000190734863,0.9692079259617494,0.025561036083871988,0.9300000071525574,0.949999988079071,0.9700000286102295,0.9900000095367432,1.0
flow_npe,100,10000,N=n^2,B,101,0.9492079226097258,0.04291114732338578,0.8700000047683716,0.9300000071525574,0.9599999785423279,0.9800000190734863,1.0,0.9935643613928615,0.011187859217856954,0.9700000286102295,0.9900000095367432,1.0,1.0,1.0,0.9995049509671655,0.0021800151795118095,1.0,1.0,1.0,1.0,1.0
flow_npe,100,10000,N=n^2,g,101,0.7441584132980592,0.19920977610839416,0.4000000059604645,0.6000000238418579,0.800000011920929,0.8999999761581421,0.9900000095367432,0.9407920850680607,0.11722357616784448,0.7799999713897705,0.9300000071525574,0.9700000286102295,1.0,1.0,0.9983168326982177,0.009281085865721721,0.9900000095367432,1.0,1.0,1.0,1.0
flow_npe,100,10000,N=n^2,k,101,0.9952475245636289,0.02468173768544464,1.0,1.0,1.0,1.0,1.0,1.0,0.0,1.0,1.0,1.0,1.0,1.0,1.0,0.0,1.0,1.0,1.0,1.0,1.0
flow_npe,500,500,N=n,A,101,0.989207921641888,0.04590605855558042,0.9599999785423279,1.0,1.0,1.0,1.0,0.9998019803868662,0.0014001401002924805,1.0,1.0,1.0,1.0,1.0,1.0,0.0,1.0,1.0,1.0,1.0,1.0
flow_npe,500,500,N=n,B,101,0.9798019803175242,0.12597603131762844,1.0,1.0,1.0,1.0,1.0,0.9965346532292886,0.024512677698879378,1.0,1.0,1.0,1.0,1.0,1.0,0.0,1.0,1.0,1.0,1.0,1.0
flow_npe,500,500,N=n,g,101,0.6314851480840457,0.4464961052607416,0.0,0.009999999776482582,0.9900000095367432,1.0,1.0,0.9571287127414553,0.1834684531233058,0.800000011920929,1.0,1.0,1.0,1.0,1.0,0.0,1.0,1.0,1.0,1.0,1.0
flow_npe,500,500,N=n,k,101,0.8906930698137178,0.29018014211363796,0.0,1.0,1.0,1.0,1.0,0.9907920791371034,0.061183056666486664,1.0,1.0,1.0,1.0,1.0,1.0,0.0,1.0,1.0,1.0,1.0,1.0
flow_npe,500,3107,N=n log(n),A,101,0.824059404654078,0.12098080967779434,0.6200000047683716,0.75,0.8600000143051147,0.9100000262260437,0.9599999785423279,0.9296039661558548,0.07208219016537072,0.7900000214576721,0.8999999761581421,0.9599999785423279,0.9800000190734863,1.0,0.9782178248509322,0.03447886673640156,0.9100000262260437,0.9700000286102295,0.9900000095367432,1.0,1.0
flow_npe,500,3107,N=n log(n),B,101,0.919108913381501,0.1298699284647802,0.6499999761581421,0.8999999761581421,0.9800000190734863,1.0,1.0,0.9783168340673541,0.06141773939253969,0.8999999761581421,0.9900000095367432,1.0,1.0,1.0,0.9983168321080728,0.010398973122811569,0.9900000095367432,1.0,1.0,1.0,1.0
flow_npe,500,3107,N=n log(n),g,101,0.9566336651839832,0.126049808560777,0.6000000238418579,0.9900000095367432,1.0,1.0,1.0,0.9905940601141145,0.04066501591832519,0.9599999785423279,1.0,1.0,1.0,1.0,1.0,0.0,1.0,1.0,1.0,1.0,1.0
flow_npe,500,3107,N=n log(n),k,101,0.9768316831144661,0.13875107733275494,0.949999988079071,1.0,1.0,1.0,1.0,0.9998019803868662,0.0019900724825371537,1.0,1.0,1.0,1.0,1.0,1.0,0.0,1.0,1.0,1.0,1.0,1.0
flow_npe,500,11180,N=n^(3/2),A,101,0.7802970297265761,0.0815163247779912,0.6000000238418579,0.75,0.7900000214576721,0.8299999833106995,0.8899999856948853,0.8913861395108817,0.06482329579410966,0.7599999904632568,0.8500000238418579,0.8999999761581421,0.9399999976158142,0.9700000286102295,0.9505940640326773,0.041588989929133,0.8799999952316284,0.9300000071525574,0.9599999785423279,0.9800000190734863,0.9900000095367432
flow_npe,500,11180,N=n^(3/2),B,101,0.9226732737947219,0.05873484875676712,0.8100000023841858,0.8799999952316284,0.9300000071525574,0.9700000286102295,0.9900000095367432,0.9847524803463775,0.020228398269905176,0.9399999976158142,0.9800000190734863,0.9900000095367432,1.0,1.0,0.9978217842555283,0.005404430134844746,0.9900000095367432,1.0,1.0,1.0,1.0
flow_npe,500,11180,N=n^(3/2),g,101,0.9800990135362833,0.03386724222458628,0.9100000262260437,0.9800000190734863,0.9900000095367432,1.0,1.0,0.9974257444391156,0.006731040098890383,0.9900000095367432,1.0,1.0,1.0,1.0,0.9986138627080634,0.004478768545072607,0.9900000095367432,1.0,1.0,1.0,1.0
flow_npe,500,11180,N=n^(3/2),k,101,0.9769306950049825,0.0695664083829118,0.8600000143051147,1.0,1.0,1.0,1.0,0.9998019803868662,0.001400140100292481,1.0,1.0,1.0,1.0,1.0,1.0,0.0,1.0,1.0,1.0,1.0,1.0
flow_npe,500,250000,N=n^2,A,101,0.7905940566912736,0.0485555731651179,0.7099999785423279,0.7699999809265137,0.7900000214576721,0.8199999928474426,0.8500000238418579,0.8925742565995396,0.035851179929807915,0.8399999737739563,0.8700000047683716,0.8899999856948853,0.9200000166893005,0.9399999976158142,0.9435643565536725,0.029684486310069057,0.8899999856948853,0.9300000071525574,0.949999988079071,0.9700000286102295,0.9800000190734863
flow_npe,500,250000,N=n^2,B,101,0.8290098999986554,0.05843808819775036,0.699999988079071,0.8100000023841858,0.8299999833106995,0.8600000143051147,0.9100000262260437,0.9207920815685008,0.03662466877526384,0.8500000238418579,0.8999999761581421,0.9300000071525574,0.949999988079071,0.9700000286102295,0.965643569974616,0.02475544151736422,0.9300000071525574,0.949999988079071,0.9700000286102295,0.9800000190734863,0.9900000095367432
flow_npe,500,250000,N=n^2,g,101,0.9348514888546254,0.05317168412848122,0.8100000023841858,0.9100000262260437,0.949999988079071,0.9700000286102295,0.9900000095367432,0.981287135346101,0.023480348364026713,0.9399999976158142,0.9700000286102295,0.9900000095367432,1.0,1.0,0.9962376267603128,0.00772676514599176,0.9800000190734863,0.9900000095367432,1.0,1.0,1.0
flow_npe,500,250000,N=n^2,k,101,0.8717821795161408,0.060173021354418973,0.7699999809265137,0.8399999737739563,0.8799999952316284,0.9100000262260437,0.949999988079071,0.9608910945382448,0.03069524756661293,0.9200000166893005,0.949999988079071,0.9700000286102295,0.9800000190734863,1.0,0.9893069385301949,0.012981321411082217,0.9700000286102295,0.9800000190734863,0.9900000095367432,1.0,1.0
flow_npe,1000,1000,N=n,A,101,0.9473267356948097,0.09705556327372991,0.7599999904632568,0.9399999976158142,0.9800000190734863,1.0,1.0,0.9925742586060325,0.0322692895720829,0.9700000286102295,1.0,1.0,1.0,1.0,0.9992079209573198,0.006112800990084321,1.0,1.0,1.0,1.0,1.0
flow_npe,1000,1000,N=n,B,101,0.9100000017350263,0.19590814169279092,0.3700000047683716,0.9300000071525574,1.0,1.0,1.0,0.9819801980906194,0.0867527515924015,0.9399999976158142,1.0,1.0,1.0,1.0,0.999009901344186,0.009000547349136795,1.0,1.0,1.0,1.0,1.0
flow_npe,1000,1000,N=n,g,101,0.8773267337001196,0.2634269962280161,0.20000000298023224,0.9599999785423279,1.0,1.0,1.0,0.9870297032417638,0.0934509977111566,1.0,1.0,1.0,1.0,1.0,1.0,0.0,1.0,1.0,1.0,1.0,1.0
flow_npe,1000,1000,N=n,k,101,0.9780198019920009,0.10408669144528107,0.9599999785423279,1.0,1.0,1.0,1.0,1.0,0.0,1.0,1.0,1.0,1.0,1.0,1.0,0.0,1.0,1.0,1.0,1.0,1.0
flow_npe,1000,6907,N=n log(n),A,101,0.8047524740790376,0.11141448796329077,0.5699999928474426,0.7599999904632568,0.8299999833106995,0.8799999952316284,0.9200000166893005,0.9084158439447384,0.08186248073014984,0.7300000190734863,0.8899999856948853,0.9300000071525574,0.9599999785423279,0.9900000095367432,0.9608910927678099,0.05073655473633668,0.8500000238418579,0.949999988079071,0.9800000190734863,0.9900000095367432,1.0
flow_npe,1000,6907,N=n log(n),B,101,0.9085148558168128,0.10437802711822261,0.6800000071525574,0.8600000143051147,0.9399999976158142,0.9800000190734863,1.0,0.9801980227527052,0.03655079245641173,0.8899999856948853,0.9800000190734863,1.0,1.0,1.0,0.9967326752030023,0.008844081189813632,0.9800000190734863,1.0,1.0,1.0,1.0
flow_npe,1000,6907,N=n log(n),g,101,0.9835643591267047,0.06579641588077297,0.9200000166893005,0.9900000095367432,1.0,1.0,1.0,0.9979207922916601,0.01601979209119906,0.9900000095367432,1.0,1.0,1.0,1.0,0.9999009901934331,0.0009950362412685769,1.0,1.0,1.0,1.0,1.0
flow_npe,1000,6907,N=n log(n),k,101,0.9631683165484136,0.1155935180333077,0.7200000286102295,1.0,1.0,1.0,1.0,0.9993069307638867,0.006965259619763866,1.0,1.0,1.0,1.0,1.0,1.0,0.0,1.0,1.0,1.0,1.0,1.0
flow_npe,1000,31622,N=n^(3/2),A,101,0.7619801978073498,0.06745397945605135,0.6600000262260437,0.7200000286102295,0.7599999904632568,0.8100000023841858,0.8700000047683716,0.8771287114313333,0.04848374355054461,0.800000011920929,0.8500000238418579,0.8799999952316284,0.9100000262260437,0.949999988079071,0.93821782463848,0.03511113995043036,0.8799999952316284,0.9200000166893005,0.9399999976158142,0.9599999785423279,0.9900000095367432
flow_npe,1000,31622,N=n^(3/2),B,101,0.8655445546206861,0.062281221686301444,0.75,0.8199999928474426,0.8700000047683716,0.8999999761581421,0.9599999785423279,0.9500000046031309,0.03736308747484492,0.8700000047683716,0.9300000071525574,0.9599999785423279,0.9800000190734863,1.0,0.9850495115365132,0.018089983179391426,0.949999988079071,0.9800000190734863,0.9900000095367432,1.0,1.0
flow_npe,1000,31622,N=n^(3/2),g,101,0.9272277275524518,0.06548463791517144,0.8399999737739563,0.9100000262260437,0.9399999976158142,0.9700000286102295,0.9900000095367432,0.9809901059264003,0.02893112544851999,0.9399999976158142,0.9700000286102295,0.9900000095367432,1.0,1.0,0.9942574300388298,0.011344292182641689,0.9800000190734863,0.9900000095367432,1.0,1.0,1.0
flow_npe,1000,31622,N=n^(3/2),k,101,0.9632673340268655,0.060301059236388434,0.8600000143051147,0.9599999785423279,0.9900000095367432,1.0,1.0,0.9954455477176326,0.011876421681394658,0.9800000190734863,1.0,1.0,1.0,1.0,0.9995049503770205,0.004092980623981784,1.0,1.0,1.0,1.0,1.0
flow_npe,1000,1000000,N=n^2,A,101,0.8045544500398164,0.05284931088949962,0.7200000286102295,0.7699999809265137,0.8100000023841858,0.8399999737739563,0.8899999856948853,0.9049504965838819,0.03772595483477916,0.8399999737739563,0.8799999952316284,0.9100000262260437,0.9300000071525574,0.9599999785423279,0.9510891107049319,0.027636973475489112,0.8899999856948853,0.9399999976158142,0.949999988079071,0.9700000286102295,0.9900000095367432
flow_npe,1000,1000000,N=n^2,B,101,0.8296039611986368,0.051262477664194596,0.75,0.7900000214576721,0.8299999833106995,0.8700000047683716,0.9100000262260437,0.9209900988210545,0.034278419104238934,0.8500000238418579,0.8999999761581421,0.9300000071525574,0.949999988079071,0.9700000286102295,0.9631683254005885,0.023320840797297186,0.9200000166893005,0.949999988079071,0.9700000286102295,0.9800000190734863,0.9900000095367432
flow_npe,1000,1000000,N=n^2,g,101,0.8720792095259865,0.11286555903897369,0.75,0.8600000143051147,0.8899999856948853,0.9300000071525574,0.9599999785423279,0.949603968106284,0.09403106949761247,0.8700000047683716,0.949999988079071,0.9700000286102295,0.9800000190734863,1.0,0.9860396101923272,0.01871251877448949,0.9399999976158142,0.9800000190734863,0.9900000095367432,1.0,1.0
flow_npe,1000,1000000,N=n^2,k,101,0.8415841572355516,0.05522196682663232,0.75,0.8100000023841858,0.8500000238418579,0.8799999952316284,0.9200000166893005,0.9407920837402344,0.03612985201789713,0.8600000143051147,0.9200000166893005,0.949999988079071,0.9700000286102295,0.9900000095367432,0.9817821873296605,0.016875784138062407,0.949999988079071,0.9700000286102295,0.9900000095367432,0.9900000095367432,1.0
flow_npe,5000,5000,N=n,A,101,0.8657425768894724,0.13633302542751313,0.5899999737739563,0.8500000238418579,0.9100000262260437,0.9599999785423279,0.9900000095367432,0.9519802060457739,0.07106363273864733,0.7900000214576721,0.949999988079071,0.9800000190734863,0.9900000095367432,1.0,0.9841584203266861,0.031345405060071815,0.9200000166893005,0.9900000095367432,1.0,1.0,1.0
flow_npe,5000,5000,N=n,B,101,0.8828712903922147,0.1849126130811328,0.4699999988079071,0.8299999833106995,0.9700000286102295,1.0,1.0,0.9750495069097764,0.07784117088538119,0.8600000143051147,0.9900000095367432,1.0,1.0,1.0,0.9935643572618466,0.03378118299045329,0.9800000190734863,1.0,1.0,1.0,1.0
flow_npe,5000,5000,N=n,g,101,0.9689108938863962,0.1329578957450439,0.9100000262260437,0.9900000095367432,1.0,1.0,1.0,0.9976237628719594,0.021078352041705894,1.0,1.0,1.0,1.0,1.0,1.0,0.0,1.0,1.0,1.0,1.0,1.0
flow_npe,5000,5000,N=n,k,101,0.9414851485318182,0.22421590603035066,0.44999998807907104,1.0,1.0,1.0,1.0,0.9998019803868662,0.0014001401002924805,1.0,1.0,1.0,1.0,1.0,1.0,0.0,1.0,1.0,1.0,1.0,1.0
flow_npe,5000,42585,N=n log(n),A,101,0.7860396032286162,0.06928317629665083,0.6499999761581421,0.75,0.800000011920929,0.8299999833106995,0.8799999952316284,0.8923762375765508,0.050222476148785535,0.8100000023841858,0.8700000047683716,0.8999999761581421,0.9300000071525574,0.949999988079071,0.9473267351046647,0.037413667510024104,0.8899999856948853,0.9399999976158142,0.949999988079071,0.9700000286102295,0.9900000095367432
flow_npe,5000,42585,N=n log(n),B,101,0.870594060657048,0.06405968841757936,0.75,0.8500000238418579,0.8799999952316284,0.9200000166893005,0.949999988079071,0.9473267380553897,0.038023443635900704,0.8600000143051147,0.9300000071525574,0.949999988079071,0.9700000286102295,1.0,0.9830693136347403,0.01973537766918666,0.9399999976158142,0.9800000190734863,0.9900000095367432,1.0,1.0
flow_npe,5000,42585,N=n log(n),g,101,0.9012871310852542,0.07594291898644313,0.800000011920929,0.8700000047683716,0.9200000166893005,0.949999988079071,0.9800000190734863,0.9687128757486249,0.03812252497788629,0.9100000262260437,0.9599999785423279,0.9800000190734863,0.9900000095367432,1.0,0.9913861444680998,0.016126354144569262,0.9700000286102295,0.9900000095367432,1.0,1.0,1.0
flow_npe,5000,42585,N=n log(n),k,101,0.924554458939203,0.13205699635676277,0.7099999785423279,0.9100000262260437,0.9800000190734863,0.9900000095367432,1.0,0.9751485161261984,0.1048199788042193,0.9200000166893005,0.9900000095367432,1.0,1.0,1.0,0.991683168281423,0.05851614118927101,0.9900000095367432,1.0,1.0,1.0,1.0
flow_npe,5000,353553,N=n^(3/2),A,101,0.7910891080846881,0.04799793517712496,0.7200000286102295,0.7599999904632568,0.7900000214576721,0.8199999928474426,0.8600000143051147,0.8948514862815933,0.031388340382059204,0.8399999737739563,0.8799999952316284,0.8999999761581421,0.9200000166893005,0.9399999976158142,0.949009901816302,0.023173477697190463,0.8999999761581421,0.9300000071525574,0.949999988079071,0.9700000286102295,0.9800000190734863
flow_npe,5000,353553,N=n^(3/2),B,101,0.8293069305986461,0.051966480994890395,0.7599999904632568,0.7900000214576721,0.8299999833106995,0.8600000143051147,0.9100000262260437,0.9216831686473129,0.030661679462574216,0.8799999952316284,0.8999999761581421,0.9200000166893005,0.9399999976158142,0.9599999785423279,0.9615841614137782,0.023610708064473213,0.9200000166893005,0.949999988079071,0.9599999785423279,0.9800000190734863,0.9900000095367432
flow_npe,5000,353553,N=n^(3/2),g,101,0.8665346523912827,0.09480965812683287,0.6399999856948853,0.8399999737739563,0.8799999952316284,0.9300000071525574,0.9599999785423279,0.9537623807935431,0.04525155497324528,0.8299999833106995,0.9399999976158142,0.9599999785423279,0.9800000190734863,1.0,0.9837623846412885,0.02009235830069316,0.9399999976158142,0.9800000190734863,0.9900000095367432,1.0,1.0
flow_npe,5000,353553,N=n^(3/2),k,101,0.8907920783109003,0.07642883265868963,0.7699999809265137,0.8600000143051147,0.8999999761581421,0.9399999976158142,0.9800000190734863,0.9586138654463362,0.0419053671493064,0.8999999761581421,0.949999988079071,0.9700000286102295,0.9800000190734863,1.0,0.980396044726419,0.027637686869734772,0.9399999976158142,0.9700000286102295,0.9900000095367432,1.0,1.0
flow_npe,5000,25000000,N=n^2,A,65,0.7978461503982544,0.05447167441738747,0.7200000286102295,0.7699999809265137,0.7900000214576721,0.8399999737739563,0.8700000047683716,0.8941538462272057,0.03811546515119663,0.821999990940094,0.8700000047683716,0.8899999856948853,0.9200000166893005,0.9399999976158142,0.9512307744759779,0.025094054609763508,0.9120000243186951,0.9300000071525574,0.949999988079071,0.9700000286102295,0.9900000095367432
flow_npe,5000,25000000,N=n^2,B,65,0.8233846160081717,0.05022689009989739,0.7420000076293946,0.800000011920929,0.8199999928474426,0.8600000143051147,0.8700000047683716,0.9173846171452449,0.03341392464888591,0.8600000143051147,0.8999999761581421,0.9200000166893005,0.9399999976158142,0.9680000185966492,0.9646153899339529,0.02312175598856617,0.9200000166893005,0.949999988079071,0.9700000286102295,0.9800000190734863,1.0
flow_npe,5000,25000000,N=n^2,g,65,0.853846157514132,0.10339082810757551,0.6620000243186951,0.800000011920929,0.8799999952316284,0.9200000166893005,0.9599999785423279,0.9390769270750192,0.06421943006069998,0.806000006198883,0.9200000166893005,0.9599999785423279,0.9800000190734863,0.9980000019073486,0.9764615444036631,0.04113358135021965,0.8999999761581421,0.9700000286102295,0.9900000095367432,1.0,1.0
flow_npe,5000,25000000,N=n^2,k,65,0.8801538485747117,0.056885090388131984,0.7719999790191651,0.8500000238418579,0.8899999856948853,0.9200000166893005,0.9579999804496765,0.9550769237371591,0.02829107163914248,0.9019999861717224,0.9399999976158142,0.9599999785423279,0.9800000190734863,0.9900000095367432,0.9830769300460815,0.0168562946972416,0.949999988079071,0.9700000286102295,0.9900000095367432,1.0,1.0
gaussian_npe,100,100,N=n,A,101,0.991980198019802,0.037683412849162115,0.96,1.0,1.0,1.0,1.0,0.9980198019801981,0.012167152664464935,1.0,1.0,1.0,1.0,1.0,0.9996039603960397,0.003980148760839961,1.0,1.0,1.0,1.0,1.0
gaussian_npe,100,100,N=n,B,101,0.9401980198019803,0.2261414610283563,0.29,1.0,1.0,1.0,1.0,0.9750495049504951,0.1450698022496497,0.99,1.0,1.0,1.0,1.0,0.9952475247524754,0.03593310616704156,1.0,1.0,1.0,1.0,1.0
gaussian_npe,100,100,N=n,g,101,0.5619801980198019,0.4682286189501453,0.0,0.0,0.96,1.0,1.0,0.9614851485148517,0.18489124445799948,0.96,1.0,1.0,1.0,1.0,0.9861386138613861,0.10679859827759634,1.0,1.0,1.0,1.0,1.0
gaussian_npe,100,100,N=n,k,101,0.8399009900990099,0.3322273169066775,0.0,0.95,1.0,1.0,1.0,0.8975247524752474,0.275301311077859,0.02,1.0,1.0,1.0,1.0,0.9578217821782178,0.1593022533449922,0.66,1.0,1.0,1.0,1.0
gaussian_npe,100,460,N=n log(n),A,101,0.956930693069307,0.07516305707270594,0.84,0.94,0.99,1.0,1.0,0.986039603960396,0.034031726606823576,0.92,0.99,1.0,1.0,1.0,0.9956435643564356,0.011350404537650493,0.97,1.0,1.0,1.0,1.0
gaussian_npe,100,460,N=n log(n),B,101,1.0,0.0,1.0,1.0,1.0,1.0,1.0,1.0,0.0,1.0,1.0,1.0,1.0,1.0,1.0,0.0,1.0,1.0,1.0,1.0,1.0
gaussian_npe,100,460,N=n log(n),g,101,0.3006930693069307,0.41608234143193956,0.0,0.0,0.0,0.75,1.0,0.9450495049504951,0.21204539024641042,0.56,1.0,1.0,1.0,1.0,1.0,0.0,1.0,1.0,1.0,1.0,1.0
gaussian_npe,100,460,N=n log(n),k,101,1.0,0.0,1.0,1.0,1.0,1.0,1.0,1.0,0.0,1.0,1.0,1.0,1.0,1.0,1.0,0.0,1.0,1.0,1.0,1.0,1.0
gaussian_npe,100,1000,N=n^(3/2),A,101,0.9548514851485149,0.04153586068413987,0.88,0.93,0.97,0.99,1.0,0.9878217821782178,0.017697681226422835,0.95,0.98,0.99,1.0,1.0,0.9962376237623762,0.009257589875179708,0.98,1.0,1.0,1.0,1.0
gaussian_npe,100,1000,N=n^(3/2),B,101,1.0,0.0,1.0,1.0,1.0,1.0,1.0,1.0,0.0,1.0,1.0,1.0,1.0,1.0,1.0,0.0,1.0,1.0,1.0,1.0,1.0
gaussian_npe,100,1000,N=n^(3/2),g,101,0.12485148514851485,0.27105576496870953,0.0,0.0,0.0,0.07,0.92,0.9956435643564356,0.030965007398163442,1.0,1.0,1.0,1.0,1.0,1.0,0.0,1.0,1.0,1.0,1.0,1.0
gaussian_npe,100,1000,N=n^(3/2),k,101,0.9943564356435645,0.056717119841969386,1.0,1.0,1.0,1.0,1.0,0.9949504950495051,0.05074689670070942,1.0,1.0,1.0,1.0,1.0,0.99990099009901,0.0009950371902099895,1.0,1.0,1.0,1.0,1.0
gaussian_npe,100,10000,N=n^2,A,101,0.8069306930693068,0.06995344986857226,0.71,0.77,0.81,0.85,0.91,0.8967326732673268,0.05623360046966741,0.81,0.87,0.9,0.93,0.97,0.9375247524752474,0.04398649657779212,0.88,0.92,0.94,0.96,0.99
gaussian_npe,100,10000,N=n^2,B,101,0.9203960396039603,0.054843792576356486,0.83,0.9,0.93,0.96,0.99,0.9825742574257423,0.024398912489967044,0.94,0.97,0.99,1.0,1.0,0.9975247524752474,0.006841920869764492,0.99,1.0,1.0,1.0,1.0
gaussian_npe,100,10000,N=n^2,g,101,0.7986138613861389,0.12530785851629814,0.57,0.73,0.81,0.9,0.96,0.9835643564356434,0.028092139769545558,0.94,0.98,1.0,1.0,1.0,0.9993069306930694,0.0029180218445290177,0.99,1.0,1.0,1.0,1.0
gaussian_npe,100,10000,N=n^2,k,101,1.0,0.0,1.0,1.0,1.0,1.0,1.0,1.0,0.0,1.0,1.0,1.0,1.0,1.0,1.0,0.0,1.0,1.0,1.0,1.0,1.0
gaussian_npe,500,500,N=n,A,101,0.96990099009901,0.08826658540472664,0.89,0.98,1.0,1.0,1.0,0.9893069306930693,0.04396037819997854,0.97,1.0,1.0,1.0,1.0,0.997128712871287,0.015642035268044013,0.99,1.0,1.0,1.0,1.0
gaussian_npe,500,500,N=n,B,101,0.9583168316831684,0.14709227924626564,0.67,1.0,1.0,1.0,1.0,1.0,0.0,1.0,1.0,1.0,1.0,1.0,1.0,0.0,1.0,1.0,1.0,1.0,1.0
gaussian_npe,500,500,N=n,g,101,0.5971287128712871,0.4500140811878299,0.0,0.01,0.96,1.0,1.0,0.9934653465346535,0.04654966473701731,1.0,1.0,1.0,1.0,1.0,1.0,0.0,1.0,1.0,1.0,1.0,1.0
gaussian_npe,500,500,N=n,k,101,0.9893069306930695,0.09380039899427481,1.0,1.0,1.0,1.0,1.0,0.9987128712871287,0.012935483472729853,1.0,1.0,1.0,1.0,1.0,1.0,0.0,1.0,1.0,1.0,1.0,1.0
gaussian_npe,500,3107,N=n log(n),A,101,0.788712871287129,0.16053450324672658,0.45,0.72,0.81,0.91,0.98,0.8862376237623762,0.12462625313430967,0.64,0.85,0.92,0.97,1.0,0.9383168316831684,0.09092930558330128,0.8,0.92,0.97,1.0,1.0
gaussian_npe,500,3107,N=n log(n),B,101,0.776138613861386,0.20237079975643574,0.44,0.63,0.82,0.96,1.0,0.9845544554455444,0.032604439957626866,0.92,0.99,1.0,1.0,1.0,0.9994059405940594,0.003693719582810215,1.0,1.0,1.0,1.0,1.0
gaussian_npe,500,3107,N=n log(n),g,101,0.9789108910891088,0.05556799420707948,0.88,0.99,1.0,1.0,1.0,1.0,0.0,1.0,1.0,1.0,1.0,1.0,1.0,0.0,1.0,1.0,1.0,1.0,1.0
gaussian_npe,500,3107,N=n log(n),k,101,0.9980198019801981,0.0143540796974378,1.0,1.0,1.0,1.0,1.0,1.0,0.0,1.0,1.0,1.0,1.0,1.0,1.0,0.0,1.0,1.0,1.0,1.0,1.0
gaussian_npe,500,11180,N=n^(3/2),A,101,0.7428712871287128,0.09117386285184331,0.59,0.69,0.75,0.81,0.87,0.8502970297029704,0.07009215998304738,0.73,0.82,0.86,0.9,0.94,0.9103960396039605,0.05329016404702105,0.83,0.89,0.92,0.95,0.98
gaussian_npe,500,11180,N=n^(3/2),B,101,0.8664356435643563,0.08393550093275004,0.68,0.83,0.88,0.92,0.97,0.9588118811881187,0.04375584826541181,0.87,0.94,0.97,0.99,1.0,0.9894059405940595,0.016175399975160924,0.95,0.98,1.0,1.0,1.0
gaussian_npe,500,11180,N=n^(3/2),g,101,0.9934653465346533,0.012282967358448575,0.97,0.99,1.0,1.0,1.0,0.9993069306930694,0.0029180218445290177,0.99,1.0,1.0,1.0,1.0,0.99990099009901,0.0009950371902099895,1.0,1.0,1.0,1.0,1.0
gaussian_npe,500,11180,N=n^(3/2),k,101,0.9973267326732673,0.014621291947629723,0.99,1.0,1.0,1.0,1.0,0.9997029702970298,0.00221605304293668,1.0,1.0,1.0,1.0,1.0,0.99990099009901,0.0009950371902099897,1.0,1.0,1.0,1.0,1.0
gaussian_npe,500,250000,N=n^2,A,101,0.7884158415841583,0.04621109549160951,0.72,0.76,0.78,0.82,0.86,0.8875247524752475,0.03587216025259867,0.83,0.86,0.89,0.91,0.94,0.9358415841584158,0.02916392726409366,0.89,0.92,0.94,0.96,0.98
gaussian_npe,500,250000,N=n^2,B,101,0.8350495049504951,0.05568884560441592,0.72,0.81,0.84,0.87,0.92,0.929009900990099,0.033985436601434126,0.86,0.91,0.94,0.95,0.97,0.9690099009900989,0.022068300817917514,0.93,0.96,0.97,0.99,1.0
gaussian_npe,500,250000,N=n^2,g,101,0.919009900990099,0.055488826812161905,0.82,0.88,0.92,0.97,0.99,0.9848514851485148,0.01863404740715976,0.95,0.98,0.99,1.0,1.0,0.9976237623762376,0.005683047571767312,0.99,1.0,1.0,1.0,1.0
gaussian_npe,500,250000,N=n^2,k,101,0.9253465346534656,0.04184648985125617,0.85,0.9,0.94,0.96,0.98,0.973861386138614,0.02485841093190403,0.92,0.96,0.98,0.99,1.0,0.9844554455445546,0.01808177245320561,0.95,0.98,0.99,1.0,1.0
gaussian_npe,1000,1000,N=n,A,101,0.9368316831683169,0.10789745773714325,0.71,0.93,0.98,1.0,1.0,0.9793069306930694,0.05958619682011219,0.9,0.99,1.0,1.0,1.0,0.9920792079207923,0.03341606893945391,0.97,1.0,1.0,1.0,1.0
gaussian_npe,1000,1000,N=n,B,101,0.8425742574257427,0.26410851355208725,0.26,0.76,1.0,1.0,1.0,0.9957425742574258,0.03308614618396846,0.99,1.0,1.0,1.0,1.0,0.99990099009901,0.0009950371902099897,1.0,1.0,1.0,1.0,1.0
gaussian_npe,1000,1000,N=n,g,101,0.8952475247524753,0.27165269761004013,0.11,1.0,1.0,1.0,1.0,1.0,0.0,1.0,1.0,1.0,1.0,1.0,1.0,0.0,1.0,1.0,1.0,1.0,1.0
gaussian_npe,1000,1000,N=n,k,101,0.9727722772277227,0.1474253628917439,0.96,1.0,1.0,1.0,1.0,0.987029702970297,0.10237719037417899,1.0,1.0,1.0,1.0,1.0,0.9931683168316832,0.06765989496103737,1.0,1.0,1.0,1.0,1.0
gaussian_npe,1000,6907,N=n log(n),A,101,0.7657425742574259,0.10646451554065764,0.57,0.71,0.79,0.85,0.9,0.875049504950495,0.07645421848892626,0.74,0.83,0.89,0.93,0.97,0.9340594059405941,0.05385495739153048,0.84,0.9,0.95,0.97,1.0
gaussian_npe,1000,6907,N=n log(n),B,101,0.8344554455445543,0.16294462401395604,0.5,0.76,0.88,0.97,1.0,0.9545544554455445,0.0587626539985261,0.84,0.94,0.98,1.0,1.0,0.9900990099009902,0.01992461038539778,0.96,0.99,1.0,1.0,1.0
gaussian_npe,1000,6907,N=n log(n),g,101,0.9997029702970297,0.0029851115706299707,1.0,1.0,1.0,1.0,1.0,1.0,0.0,1.0,1.0,1.0,1.0,1.0,1.0,0.0,1.0,1.0,1.0,1.0,1.0
gaussian_npe,1000,6907,N=n log(n),k,101,0.9998019801980198,0.00199007438041998,1.0,1.0,1.0,1.0,1.0,1.0,0.0,1.0,1.0,1.0,1.0,1.0,1.0,0.0,1.0,1.0,1.0,1.0,1.0
gaussian_npe,1000,31622,N=n^(3/2),A,101,0.7794059405940595,0.06511254536843446,0.68,0.72,0.79,0.83,0.87,0.8803960396039604,0.05370141137957563,0.78,0.84,0.89,0.92,0.95,0.934257425742574,0.03721146421879862,0.86,0.92,0.95,0.96,0.98
gaussian_npe,1000,31622,N=n^(3/2),B,101,0.8397029702970297,0.08430249635146701,0.7,0.8,0.85,0.9,0.95,0.9302970297029702,0.05354354201105029,0.84,0.9,0.94,0.97,0.98,0.9688118811881188,0.031820971974874414,0.91,0.96,0.98,0.99,1.0
gaussian_npe,1000,31622,N=n^(3/2),g,101,0.9296039603960397,0.07815268123460907,0.78,0.89,0.96,0.99,1.0,0.9851485148514851,0.03054877612560407,0.93,0.98,1.0,1.0,1.0,0.9974257425742574,0.011632150733766704,0.99,1.0,1.0,1.0,1.0
gaussian_npe,1000,31622,N=n^(3/2),k,101,0.9978217821782178,0.005933626276745045,0.99,1.0,1.0,1.0,1.0,0.9993069306930694,0.0029180218445290177,0.99,1.0,1.0,1.0,1.0,0.9998019801980198,0.0014001414355714079,1.0,1.0,1.0,1.0,1.0
gaussian_npe,1000,1000000,N=n^2,A,101,0.8174257425742575,0.04475831688851882,0.74,0.79,0.82,0.85,0.89,0.906138613861386,0.035523803203759106,0.84,0.89,0.91,0.93,0.95,0.9545544554455446,0.025865991281033375,0.91,0.94,0.96,0.97,0.99
gaussian_npe,1000,1000000,N=n^2,B,101,0.8309900990099011,0.05541669334226014,0.74,0.8,0.83,0.87,0.91,0.9240594059405939,0.0339758213387633,0.86,0.9,0.93,0.95,0.97,0.965148514851485,0.022298603605882518,0.92,0.95,0.97,0.98,1.0
gaussian_npe,1000,1000000,N=n^2,g,101,0.8888118811881188,0.07205951885369304,0.74,0.87,0.91,0.94,0.97,0.9593069306930693,0.04062652891258552,0.88,0.95,0.97,0.99,1.0,0.9854455445544554,0.023217439672592995,0.94,0.98,0.99,1.0,1.0
gaussian_npe,1000,1000000,N=n^2,k,101,0.8891089108910891,0.05902709564091715,0.78,0.86,0.9,0.93,0.96,0.9797029702970299,0.01905022023728621,0.94,0.97,0.98,0.99,1.0,0.9908910891089109,0.0112337892005316,0.97,0.99,0.99,1.0,1.0
gaussian_npe,5000,5000,N=n,A,101,0.8563366336633664,0.13775864961792583,0.6,0.82,0.89,0.95,0.98,0.9380198019801979,0.09099472294567633,0.78,0.93,0.97,0.99,1.0,0.9733663366336633,0.05124992151648181,0.87,0.97,0.99,1.0,1.0
gaussian_npe,5000,5000,N=n,B,101,0.785049504950495,0.26158984598938945,0.19,0.64,0.9,0.98,1.0,0.9403960396039603,0.11632644404501676,0.76,0.92,0.99,1.0,1.0,0.9881188118811881,0.04482661868325848,0.94,1.0,1.0,1.0,1.0
gaussian_npe,5000,5000,N=n,g,101,1.0,0.0,1.0,1.0,1.0,1.0,1.0,1.0,0.0,1.0,1.0,1.0,1.0,1.0,1.0,0.0,1.0,1.0,1.0,1.0,1.0
gaussian_npe,5000,5000,N=n,k,101,0.9863366336633664,0.10551514367404544,1.0,1.0,1.0,1.0,1.0,0.9928712871287129,0.0716426776951192,1.0,1.0,1.0,1.0,1.0,0.9983168316831683,0.016915632233569816,1.0,1.0,1.0,1.0,1.0
gaussian_npe,5000,42585,N=n log(n),A,101,0.8162376237623762,0.068262017039471,0.72,0.79,0.83,0.86,0.9,0.9133663366336635,0.04567881845500761,0.86,0.9,0.92,0.94,0.96,0.9573267326732674,0.03190269860400247,0.91,0.95,0.96,0.97,0.99
gaussian_npe,5000,42585,N=n log(n),B,101,0.8608910891089108,0.08771657779349341,0.69,0.82,0.88,0.92,0.96,0.9433663366336632,0.05394955472889043,0.84,0.92,0.96,0.98,0.99,0.9763366336633663,0.03345811627325208,0.93,0.97,0.99,1.0,1.0
gaussian_npe,5000,42585,N=n log(n),g,101,0.8242574257425744,0.15431361919580178,0.55,0.73,0.86,0.94,0.99,0.926831683168317,0.09670502254866918,0.74,0.91,0.96,0.99,1.0,0.9698019801980198,0.05749748164954361,0.87,0.97,0.99,1.0,1.0
gaussian_npe,5000,42585,N=n log(n),k,101,0.9700000000000001,0.07769169839822013,0.8,0.98,1.0,1.0,1.0,0.9961386138613861,0.02584454669866365,0.99,1.0,1.0,1.0,1.0,0.9979207920792078,0.016082091386580805,1.0,1.0,1.0,1.0,1.0
gaussian_npe,5000,353553,N=n^(3/2),A,101,0.8118811881188119,0.04855332885162723,0.73,0.78,0.81,0.85,0.88,0.9065346534653466,0.035254379687192236,0.86,0.88,0.91,0.93,0.96,0.9542574257425743,0.022642726631457832,0.92,0.94,0.96,0.97,0.99
gaussian_npe,5000,353553,N=n^(3/2),B,101,0.8276237623762377,0.06133756621926705,0.72,0.79,0.84,0.87,0.92,0.9179207920792078,0.038556888662939805,0.85,0.9,0.92,0.94,0.97,0.9630693069306931,0.025641473212646173,0.92,0.95,0.97,0.98,1.0
gaussian_npe,5000,353553,N=n^(3/2),g,101,0.863069306930693,0.11227415173812202,0.67,0.82,0.9,0.94,0.98,0.9455445544554457,0.06646014215339524,0.82,0.93,0.96,0.98,1.0,0.9784158415841585,0.03767579258004606,0.9,0.98,0.99,1.0,1.0
gaussian_npe,5000,353553,N=n^(3/2),k,101,0.8746534653465345,0.08262644076124354,0.72,0.81,0.89,0.94,0.97,0.9645544554455445,0.03395658264535014,0.9,0.94,0.97,0.99,1.0,0.989108910891089,0.016006186922624035,0.95,0.99,1.0,1.0,1.0
gaussian_npe,5000,25000000,N=n^2,A,101,0.8116831683168316,0.04745670251778336,0.73,0.78,0.82,0.85,0.88,0.9093069306930693,0.03362312970984629,0.84,0.89,0.91,0.93,0.96,0.9576237623762375,0.02045231110908911,0.92,0.95,0.96,0.97,0.99
gaussian_npe,5000,25000000,N=n^2,B,101,0.825940594059406,0.05836399948293095,0.74,0.78,0.83,0.87,0.92,0.9176237623762377,0.042735196614769065,0.86,0.89,0.92,0.95,0.97,0.96,0.02742261840160417,0.91,0.94,0.97,0.98,0.99
gaussian_npe,5000,25000000,N=n^2,g,101,0.8693069306930693,0.09291132789646885,0.7,0.83,0.9,0.93,0.97,0.9489108910891088,0.057304467366846884,0.82,0.94,0.97,0.98,1.0,0.980891089108911,0.02990314397855149,0.93,0.98,0.99,1.0,1.0
gaussian_npe,5000,25000000,N=n^2,k,101,0.8781188118811883,0.07696379501151342,0.72,0.84,0.9,0.93,0.97,0.9610891089108912,0.04017215428873611,0.9,0.95,0.97,0.99,1.0,0.9863366336633664,0.02048036973676148,0.94,0.98,0.99,1.0,1.0
